wall_elapsed_s,ros_time,map_stamp,odom_stamp,map_frame,source_odom_frame,graph_frame,goal_frame,path_frame,initial_position_error_m,initial_yaw_error_deg,static_points,dynamic_points,graph_static_points,accumulated_static_points,graph_nodes,graph_edges,graph_components,largest_component,robot_component,robot_degree,blocked_edges,path_poses,path_length_m,path_goal_error_m,path_min_clearance_m,graph_edges_checked,graph_min_clearance_m,graph_clearance_violations,robot_static_clearance_m,waypoint_path_distance_m,reached,semantic_snapshot_s,semantic_update_s,semantic_callback_s,main_loop_s
3.826672,1786670396.959134,1769605459.457861,1769605459.457861,map_start,map,map_start,,,0.000000,0.000000,364,0,109,364,22,58,1,22,22,12,0,0,0.000000,inf,inf,32,0.485995,0,1.311488,inf,0,0.002803,0.000397,0.003239,0.013552
3.828956,1786670396.959134,1769605459.457861,1769605459.457861,map_start,map,map_start,,,0.000000,0.000000,364,0,109,364,22,58,1,22,22,12,0,0,0.000000,inf,inf,32,0.485995,0,1.311488,inf,0,0.002803,0.000397,0.003239,0.000247
4.637236,1786670397.362750,1769605459.857742,1769605459.857742,map_start,map,map_start,,,0.000000,0.000000,420,0,133,432,22,57,1,22,22,11,0,0,0.000000,inf,inf,31,0.461736,0,1.039230,inf,0,0.001915,0.000395,0.002342,0.000247
5.436535,1786670397.766165,1769605460.157801,1769605460.157801,map_start,map,map_start,,,0.000000,0.000000,480,0,157,492,23,57,1,23,23,9,0,0,0.000000,inf,inf,29,0.473785,0,1.039506,inf,0,0.002107,0.000400,0.002529,0.010224
6.235814,1786670398.164826,1769605460.557768,1769605460.557768,map_start,map,map_start,,,0.000000,0.000000,536,0,181,544,21,46,1,21,21,7,0,0,0.000000,inf,inf,25,0.473785,0,1.039506,inf,0,0.002039,0.000467,0.002533,0.010224
7.033993,1786670398.563080,1769605460.857878,1769605460.957700,map_start,map,map_start,,,0.000000,0.000000,548,0,185,568,22,49,1,22,22,7,0,0,0.000000,inf,inf,26,0.473785,0,1.039506,inf,0,0.000461,0.000099,0.000565,0.004465
7.837635,1786670398.967370,1769605461.257947,1769605461.257947,map_start,map,map_start,,,0.000000,0.000000,560,0,201,584,22,50,1,22,22,8,0,0,0.000000,inf,inf,28,0.478615,0,1.041107,inf,0,0.001918,0.000391,0.002332,0.009220
8.637243,1786670399.366791,1769605461.557801,1769605461.657746,map_start,map,map_start,,,0.000000,0.000000,564,0,204,588,22,52,1,22,22,8,0,0,0.000000,inf,inf,28,0.478615,0,1.041107,inf,0,0.002087,0.000396,0.002509,0.010050
9.439501,1786670399.766047,1769605461.957834,1769605461.957834,map_start,map,map_start,map_start,map_start,0.000000,0.000000,560,0,207,596,24,64,1,24,24,8,0,4,8.414288,0.000000,0.686913,38,0.478615,0,1.041107,inf,0,0.002296,0.000492,0.002819,0.013119
10.235412,1786670400.165400,1769605462.357857,1769605462.357857,map_start,map,map_start,map_start,map_start,0.000000,0.000000,576,0,215,608,23,62,1,23,23,8,0,4,8.396420,0.000000,0.676005,37,0.473531,0,1.039914,0.137101,0,0.001910,0.000390,0.002321,0.010610
11.042989,1786670400.569133,1769605462.657860,1769605462.757703,map_start,map,map_start,map_start,map_start,0.000000,0.000000,624,0,231,656,26,71,1,26,26,8,0,4,8.396420,0.000000,0.676005,41,0.467247,0,1.039914,0.150000,0,0.002115,0.000398,0.002543,0.010610
11.843933,1786670400.967566,1769605463.057787,1769605463.057787,map_start,map,map_start,map_start,map_start,0.000000,0.000000,632,0,231,664,26,70,1,26,26,8,0,4,8.396420,0.000000,0.676005,41,0.467247,0,1.039914,0.150000,0,0.002277,0.000510,0.002814,0.014650
12.642417,1786670401.366822,1769605463.358770,1769605463.457826,map_start,map,map_start,map_start,map_start,0.000000,0.000000,624,0,231,672,30,73,2,28,28,7,0,7,8.868474,0.000000,0.844625,42,0.480433,0,1.039317,0.359273,0,0.002368,0.000518,0.002914,0.015019
13.437907,1786670401.766036,1769605463.757796,1769605463.757796,map_start,map,map_start,map_start,map_start,0.000000,0.000000,636,0,242,704,30,73,2,28,28,7,0,7,9.099677,0.000000,0.829364,42,0.455408,0,1.039317,0.000502,0,0.002181,0.000430,0.002637,0.012720
14.248927,1786670402.170084,1769605464.057722,1769605464.157863,map_start,map,map_start,map_start,map_start,0.000000,0.000000,652,0,245,708,28,73,1,28,28,8,0,7,9.030992,0.000000,0.830487,43,0.485456,0,1.037916,0.008411,0,0.002400,0.000434,0.002855,0.025276
15.046240,1786670402.569122,1769605464.457789,1769605464.557767,map_start,map,map_start,map_start,map_start,0.000000,0.000000,664,0,253,712,30,88,1,30,30,7,0,7,8.868074,0.000000,0.845746,45,0.485456,0,1.037916,0.000154,0,0.002125,0.000434,0.002579,0.014114
15.838247,1786670402.967841,1769605464.857798,1769605464.857798,map_start,map,map_start,map_start,map_start,0.000000,0.000000,656,0,250,716,30,88,1,30,30,7,0,7,8.868079,0.000000,0.845746,45,0.485456,0,1.037916,0.000000,0,0.000572,0.000116,0.000695,0.008819
16.642619,1786670403.366849,1769605465.157680,1769605465.257789,map_start,map,map_start,map_start,map_start,0.000000,0.000000,668,0,252,724,30,89,1,30,30,7,0,7,8.864676,0.000000,0.829547,45,0.455827,0,1.037884,0.007155,0,0.002190,0.000475,0.002688,0.014873
17.446361,1786670403.771665,1769605465.557701,1769605465.557701,map_start,map,map_start,map_start,map_start,0.000000,0.000000,660,0,262,740,30,89,1,30,30,7,0,7,8.865018,0.000000,0.829447,44,0.455827,0,1.037884,0.000000,0,0.002638,0.000543,0.003215,0.014873
18.250346,1786670404.171685,1769605465.857830,1769605465.957759,map_start,map,map_start,map_start,map_start,0.000000,0.000000,676,0,285,768,34,114,1,34,34,9,0,7,8.874502,0.000000,0.911802,55,0.486200,0,1.037884,0.000000,0,0.002015,0.000380,0.002411,0.018364
19.037946,1786670404.564973,1769605466.157845,1769605466.257717,map_start,map,map_start,map_start,map_start,0.000000,0.000000,763,0,323,831,38,97,3,36,1,0,0,0,0.000000,inf,inf,33,0.469297,0,0.809739,0.434373,0,0.001631,0.000362,0.002010,0.014377
19.838480,1786670404.965315,1769605466.557896,1769605466.657809,map_start,map,map_start,map_start,map_start,0.000000,0.000000,759,0,326,851,38,93,3,36,1,0,0,0,0.000000,inf,inf,34,0.469297,0,0.809739,inf,0,0.002899,0.000526,0.003456,0.014893
20.645249,1786670405.370055,1769605466.957787,1769605466.957787,map_start,map,map_start,map_start,map_start,0.000000,0.000000,859,0,361,947,38,89,3,36,1,0,0,0,0.000000,inf,inf,28,0.473552,0,0.809739,inf,0,0.002969,0.000576,0.003572,0.022347
21.470670,1786670405.783935,1769605467.357737,1769605467.357737,map_start,map,map_start,map_start,map_start,0.000000,0.000000,967,0,412,1047,43,91,3,41,1,0,0,0,0.000000,inf,inf,35,0.493612,0,0.580748,inf,0,0.003614,0.000807,0.004454,0.039820
22.254130,1786670406.173922,1769605467.657676,1769605467.757705,map_start,map,map_start,map_start,map_start,0.000000,0.000000,1013,0,438,1129,41,81,3,39,1,0,0,0,0.000000,inf,inf,33,0.500046,0,0.580748,inf,0,0.003401,0.000689,0.004114,0.021422
23.055596,1786670406.573033,1769605468.057817,1769605468.057817,map_start,map,map_start,map_start,map_start,0.000000,0.000000,1081,0,482,1177,47,92,3,45,1,0,0,0,0.000000,inf,inf,37,0.489514,0,0.580748,inf,0,0.003449,0.000734,0.004204,0.021422
23.856380,1786670406.976866,1769605468.357821,1769605468.457785,map_start,map,map_start,map_start,map_start,0.000000,0.000000,1259,0,556,1354,49,99,3,47,1,0,0,0,0.000000,inf,inf,45,0.494643,0,0.525080,inf,0,0.003958,0.000847,0.004841,0.026718
24.654279,1786670407.371418,1769605468.757795,1769605468.757795,map_start,map,map_start,map_start,map_start,0.000000,0.000000,1380,0,593,1511,47,99,3,45,1,0,0,0,0.000000,inf,inf,43,0.503252,0,0.525080,inf,0,0.004273,0.000873,0.005167,0.027933
25.447606,1786670407.769660,1769605469.057775,1769605469.157821,map_start,map,map_start,map_start,map_start,0.000000,0.000000,1528,0,653,1643,48,99,3,46,1,0,0,0,0.000000,inf,inf,35,0.492711,0,0.661262,inf,0,0.004132,0.000936,0.005099,0.024854
26.254426,1786670408.173055,1769605469.457753,1769605469.457753,map_start,map,map_start,map_start,map_start,0.000000,0.000000,1676,0,709,1807,42,88,3,40,1,0,0,0,0.000000,inf,inf,28,0.480965,0,0.661262,inf,0,0.004052,0.001061,0.005137,0.025390
27.050605,1786670408.571911,1769605469.857767,1769605469.857767,map_start,map,map_start,map_start,map_start,0.000000,0.000000,1735,0,738,1870,41,82,3,39,1,0,0,0,0.000000,inf,inf,28,0.492046,0,0.792622,inf,0,0.001107,0.000271,0.001385,0.025390
27.856720,1786670408.976382,1769605470.157923,1769605470.257796,map_start,map,map_start,map_start,map_start,0.000000,0.000000,1855,0,796,1974,38,78,3,36,1,0,0,0,0.000000,inf,inf,28,0.477232,0,0.826070,inf,0,0.004653,0.001111,0.005792,0.023516
28.662722,1786670409.380270,1769605470.557749,1769605470.557749,map_start,map,map_start,map_start,map_start,0.000000,0.000000,1960,0,874,2137,44,80,3,42,1,0,0,0,0.000000,inf,inf,33,0.490928,0,0.698414,inf,0,0.004915,0.001184,0.006124,0.030790
29.469931,1786670409.779016,1769605470.857691,1769605470.957817,map_start,map,map_start,map_start,map_start,0.000000,0.000000,2073,0,948,2283,47,90,3,45,1,0,0,0,0.000000,inf,inf,33,0.480954,0,0.327817,inf,0,0.005107,0.001346,0.006480,0.038292
30.264578,1786670410.178253,1769605471.257880,1769605471.257880,map_start,map,map_start,map_start,map_start,0.000000,0.000000,2115,0,992,2356,49,94,3,47,1,0,0,0,0.000000,inf,inf,38,0.491750,0,0.322917,inf,0,0.005073,0.001129,0.006225,0.038292
31.060342,1786670410.576985,1769605471.557762,1769605471.657726,map_start,map,map_start,map_start,map_start,0.000000,0.000000,2103,0,1019,2395,47,94,3,45,1,0,0,0,0.000000,inf,inf,38,0.478427,0,0.358509,inf,0,0.002606,0.000777,0.003398,0.032248
31.862619,1786670410.975857,1769605471.957796,1769605472.057874,map_start,map,map_start,map_start,map_start,0.000000,0.000000,2102,0,1046,2435,48,90,2,47,47,5,0,0,0.000000,inf,inf,41,0.454706,0,0.731921,inf,0,0.004805,0.000988,0.005816,0.036814
32.667634,1786670411.379685,1769605472.257710,1769605472.357723,map_start,map,map_start,map_start,map_start,0.000000,0.000000,2100,0,1061,2459,44,92,2,43,43,8,0,0,0.000000,inf,inf,41,0.474337,0,0.663247,inf,0,0.002796,0.000546,0.003356,0.036814
33.493722,1786670411.794735,1769605472.657699,1769605472.757741,map_start,map,map_start,map_start,map_start,0.000000,0.000000,2140,0,1104,2529,59,143,2,58,58,10,0,3,0.502263,0.000000,0.653717,51,0.468542,0,0.679784,inf,1,0.005724,0.001438,0.007191,0.060258
34.287113,1786670412.187915,1769605473.057774,1769605473.057774,map_start,map,map_start,map_start,map_start,0.000000,0.000000,2175,0,1130,2603,52,116,1,52,52,9,0,3,0.502263,0.000000,0.653717,44,0.474219,0,0.850085,inf,1,0.002632,0.000887,0.003537,0.060258
35.081797,1786670412.586972,1769605473.357780,1769605473.457622,map_start,map,map_start,map_start,map_start,0.000000,0.000000,2227,0,1211,2695,52,109,2,51,1,0,0,3,0.502263,0.000000,0.653717,30,0.471143,0,0.623690,inf,1,0.003427,0.000410,0.003843,0.058334
35.897398,1786670412.996024,1769605473.757843,1769605473.857809,map_start,map,map_start,map_start,map_start,0.000000,0.000000,2285,0,1258,2787,61,145,1,61,61,11,0,3,0.502263,0.000000,0.653717,45,0.474500,0,0.628755,inf,1,0.006736,0.001102,0.007868,0.055075
36.682089,1786670413.389570,1769605474.157850,1769605474.157850,map_start,map,map_start,map_start,map_start,0.000000,0.000000,2346,0,1303,2862,63,138,2,62,1,0,0,3,0.502263,0.000000,0.653717,38,0.472825,0,0.631157,inf,1,0.006540,0.000670,0.007223,0.072492
37.496041,1786670413.793949,1769605474.457772,1769605474.557888,map_start,map,map_start,map_start,map_start,0.000000,0.000000,2437,0,1361,2964,58,126,1,58,58,10,0,3,0.502263,0.000000,0.653717,42,0.498974,0,0.627462,inf,1,0.004082,0.000593,0.004686,0.063552
38.292143,1786670414.193557,1769605474.857772,1769605474.857772,map_start,map,map_start,map_start,map_start,0.000000,0.000000,2465,0,1367,3063,62,130,1,62,62,10,0,3,0.502263,0.000000,0.653717,47,0.496784,0,0.640527,inf,1,0.005633,0.000566,0.006208,0.063552
39.098802,1786670414.597953,1769605475.157749,1769605475.257842,map_start,map,map_start,map_start,map_start,0.000000,0.000000,2532,0,1415,3157,62,130,1,62,62,10,0,3,0.502263,0.000000,0.653717,44,0.484266,0,0.633125,inf,1,0.006982,0.000804,0.007800,0.069228
39.892392,1786670414.991597,1769605475.457880,1769605475.557784,map_start,map,map_start,map_start,map_start,0.000000,0.000000,2529,0,1423,3207,61,125,1,61,61,10,0,3,0.502263,0.000000,0.653717,44,0.487127,0,0.648332,inf,1,0.006879,0.001783,0.008689,0.065420
40.693208,1786670415.390835,1769605475.957720,1769605475.957720,map_start,map,map_start,map_start,map_start,0.000000,0.000000,2630,0,1474,3319,59,120,1,59,59,10,0,3,0.502263,0.000000,0.653717,40,0.493676,0,0.628432,inf,1,0.007659,0.000466,0.008134,0.067783
41.516969,1786670415.804240,1769605476.257735,1769605476.357736,map_start,map,map_start,map_start,map_start,0.000000,0.000000,2668,0,1522,3415,68,155,1,68,68,11,0,3,0.502263,0.000000,0.653717,42,0.486627,0,0.631164,inf,1,0.007481,0.001917,0.009431,0.067783
42.313367,1786670416.203663,1769605476.657813,1769605476.657813,map_start,map,map_start,map_start,map_start,0.000000,0.000000,2620,0,1542,3451,69,157,1,69,69,11,0,3,0.502263,0.000000,0.653717,44,0.490302,0,0.635105,inf,1,0.007719,0.001804,0.009554,0.082830
43.107367,1786670416.597960,1769605476.957803,1769605477.057748,map_start,map,map_start,map_start,map_start,0.000000,0.000000,2586,0,1561,3507,65,148,1,65,65,11,0,3,0.502263,0.000000,0.653717,40,0.483044,0,0.599237,inf,1,0.007553,0.001970,0.009550,0.082830
43.924140,1786670417.007312,1769605477.357692,1769605477.457819,map_start,map,map_start,map_start,map_start,0.000000,0.000000,2624,0,1618,3579,74,174,1,74,74,12,0,3,0.502263,0.000000,0.653717,44,0.487196,0,0.602410,inf,1,0.005910,0.001929,0.007867,0.077585
44.732163,1786670417.411964,1769605477.757705,1769605477.757705,map_start,map,map_start,map_start,map_start,0.000000,0.000000,2639,0,1667,3678,77,175,1,77,77,11,0,3,0.502263,0.000000,0.653717,46,0.503409,0,0.656388,inf,1,0.008059,0.002072,0.010158,0.104975
45.540665,1786670417.816832,1769605478.057775,1769605478.157815,map_start,map,map_start,map_start,map_start,0.000000,0.000000,2626,0,1717,3752,84,188,1,84,84,11,0,3,0.502263,0.000000,0.653717,52,0.508958,0,0.657834,inf,1,0.003552,0.001176,0.004740,0.104975
46.340359,1786670418.215966,1769605478.357828,1769605478.457741,map_start,map,map_start,map_start,map_start,0.000000,0.000000,2615,0,1726,3841,84,191,1,84,84,11,0,3,0.502263,0.000000,0.653717,50,0.485688,0,0.658685,inf,1,0.008912,0.002092,0.011029,0.115691
47.143920,1786670418.620803,1769605478.757745,1769605478.857793,map_start,map,map_start,map_start,map_start,0.000000,0.000000,2664,0,1799,3952,81,172,2,80,1,0,0,3,0.502263,0.000000,0.653717,37,0.466896,0,0.672070,inf,1,0.008226,0.002150,0.010407,0.115691
47.938777,1786670419.016032,1769605479.157781,1769605479.157781,map_start,map,map_start,map_start,map_start,0.000000,0.000000,2701,0,1856,4047,82,180,1,82,82,11,0,3,0.502263,0.000000,0.653717,53,0.475514,0,0.603182,inf,1,0.008815,0.002142,0.010984,0.114278
48.753743,1786670419.425720,1769605479.457722,1769605479.557718,map_start,map,map_start,map_start,map_start,0.000000,0.000000,2716,0,1952,4171,83,162,2,82,1,0,0,3,0.502263,0.000000,0.653717,41,0.479538,0,0.335855,inf,1,0.009082,0.002328,0.011440,0.114278
49.559393,1786670419.824448,1769605479.857860,1769605479.957710,map_start,map,map_start,map_start,map_start,0.000000,0.000000,2724,0,2004,4287,87,172,2,86,1,0,0,3,0.502263,0.000000,0.653717,47,0.470476,0,0.337619,inf,1,0.008586,0.000595,0.009188,0.128608
50.379128,1786670420.233516,1769605480.257801,1769605480.257801,map_start,map,map_start,map_start,map_start,0.000000,0.000000,2798,0,2049,4421,87,170,2,86,1,0,0,3,0.502263,0.000000,0.653717,41,0.496970,0,0.326915,inf,1,0.009930,0.002423,0.012385,0.149732
51.173348,1786670420.633056,1769605480.557717,1769605480.657696,map_start,map,map_start,map_start,map_start,0.000000,0.000000,2845,0,2094,4532,86,171,2,85,1,0,0,3,0.502263,0.000000,0.653717,45,0.488872,0,0.326409,inf,1,0.007937,0.001298,0.009249,0.144991
51.977970,1786670421.036695,1769605480.957757,1769605480.957757,map_start,map,map_start,map_start,map_start,0.000000,0.000000,2796,0,2098,4608,84,165,2,83,1,0,0,3,0.502263,0.000000,0.653717,39,0.487026,0,0.311666,inf,1,0.009802,0.002473,0.012303,0.144991
52.781647,1786670421.435570,1769605481.257692,1769605481.357685,map_start,map,map_start,map_start,map_start,0.000000,0.000000,2759,0,2121,4630,88,170,2,87,1,0,0,3,0.502263,0.000000,0.653717,46,0.478289,0,0.306346,inf,1,0.003817,0.000618,0.004444,0.157944
53.587467,1786670421.839711,1769605481.657768,1769605481.657768,map_start,map,map_start,map_start,map_start,0.000000,0.000000,2762,0,2145,4686,91,176,2,90,1,0,0,3,0.502263,0.000000,0.653717,44,0.478605,0,0.306034,inf,1,0.010349,0.002496,0.012873,0.157944
54.401070,1786670422.249083,1769605481.957730,1769605482.057734,map_start,map,map_start,map_start,map_start,0.000000,0.000000,2765,0,2178,4755,94,188,2,93,1,0,0,3,0.502263,0.000000,0.653717,49,0.478605,0,0.303355,inf,1,0.010875,0.002508,0.013411,0.169974
55.189466,1786670422.642558,1769605482.357692,1769605482.457830,map_start,map,map_start,map_start,map_start,0.000000,0.000000,2720,0,2210,4828,93,180,2,92,1,0,0,3,0.502263,0.000000,0.653717,46,0.470910,0,0.305582,inf,1,0.006940,0.001036,0.007987,0.169974
55.995808,1786670423.046282,1769605482.757811,1769605482.757811,map_start,map,map_start,map_start,map_start,0.000000,0.000000,2692,0,2232,4907,90,176,2,89,1,0,0,3,0.502263,0.000000,0.653717,45,0.475649,0,0.299934,inf,1,0.007180,0.000820,0.008008,0.161319
56.799192,1786670423.445984,1769605483.057814,1769605483.157770,map_start,map,map_start,map_start,map_start,0.000000,0.000000,2650,0,2262,4952,87,156,2,86,1,0,0,3,0.502263,0.000000,0.653717,40,0.476830,0,0.538816,inf,1,0.008272,0.000999,0.009282,0.170126
57.599030,1786670423.845344,1769605483.457763,1769605483.457763,map_start,map,map_start,map_start,map_start,0.000000,0.000000,2620,0,2273,5000,97,206,1,97,97,8,0,3,0.502263,0.000000,0.653717,58,0.486320,0,0.562195,inf,1,0.010757,0.002333,0.013117,0.176070
58.414511,1786670424.254521,1769605483.757750,1769605483.857711,map_start,map,map_start,map_start,map_start,0.000000,0.000000,2563,0,2304,5046,104,231,1,104,104,12,0,3,0.502263,0.000000,0.653717,66,0.468512,0,0.571573,inf,1,0.006696,0.001128,0.007838,0.176070
59.210706,1786670424.653592,1769605484.157765,1769605484.257813,map_start,map,map_start,map_start,map_start,0.000000,0.000000,2506,0,2320,5114,101,217,1,101,101,16,0,3,0.502263,0.000000,0.653717,70,0.470398,0,0.576144,inf,1,0.007638,0.000669,0.008314,0.182490
60.026192,1786670425.057505,1769605484.557889,1769605484.557889,map_start,map,map_start,map_start,map_start,0.000000,0.000000,2629,0,2357,7743,91,179,1,91,91,9,0,3,0.502263,0.000000,0.653717,53,0.464889,0,0.570145,inf,1,0.008006,0.001902,0.009932,0.197559
60.808281,1786670425.450536,1769605484.857750,1769605484.957796,map_start,map,map_start,map_start,map_start,0.000000,0.000000,2408,0,2354,7847,87,174,1,87,87,9,0,3,0.502263,0.000000,0.653717,52,0.471807,0,0.575022,inf,1,0.008106,0.000993,0.009112,0.185124
61.615843,1786670425.853315,1769605485.257726,1769605485.257726,map_start,map,map_start,map_start,map_start,0.000000,0.000000,2381,0,2384,7899,84,169,1,84,84,10,0,3,0.502263,0.000000,0.653717,53,0.475280,0,0.570091,inf,1,0.011020,0.002241,0.013286,0.185124
62.424466,1786670426.256763,1769605485.557824,1769605485.657712,map_start,map,map_start,map_start,map_start,0.000000,0.000000,2307,0,2418,7927,88,172,1,88,88,11,0,3,0.502263,0.000000,0.653717,49,0.473473,0,0.582687,inf,1,0.010892,0.000682,0.011582,0.197936
63.207922,1786670426.650164,1769605485.957821,1769605485.957821,map_start,map,map_start,map_start,map_start,0.000000,0.000000,2324,0,2436,7996,88,174,1,88,88,11,0,3,0.502263,0.000000,0.653717,49,0.476933,0,0.573858,inf,1,0.011550,0.002476,0.014052,0.184974
64.006360,1786670427.048984,1769605486.257750,1769605486.357854,map_start,map,map_start,map_start,map_start,0.000000,0.000000,2360,0,2465,8228,92,182,1,92,92,14,0,3,0.502263,0.000000,0.653717,52,0.470129,0,0.579981,inf,1,0.010017,0.001461,0.011494,0.184974
64.819871,1786670427.454168,1769605486.657927,1769605486.757730,map_start,map,map_start,map_start,map_start,0.000000,0.000000,2378,0,2505,8339,92,178,1,92,92,11,0,3,0.502263,0.000000,0.653717,50,0.463863,0,0.580738,inf,1,0.012332,0.002782,0.015145,0.188853
65.624214,1786670427.859244,1769605487.057713,1769605487.057713,map_start,map,map_start,map_start,map_start,0.000000,0.000000,2412,0,2555,8484,98,197,1,98,98,18,0,3,0.502263,0.000000,0.653717,61,0.467811,0,0.576861,inf,1,0.008501,0.000712,0.009223,0.193181
66.427552,1786670428.258764,1769605487.357722,1769605487.457716,map_start,map,map_start,map_start,map_start,0.000000,0.000000,2447,0,2609,8624,91,168,1,91,91,14,0,3,0.502263,0.000000,0.653717,48,0.473797,0,0.588913,inf,1,0.012776,0.002855,0.015656,0.193181
67.225076,1786670428.657765,1769605487.757697,1769605487.757697,map_start,map,map_start,map_start,map_start,0.000000,0.000000,2439,0,2635,8725,93,177,1,93,93,15,0,3,0.502263,0.000000,0.653717,51,0.474124,0,0.581059,inf,1,0.011172,0.002639,0.013840,0.196955
68.020083,1786670429.056855,1769605488.057741,1769605488.157812,map_start,map,map_start,map_start,map_start,0.000000,0.000000,2441,0,2674,8822,91,172,1,91,91,14,0,3,0.502263,0.000000,0.653717,46,0.458278,0,0.591223,inf,1,0.008993,0.000743,0.009744,0.195859
68.822103,1786670429.455107,1769605488.457772,1769605488.557808,map_start,map,map_start,map_start,map_start,0.000000,0.000000,2421,0,2674,8898,89,164,1,89,89,9,0,3,0.502263,0.000000,0.653717,42,0.469457,0,0.594682,inf,1,0.008913,0.001428,0.010352,0.192647
69.630949,1786670429.864297,1769605488.857729,1769605488.857729,map_start,map,map_start,map_start,map_start,0.000000,0.000000,2421,0,2718,8972,96,178,1,96,96,12,0,3,0.502263,0.000000,0.653717,48,0.474963,0,0.579180,inf,1,0.009653,0.001419,0.011087,0.189249
70.431996,1786670430.263566,1769605489.157711,1769605489.257666,map_start,map,map_start,map_start,map_start,0.000000,0.000000,2383,0,2735,9055,95,174,1,95,95,10,0,3,0.502263,0.000000,0.653717,45,0.527991,0,0.583627,inf,1,0.007414,0.000713,0.008135,0.200039
71.241620,1786670430.668018,1769605489.557707,1769605489.557707,map_start,map,map_start,map_start,map_start,0.000000,0.000000,2413,0,2780,9126,99,194,1,99,99,11,0,3,0.502263,0.000000,0.653717,54,0.493557,0,0.564508,inf,1,0.012582,0.002825,0.015436,0.202693
72.026428,1786670431.057290,1769605489.857742,1769605489.957707,map_start,map,map_start,map_start,map_start,0.000000,0.000000,2368,0,2815,9180,98,195,1,98,98,12,0,3,0.502263,0.000000,0.653717,48,0.481939,0,0.567994,inf,1,0.008652,0.000787,0.009447,0.211419
72.827956,1786670431.460661,1769605490.257714,1769605490.257714,map_start,map,map_start,map_start,map_start,0.000000,0.000000,2410,0,2861,9278,93,167,1,93,93,9,0,3,0.502263,0.000000,0.653717,40,0.522428,0,0.557752,inf,1,0.008138,0.000773,0.008919,0.204033
73.629639,1786670431.859772,1769605490.557827,1769605490.657820,map_start,map,map_start,map_start,map_start,0.000000,0.000000,2394,0,2896,9334,88,162,1,88,88,9,0,3,0.502263,0.000000,0.653717,33,0.500931,0,0.553227,inf,1,0.010802,0.000832,0.011644,0.204033
74.421808,1786670432.258413,1769605490.957751,1769605490.957751,map_start,map,map_start,map_start,map_start,0.000000,0.000000,2354,0,2916,9374,94,173,2,92,92,9,0,3,0.502263,0.000000,0.653717,37,0.481084,0,0.532099,inf,1,0.007761,0.000787,0.008556,0.197761
75.226247,1786670432.657304,1769605491.257684,1769605491.357753,map_start,map,map_start,map_start,map_start,0.000000,0.000000,2347,0,2935,9414,102,155,5,86,86,2,0,3,0.502263,0.000000,0.653717,27,0.496201,0,0.349805,inf,1,0.008100,0.001347,0.009461,0.199866
76.015063,1786670433.055879,1769605491.557840,1769605491.657762,map_start,map,map_start,map_start,map_start,0.000000,0.000000,2313,0,3033,10535,106,167,4,94,94,2,0,3,0.502263,0.000000,0.653717,33,0.496998,0,0.336825,inf,1,0.003949,0.000774,0.004731,0.192025
76.831086,1786670433.460334,1769605491.957763,1769605492.057817,map_start,map,map_start,map_start,map_start,0.000000,0.000000,2252,0,3054,10590,99,150,1,99,99,2,0,3,0.502263,0.000000,0.653717,32,0.467310,0,0.340185,inf,1,0.011814,0.002092,0.013924,0.208611
77.619577,1786670433.858508,1769605492.257703,1769605492.457665,map_start,map,map_start,map_start,map_start,0.000000,0.000000,2270,0,3077,10698,94,143,2,89,89,1,0,3,0.502263,0.000000,0.653717,26,0.494794,0,0.342485,inf,1,0.009881,0.000766,0.010654,0.190218
78.412871,1786670434.252040,1769605492.657767,1769605492.757841,map_start,map,map_start,map_start,map_start,0.000000,0.000000,2295,0,3145,10822,90,145,3,86,86,1,0,3,0.502263,0.000000,0.653717,22,0.516814,0,0.323478,inf,1,0.008876,0.000782,0.009666,0.190218
79.220848,1786670434.656855,1769605493.057723,1769605493.157881,map_start,map,map_start,map_start,map_start,0.000000,0.000000,2347,0,3173,10902,92,146,2,84,84,2,0,3,0.502263,0.000000,0.653717,27,0.470218,0,0.555796,inf,1,0.012140,0.003171,0.015333,0.186624
80.020831,1786670435.056102,1769605493.457758,1769605493.457758,map_start,map,map_start,map_start,map_start,0.000000,0.000000,2512,0,3211,11418,93,154,1,93,93,4,0,3,0.502263,0.000000,0.653717,31,0.470218,0,0.537005,inf,1,0.007777,0.000894,0.008680,0.196307
80.814969,1786670435.454940,1769605493.757777,1769605493.857867,map_start,map,map_start,map_start,map_start,0.000000,0.000000,2502,0,3242,11474,92,147,2,87,87,4,0,3,0.502263,0.000000,0.653717,25,0.488642,0,0.531765,inf,1,0.004737,0.000841,0.005586,0.183308
81.661317,1786670435.879410,1769605494.157702,1769605494.257715,map_start,map,map_start,map_start,map_start,0.000000,0.000000,2491,0,3249,11546,96,154,1,96,96,5,0,3,0.502263,0.000000,0.653717,29,0.481862,0,0.515185,inf,1,0.011779,0.003274,0.015083,0.183308
82.415458,1786670436.253399,1769605494.557809,1769605494.557809,map_start,map,map_start,map_start,map_start,0.000000,0.000000,2474,0,3274,11582,85,138,1,85,85,6,0,3,0.502263,0.000000,0.653717,22,0.488937,0,0.487828,inf,1,0.011888,0.002803,0.014714,0.230834
83.201674,1786670436.647166,1769605494.857645,1769605494.957916,map_start,map,map_start,map_start,map_start,0.000000,0.000000,2416,0,3300,11638,93,149,1,93,93,5,0,3,0.502263,0.000000,0.653717,27,0.476525,0,0.486774,inf,1,0.007851,0.000799,0.008657,0.186300
84.015603,1786670437.056514,1769605495.157788,1769605495.257755,map_start,map,map_start,map_start,map_start,0.000000,0.000000,2392,0,3307,11694,99,155,1,99,99,5,0,3,0.502263,0.000000,0.653717,33,0.476034,0,0.455059,inf,1,0.012845,0.002857,0.015729,0.175055
84.813870,1786670437.454777,1769605495.557817,1769605495.657726,map_start,map,map_start,map_start,map_start,0.000000,0.000000,2276,0,3315,11702,98,158,1,98,98,5,0,3,0.502263,0.000000,0.653717,34,0.474836,0,0.443418,inf,1,0.012946,0.003173,0.016152,0.192080
85.596629,1786670437.843308,1769605495.957896,1769605495.957896,map_start,map,map_start,map_start,map_start,0.000000,0.000000,2276,0,3329,11750,100,147,1,100,100,1,0,3,0.502263,0.000000,0.653717,28,0.475399,0,0.389872,inf,1,0.012486,0.002492,0.015007,0.192080
86.385362,1786670438.241605,1769605496.257860,1769605496.357758,map_start,map,map_start,map_start,map_start,0.000000,0.000000,2234,0,3339,11778,95,136,1,95,95,1,0,3,0.502263,0.000000,0.653717,18,0.476747,0,0.361478,inf,1,0.004334,0.001173,0.005519,0.159957
87.188118,1786670438.640094,1769605496.657741,1769605496.657741,map_start,map,map_start,map_start,map_start,0.000000,0.000000,2184,0,3350,11802,99,149,1,99,99,3,0,3,0.502263,0.000000,0.653717,27,0.470811,0,0.519821,inf,1,0.008130,0.000784,0.008920,0.159957
88.000073,1786670439.048626,1769605496.857750,1769605497.057921,map_start,map,map_start,map_start,map_start,0.000000,0.000000,2159,0,3359,11822,104,172,1,104,104,4,0,3,0.502263,0.000000,0.653717,33,0.496306,0,0.449977,inf,1,0.010832,0.002073,0.012931,0.169917
88.806924,1786670439.451579,1769605497.357780,1769605497.457719,map_start,map,map_start,map_start,map_start,0.000000,0.000000,2093,0,3370,11830,107,183,1,107,107,3,0,3,0.502263,0.000000,0.653717,36,0.479269,0,0.400553,inf,1,0.012606,0.003048,0.015683,0.180698
89.621123,1786670439.856040,1769605497.757814,1769605497.757814,map_start,map,map_start,map_start,map_start,0.000000,0.000000,2079,0,3388,11841,114,218,1,114,114,10,0,3,0.502263,0.000000,0.653717,46,0.477751,0,0.539216,inf,1,0.012291,0.002159,0.014470,0.180698
90.411445,1786670440.250644,1769605498.058005,1769605498.157751,map_start,map,map_start,map_start,map_start,0.000000,0.000000,2016,0,3430,11871,106,200,1,106,106,8,0,3,0.502263,0.000000,0.653717,41,0.476169,0,0.438081,inf,1,0.007609,0.000790,0.008407,0.187332
91.233969,1786670440.665530,1769605498.457874,1769605498.557814,map_start,map,map_start,map_start,map_start,0.000000,0.000000,1949,0,3469,11883,116,208,1,116,116,8,0,3,0.502263,0.000000,0.653717,41,0.475404,0,0.562534,inf,1,0.014133,0.003145,0.017305,0.187332
92.028566,1786670441.059139,1769605498.857830,1769605498.857830,map_start,map,map_start,map_start,map_start,0.000000,0.000000,1937,0,3483,11955,111,201,1,111,111,6,0,3,0.502263,0.000000,0.653717,36,0.457285,0,0.456881,inf,1,0.010633,0.000782,0.011422,0.211108
92.851705,1786670441.474065,1769605499.157753,1769605499.257765,map_start,map,map_start,map_start,map_start,0.000000,0.000000,1890,0,3506,12011,115,202,1,115,115,3,0,3,0.502263,0.000000,0.653717,32,0.457285,0,0.478338,inf,1,0.014029,0.003259,0.017321,0.222322
93.653387,1786670441.873718,1769605499.557802,1769605499.557802,map_start,map,map_start,map_start,map_start,0.000000,0.000000,1881,0,3518,12048,114,195,2,112,112,6,0,3,0.502263,0.000000,0.653717,34,0.466109,0,0.476300,inf,1,0.014199,0.002832,0.017059,0.224115
94.438393,1786670442.267799,1769605499.857714,1769605499.957681,map_start,map,map_start,map_start,map_start,0.000000,0.000000,1820,0,3535,12061,110,186,2,108,108,7,0,3,0.502263,0.000000,0.653717,34,0.478541,0,0.681564,inf,1,0.012352,0.001819,0.014189,0.224115
95.272122,1786670442.682443,1769605500.257697,1769605500.357742,map_start,map,map_start,map_start,map_start,0.000000,0.000000,1588,0,3554,12415,118,204,2,116,116,9,0,3,0.502263,0.000000,0.653717,42,0.482396,0,0.599599,inf,1,0.009025,0.000800,0.009833,0.211055
96.048896,1786670443.071361,1769605500.557714,1769605500.657831,map_start,map,map_start,map_start,map_start,0.000000,0.000000,1788,0,3561,12491,126,226,2,124,124,5,0,3,0.502263,0.000000,0.653717,44,0.486442,0,0.554926,inf,1,0.009023,0.000815,0.009845,0.245491
96.850635,1786670443.469932,1769605500.957889,1769605501.057635,map_start,map,map_start,map_start,map_start,0.000000,0.000000,1742,0,3583,12515,126,238,2,124,124,11,0,3,0.502263,0.000000,0.653717,49,0.469794,0,0.552605,inf,1,0.008857,0.000801,0.009666,0.224766
97.659895,1786670443.878538,1769605501.357745,1769605501.357745,map_start,map,map_start,map_start,map_start,0.000000,0.000000,1733,0,3645,12600,120,197,2,118,118,2,0,3,0.502263,0.000000,0.653717,35,0.477357,0,0.308816,inf,1,0.014079,0.002340,0.016440,0.218496
98.450262,1786670444.271651,1769605501.657723,1769605501.757707,map_start,map,map_start,map_start,map_start,0.000000,0.000000,1433,0,3727,12735,128,215,1,128,128,6,0,3,0.502263,0.000000,0.653717,42,0.460086,0,0.485166,inf,1,0.015049,0.003449,0.018529,0.225529
99.277560,1786670444.685549,1769605502.057740,1769605502.157821,map_start,map,map_start,map_start,map_start,0.000000,0.000000,1466,0,3795,12851,139,258,1,139,139,6,0,3,0.502263,0.000000,0.653717,51,0.477242,0,0.389641,inf,1,0.010574,0.003356,0.013952,0.225529
100.074708,1786670445.084589,1769605502.357711,1769605502.457743,map_start,map,map_start,map_start,map_start,0.000000,0.000000,1688,0,3842,13053,133,220,2,131,131,2,0,3,0.502263,0.000000,0.653717,41,0.481167,0,0.330798,inf,1,0.008831,0.000909,0.009747,0.242951
100.880010,1786670445.488508,1769605502.757712,1769605502.857950,map_start,map,map_start,map_start,map_start,0.000000,0.000000,1653,0,3963,13106,134,219,2,132,132,1,0,3,0.502263,0.000000,0.653717,44,0.461991,0,0.366071,inf,1,0.011631,0.002636,0.014290,0.251279
101.672277,1786670445.882722,1769605503.057836,1769605503.157823,map_start,map,map_start,map_start,map_start,0.000000,0.000000,1575,0,4009,13160,132,211,2,130,130,5,0,3,0.502263,0.000000,0.653717,46,0.465345,0,0.361498,inf,1,0.004214,0.000906,0.005128,0.245035
102.462334,1786670446.275996,1769605503.457798,1769605503.557725,map_start,map,map_start,map_start,map_start,0.000000,0.000000,1524,0,4033,13211,140,232,3,137,1,0,0,3,0.502263,0.000000,0.653717,43,0.466626,0,0.366838,inf,1,0.009120,0.000904,0.010032,0.245035
103.271957,1786670446.684667,1769605503.857665,1769605503.857665,map_start,map,map_start,map_start,map_start,0.000000,0.000000,1527,0,4056,13271,138,228,2,136,136,1,0,3,0.502263,0.000000,0.653717,46,0.466626,0,0.425894,inf,1,0.010553,0.001904,0.012472,0.238238
104.074500,1786670447.083349,1769605504.157561,1769605504.257913,map_start,map,map_start,map_start,map_start,0.000000,0.000000,1539,0,4123,13328,135,220,2,132,132,8,0,3,0.502263,0.000000,0.653717,47,0.476053,0,0.392668,inf,1,0.009712,0.000968,0.010690,0.240983
104.885126,1786670447.488150,1769605504.557768,1769605504.657732,map_start,map,map_start,map_start,map_start,0.000000,0.000000,1564,0,4171,13388,133,208,2,130,130,2,0,3,0.502263,0.000000,0.653717,41,0.484281,0,0.438421,inf,1,0.013183,0.003163,0.016375,0.246558
105.675630,1786670447.882923,1769605504.957775,1769605504.957775,map_start,map,map_start,map_start,map_start,0.000000,0.000000,1183,0,4199,13706,135,220,2,132,132,8,0,3,0.502263,0.000000,0.653717,48,0.484281,0,0.460334,inf,1,0.007631,0.000947,0.008588,0.258099
106.466622,1786670448.281873,1769605505.257812,1769605505.357723,map_start,map,map_start,map_start,map_start,0.000000,0.000000,1554,0,4216,13815,132,214,1,132,132,10,0,3,0.502263,0.000000,0.653717,45,0.484281,0,0.581143,inf,1,0.008340,0.000951,0.009298,0.247452
107.265241,1786670448.681046,1769605505.657798,1769605505.657798,map_start,map,map_start,map_start,map_start,0.000000,0.000000,1561,0,4257,13858,135,220,1,135,135,10,0,3,0.502263,0.000000,0.653717,46,0.484281,0,0.662463,inf,1,0.006756,0.000996,0.007761,0.240399
108.097973,1786670449.094640,1769605505.957715,1769605506.057823,map_start,map,map_start,map_start,map_start,0.000000,0.000000,1542,0,4278,13887,144,267,1,144,144,20,0,3,0.502263,0.000000,0.653717,62,0.469520,0,0.938041,inf,1,0.010964,0.001011,0.011982,0.241328
108.898760,1786670449.493777,1769605506.357789,1769605506.357789,map_start,map,map_start,map_start,map_start,0.000000,0.000000,1515,0,4317,13933,145,263,2,142,142,16,0,3,0.502263,0.000000,0.653717,56,0.474226,0,0.613777,inf,1,0.009680,0.001459,0.011149,0.267839
109.705872,1786670449.898425,1769605506.757703,1769605506.757703,map_start,map,map_start,map_start,map_start,0.000000,0.000000,1427,0,4329,13957,133,237,2,131,131,9,0,3,0.502263,0.000000,0.653717,44,0.466045,0,0.617006,inf,1,0.016565,0.002570,0.019155,0.278859
110.489933,1786670450.293092,1769605507.057894,1769605507.157859,map_start,map,map_start,map_start,map_start,0.000000,0.000000,1487,0,4363,14047,141,260,3,137,137,12,0,3,0.502263,0.000000,0.653717,53,0.470266,0,1.118312,inf,1,0.015399,0.001982,0.017396,0.278859
111.299273,1786670450.696442,1769605507.457707,1769605507.457707,map_start,map,map_start,map_start,map_start,0.000000,0.000000,1478,0,4390,14120,142,258,2,140,140,15,0,3,0.502263,0.000000,0.653717,53,0.463080,0,0.926343,inf,1,0.018020,0.003324,0.021373,0.262813
112.076979,1786670451.084491,1769605507.657883,1769605507.857690,map_start,map,map_start,map_start,map_start,0.000000,0.000000,1498,0,4444,14224,142,247,2,140,140,10,0,3,0.502263,0.000000,0.653717,52,0.495870,0,0.688006,inf,1,0.005271,0.000966,0.006244,0.274001
112.891929,1786670451.492962,1769605508.157829,1769605508.157829,map_start,map,map_start,map_start,map_start,0.000000,0.000000,1437,0,4466,14276,154,295,2,152,152,11,0,3,0.502263,0.000000,0.653717,60,0.468307,0,0.637187,inf,1,0.012061,0.001417,0.013489,0.245707
113.708332,1786670451.902100,1769605508.457816,1769605508.557716,map_start,map,map_start,map_start,map_start,0.000000,0.000000,1487,0,4502,14389,158,315,2,156,156,13,0,3,0.502263,0.000000,0.653717,65,0.471966,0,0.546381,inf,1,0.014813,0.001741,0.016567,0.264115
114.478559,1786670452.286283,1769605508.757737,1769605508.857680,map_start,map,map_start,map_start,map_start,0.000000,0.000000,1553,0,4579,14562,153,287,2,151,151,13,0,3,0.502263,0.000000,0.653717,58,0.478272,0,0.681596,inf,1,0.005311,0.001489,0.006813,0.253266
115.285449,1786670452.690859,1769605509.157726,1769605509.257703,map_start,map,map_start,map_start,map_start,0.000000,0.000000,1509,0,4621,14619,158,305,2,156,156,11,0,3,0.502263,0.000000,0.653717,53,0.468300,0,1.022191,inf,1,0.009452,0.001030,0.010491,0.253266
116.103488,1786670453.099390,1769605509.557772,1769605509.657708,map_start,map,map_start,map_start,map_start,0.000000,0.000000,1550,0,4674,14703,164,309,2,162,162,9,0,3,0.502263,0.000000,0.653717,58,0.467495,0,0.938166,inf,1,0.010965,0.001014,0.011987,0.273081
116.908725,1786670453.498334,1769605509.857883,1769605509.957908,map_start,map,map_start,map_start,map_start,0.000000,0.000000,1487,0,4688,14728,168,302,4,161,161,10,0,3,0.502263,0.000000,0.653717,57,0.471710,0,0.864170,inf,1,0.012888,0.001506,0.014407,0.273081
117.725838,1786670453.907991,1769605510.257720,1769605510.357758,map_start,map,map_start,map_start,map_start,0.000000,0.000000,1516,0,4735,14814,166,300,2,164,164,10,0,3,0.502263,0.000000,0.653717,61,0.471710,0,0.789973,inf,1,0.008348,0.001033,0.009390,0.280498
118.508528,1786670454.301318,1769605510.657885,1769605510.657885,map_start,map,map_start,map_start,map_start,0.000000,0.000000,1495,0,4791,14925,165,306,2,163,163,10,0,3,0.502263,0.000000,0.653717,65,0.461554,0,0.728033,inf,1,0.009656,0.001058,0.010720,0.300278
119.303485,1786670454.700287,1769605510.957763,1769605511.057884,map_start,map,map_start,map_start,map_start,0.000000,0.000000,1465,0,4820,14980,164,299,2,162,162,8,0,3,0.502263,0.000000,0.653717,56,0.462725,0,0.652079,inf,1,0.007534,0.001062,0.008604,0.283395
120.123447,1786670455.108983,1769605511.357732,1769605511.457835,map_start,map,map_start,map_start,map_start,0.000000,0.000000,1485,0,4860,15075,168,310,2,166,166,7,0,3,0.502263,0.000000,0.653717,56,0.471710,0,0.601386,inf,1,0.011838,0.001793,0.013644,0.280990
120.920249,1786670455.507531,1769605511.757878,1769605511.757878,map_start,map,map_start,map_start,map_start,0.000000,0.000000,1413,0,4876,15099,168,312,2,166,166,8,0,3,0.502263,0.000000,0.653717,57,0.470802,0,0.564883,inf,1,0.009790,0.001367,0.011164,0.292668
121.710574,1786670455.901986,1769605512.057887,1769605512.157826,map_start,map,map_start,map_start,map_start,0.000000,0.000000,1386,0,4890,15127,167,310,2,165,165,9,0,3,0.502263,0.000000,0.653717,55,0.471710,0,0.542756,inf,1,0.011513,0.001043,0.012563,0.292668
122.533704,1786670456.315070,1769605512.457881,1769605512.457881,map_start,map,map_start,map_start,map_start,0.000000,0.000000,1357,0,4958,15154,171,318,2,169,169,7,0,3,0.502263,0.000000,0.653717,57,0.471710,0,0.396831,inf,1,0.011125,0.002771,0.013916,0.301479
123.315578,1786670456.704022,1769605512.757771,1769605512.857788,map_start,map,map_start,map_start,map_start,0.000000,0.000000,1117,0,5020,16112,170,299,2,168,168,1,0,3,0.502263,0.000000,0.653717,43,0.471710,0,0.365151,inf,1,0.010764,0.001129,0.011900,0.301479
124.112180,1786670457.103697,1769605513.157681,1769605513.257771,map_start,map,map_start,map_start,map_start,0.000000,0.000000,1163,0,5054,16216,167,294,2,165,165,3,0,3,0.502263,0.000000,0.653717,42,0.471710,0,0.356220,inf,1,0.010176,0.001881,0.012070,0.287148
124.929659,1786670457.513713,1769605513.357722,1769605513.558049,map_start,map,map_start,map_start,map_start,0.000000,0.000000,1230,0,5098,16320,172,299,2,170,170,1,0,3,0.502263,0.000000,0.653717,41,0.471710,0,0.309241,inf,1,0.012124,0.002119,0.014253,0.282485
125.724351,1786670457.907109,1769605513.857721,1769605513.957836,map_start,map,map_start,map_start,map_start,0.000000,0.000000,1189,0,5105,16360,174,306,2,172,172,1,0,3,0.502263,0.000000,0.653717,40,0.471710,0,0.301440,inf,1,0.010601,0.001616,0.012229,0.301770
126.506862,1786670458.301111,1769605514.257831,1769605514.257831,map_start,map,map_start,map_start,map_start,0.000000,0.000000,1231,0,5159,16392,170,306,2,168,168,1,0,3,0.502263,0.000000,0.653717,41,0.471710,0,0.264047,inf,1,0.010071,0.001071,0.011151,0.299678
127.324520,1786670458.710207,1769605514.557772,1769605514.657821,map_start,map,map_start,map_start,map_start,0.000000,0.000000,1233,0,5182,16448,171,298,3,168,1,0,0,3,0.502263,0.000000,0.653717,35,0.482466,0,0.410960,inf,1,0.018969,0.002364,0.021350,0.293688
128.123531,1786670459.109345,1769605514.957720,1769605514.957720,map_start,map,map_start,map_start,map_start,0.000000,0.000000,1457,0,5216,16716,177,318,3,173,173,6,0,3,0.502263,0.000000,0.653717,44,0.483313,0,0.405774,inf,1,0.011190,0.001079,0.012277,0.293542
128.919712,1786670459.508701,1769605515.257747,1769605515.357776,map_start,map,map_start,map_start,map_start,0.000000,0.000000,1244,0,5236,16777,174,307,4,169,1,0,0,3,0.502263,0.000000,0.653717,35,0.488440,0,0.333265,inf,1,0.007594,0.001274,0.008890,0.293542
129.708119,1786670459.902782,1769605515.657808,1769605515.757948,map_start,map,map_start,map_start,map_start,0.000000,0.000000,1275,0,5262,16829,175,311,3,171,171,4,0,3,0.502263,0.000000,0.653717,38,0.506259,0,0.452155,inf,1,0.010803,0.001123,0.011935,0.281339
130.514514,1786670460.301932,1769605516.057900,1769605516.057900,map_start,map,map_start,map_start,map_start,0.000000,0.000000,1378,0,5288,16919,178,318,3,174,174,3,0,3,0.502263,0.000000,0.653717,39,0.482155,0,0.529755,inf,1,0.012445,0.001124,0.013577,0.281339
131.306962,1786670460.701128,1769605516.357710,1769605516.457698,map_start,map,map_start,map_start,map_start,0.000000,0.000000,1382,0,5303,16947,177,317,3,173,173,9,0,3,0.502263,0.000000,0.653717,43,0.508831,0,0.549520,inf,1,0.010241,0.001146,0.011395,0.289881
132.108416,1786670461.099859,1769605516.757798,1769605516.757798,map_start,map,map_start,map_start,map_start,0.000000,0.000000,1369,0,5310,16973,178,320,3,174,174,10,0,3,0.502263,0.000000,0.653717,41,0.480914,0,0.451952,inf,1,0.006562,0.001173,0.007744,0.283369
132.915931,1786670461.503127,1769605517.057763,1769605517.157694,map_start,map,map_start,map_start,map_start,0.000000,0.000000,1409,0,5337,17015,181,335,3,177,177,13,0,3,0.502263,0.000000,0.653717,45,0.472990,0,0.678263,inf,1,0.011439,0.002244,0.013703,0.275948
133.685781,1786670461.891184,1769605517.457896,1769605517.457896,map_start,map,map_start,map_start,map_start,0.000000,0.000000,1246,0,5348,17147,185,347,3,181,181,11,0,3,0.502263,0.000000,0.653717,45,0.469687,0,0.514676,inf,1,0.007318,0.001192,0.008518,0.286941
134.499665,1786670462.294717,1769605517.757670,1769605517.857792,map_start,map,map_start,map_start,map_start,0.000000,0.000000,1379,0,5375,17224,189,354,3,185,185,6,0,3,0.502263,0.000000,0.653717,39,0.484298,0,0.473683,inf,1,0.006147,0.001232,0.007394,0.261987
135.310176,1786670462.699237,1769605518.157702,1769605518.257747,map_start,map,map_start,map_start,map_start,0.000000,0.000000,1272,0,5408,17296,186,345,3,182,182,14,0,3,0.502263,0.000000,0.653717,44,0.471664,0,0.556774,inf,1,0.011002,0.001712,0.012725,0.267991
136.098744,1786670463.097642,1769605518.457830,1769605518.557756,map_start,map,map_start,map_start,map_start,0.000000,0.000000,1273,0,5432,17345,192,375,3,188,188,16,0,3,0.502263,0.000000,0.653717,56,0.508618,0,0.657448,inf,1,0.007829,0.001252,0.009090,0.279471
136.900005,1786670463.496753,1769605518.857892,1769605518.957757,map_start,map,map_start,map_start,map_start,0.000000,0.000000,1248,0,5441,17373,187,346,3,183,183,11,0,3,0.502263,0.000000,0.653717,45,0.478273,0,0.444372,inf,1,0.016931,0.002241,0.019215,0.269972
137.676099,1786670463.886365,1769605519.257727,1769605519.257727,map_start,map,map_start,map_start,map_start,0.000000,0.000000,1331,0,5462,17491,190,341,3,186,186,10,0,3,0.502263,0.000000,0.653717,42,0.484795,0,0.485909,inf,1,0.007897,0.001238,0.009144,0.251608
138.494027,1786670464.295372,1769605519.557784,1769605519.657787,map_start,map,map_start,map_start,map_start,0.000000,0.000000,1245,0,5480,17516,195,357,3,191,191,10,0,3,0.502263,0.000000,0.653717,42,0.456904,0,0.460981,inf,1,0.009480,0.001216,0.010705,0.262720
139.307853,1786670464.699736,1769605519.957750,1769605519.957750,map_start,map,map_start,map_start,map_start,0.000000,0.000000,1185,0,5504,17611,194,356,3,190,190,14,0,3,0.502263,0.000000,0.653717,47,0.465174,0,0.633079,inf,1,0.012808,0.001609,0.014426,0.262720
140.117499,1786670465.103260,1769605520.357724,1769605520.357724,map_start,map,map_start,map_start,map_start,0.000000,0.000000,1150,0,5533,17651,195,362,3,191,191,15,0,3,0.502263,0.000000,0.653717,49,0.482963,0,0.521337,inf,1,0.011749,0.001559,0.013316,0.276260
140.904914,1786670465.497393,1769605520.657689,1769605520.757725,map_start,map,map_start,map_start,map_start,0.000000,0.000000,1072,0,5545,17721,192,345,3,188,188,9,0,3,0.502263,0.000000,0.653717,42,0.467120,0,0.512379,inf,1,0.008885,0.001178,0.010071,0.288387
141.702162,1786670465.896263,1769605521.057761,1769605521.057761,map_start,map,map_start,map_start,map_start,0.000000,0.000000,1062,0,5548,17799,201,366,3,197,197,7,0,3,0.502263,0.000000,0.653717,45,0.472754,0,0.441119,inf,1,0.010012,0.001195,0.011215,0.279122
142.529501,1786670466.310113,1769605521.357825,1769605521.457760,map_start,map,map_start,map_start,map_start,0.000000,0.000000,951,0,5584,17830,208,399,3,204,204,13,0,3,0.502263,0.000000,0.653717,55,0.466502,0,0.590450,inf,1,0.015970,0.001872,0.017854,0.296916
143.317894,1786670466.703331,1769605521.757811,1769605521.757811,map_start,map,map_start,map_start,map_start,0.000000,0.000000,935,0,5589,17864,201,371,3,197,197,12,0,3,0.502263,0.000000,0.653717,52,0.499705,0,0.634825,inf,1,0.010257,0.001148,0.011413,0.296916
144.104613,1786670467.096287,1769605522.057747,1769605522.157823,map_start,map,map_start,map_start,map_start,0.000000,0.000000,982,0,5593,17955,198,367,2,196,196,12,0,3,0.502263,0.000000,0.653717,49,0.460985,0,0.620638,inf,1,0.009829,0.001948,0.011787,0.280318
144.933794,1786670467.515025,1769605522.457764,1769605522.557938,map_start,map,map_start,map_start,map_start,0.000000,0.000000,1015,0,5618,18008,205,386,2,203,203,10,0,3,0.502263,0.000000,0.653717,44,0.479961,0,0.565316,inf,1,0.008693,0.001220,0.009922,0.280318
145.758567,1786670467.924859,1769605522.857822,1769605522.857822,map_start,map,map_start,map_start,map_start,0.000000,0.000000,995,0,5635,18044,205,385,2,203,203,10,0,3,0.502263,0.000000,0.653717,41,0.469298,0,0.702068,inf,1,0.016426,0.002904,0.019350,0.328367
146.538189,1786670468.313117,1769605523.157817,1769605523.257860,map_start,map,map_start,map_start,map_start,0.000000,0.000000,1000,0,5652,18080,211,417,2,209,209,10,0,3,0.502263,0.000000,0.653717,46,0.457612,0,0.540675,inf,1,0.008385,0.001206,0.009599,0.328367
147.342158,1786670468.716751,1769605523.557841,1769605523.557841,map_start,map,map_start,map_start,map_start,0.000000,0.000000,995,0,5668,18114,202,412,2,200,200,15,0,3,0.502263,0.000000,0.653717,50,0.485597,0,0.629211,inf,1,0.010072,0.001143,0.011224,0.317265
148.140431,1786670469.116560,1769605523.857698,1769605523.957741,map_start,map,map_start,map_start,map_start,0.000000,0.000000,1019,0,5703,18144,210,432,2,208,208,21,0,3,0.502263,0.000000,0.653717,60,0.476257,0,0.937400,inf,1,0.010741,0.001188,0.011936,0.317265
148.968623,1786670469.529777,1769605524.257833,1769605524.357810,map_start,map,map_start,map_start,map_start,0.000000,0.000000,970,0,5701,18162,207,451,2,205,205,27,0,3,0.502263,0.000000,0.653717,66,0.455522,0,1.321414,inf,1,0.009513,0.002085,0.011607,0.316121
149.772243,1786670469.934016,1769605524.657940,1769605524.657940,map_start,map,map_start,map_start,map_start,0.000000,0.000000,994,0,5729,18193,209,452,2,207,207,31,0,3,0.502263,0.000000,0.653717,76,0.469071,0,1.641534,inf,1,0.009682,0.001189,0.010879,0.336532
150.579594,1786670470.337678,1769605524.957887,1769605525.057892,map_start,map,map_start,map_start,map_start,0.000000,0.000000,957,0,5725,18216,207,438,2,205,205,28,0,3,0.502263,0.000000,0.653717,71,0.482353,0,1.932261,inf,1,0.009531,0.001204,0.010745,0.351034
151.378226,1786670470.736592,1769605525.357763,1769605525.357763,map_start,map,map_start,map_start,map_start,0.000000,0.000000,966,0,5759,18272,216,476,2,214,214,31,0,3,0.502263,0.000000,0.653717,77,0.472526,0,1.566352,inf,1,0.011682,0.001724,0.013418,0.354423
152.186202,1786670471.140089,1769605525.657919,1769605525.757843,map_start,map,map_start,map_start,map_start,0.000000,0.000000,969,0,5811,18326,212,451,2,210,210,23,0,3,0.502263,0.000000,0.653717,67,0.499352,0,1.537872,inf,1,0.011107,0.001391,0.012507,0.354423
153.000766,1786670471.549092,1769605526.057968,1769605526.157991,map_start,map,map_start,map_start,map_start,0.000000,0.000000,954,0,5829,18355,218,437,3,213,213,16,0,3,0.502263,0.000000,0.653717,66,0.467374,0,1.428717,inf,1,0.010388,0.001165,0.011560,0.353290
153.817872,1786670471.953553,1769605526.457738,1769605526.457738,map_start,map,map_start,map_start,map_start,0.000000,0.000000,966,0,5852,18413,217,456,3,212,212,18,0,3,0.502263,0.000000,0.653717,71,0.482931,0,1.445120,inf,1,0.018617,0.003256,0.021883,0.372403
154.599527,1786670472.346964,1769605526.757780,1769605526.857772,map_start,map,map_start,map_start,map_start,0.000000,0.000000,952,0,5864,18458,217,432,3,212,212,17,0,3,0.502263,0.000000,0.653717,67,0.463032,0,1.604241,inf,1,0.013953,0.002935,0.016904,0.391989
155.426367,1786670472.761512,1769605527.157792,1769605527.157792,map_start,map,map_start,map_start,map_start,0.000000,0.000000,995,0,5904,18538,216,407,3,211,211,11,0,3,0.502263,0.000000,0.653717,57,0.476379,0,1.209552,inf,1,0.016057,0.001536,0.017604,0.394113
156.206159,1786670473.150811,1769605527.457830,1769605527.557845,map_start,map,map_start,map_start,map_start,0.000000,0.000000,993,0,5917,18581,216,408,3,211,211,10,0,3,0.502263,0.000000,0.653717,56,0.469240,0,0.903820,inf,1,0.006204,0.001211,0.007435,0.394113
157.015097,1786670473.554600,1769605527.857786,1769605527.857786,map_start,map,map_start,map_start,map_start,0.000000,0.000000,977,0,5932,18598,218,408,3,213,213,11,0,3,0.502263,0.000000,0.653717,59,0.488069,0,1.226347,inf,1,0.010931,0.001219,0.012157,0.383955
157.821692,1786670473.959150,1769605528.057711,1769605528.257758,map_start,map,map_start,map_start,map_start,0.000000,0.000000,953,0,5954,18630,216,395,3,211,211,11,0,3,0.502263,0.000000,0.653717,57,0.459931,0,1.254448,inf,1,0.008486,0.001260,0.009755,0.394985
158.652212,1786670474.372646,1769605528.557729,1769605528.657841,map_start,map,map_start,map_start,map_start,0.000000,0.000000,915,0,5973,18662,222,412,3,217,217,21,0,3,0.502263,0.000000,0.653717,70,0.468681,0,1.313603,inf,1,0.013001,0.001547,0.014559,0.424472
159.453207,1786670474.771467,1769605528.957741,1769605528.957741,map_start,map,map_start,map_start,map_start,0.000000,0.000000,950,0,6002,18722,218,399,3,213,213,21,0,3,0.502263,0.000000,0.653717,66,0.478011,0,0.987380,inf,1,0.011198,0.001300,0.012507,0.429702
160.250657,1786670475.170491,1769605529.257723,1769605529.357755,map_start,map,map_start,map_start,map_start,0.000000,0.000000,952,0,6028,18769,215,401,3,210,210,22,0,3,0.502263,0.000000,0.653717,63,0.473404,0,1.038541,inf,1,0.013568,0.001869,0.015447,0.429702
161.048024,1786670475.568718,1769605529.657809,1769605529.757716,map_start,map,map_start,map_start,map_start,0.000000,0.000000,1001,0,6048,18869,215,392,3,210,210,10,0,3,0.502263,0.000000,0.653717,49,0.504999,0,1.082657,inf,1,0.013041,0.001223,0.014272,0.417934
161.828022,1786670475.962722,1769605529.957709,1769605530.057693,map_start,map,map_start,map_start,map_start,0.000000,0.000000,997,0,6080,18937,224,418,3,219,219,24,0,3,0.502263,0.000000,0.653717,68,0.469804,0,1.115813,inf,1,0.007485,0.001588,0.009082,0.401265
162.637035,1786670476.362749,1769605530.257772,1769605530.457724,map_start,map,map_start,map_start,map_start,0.000000,0.000000,1007,0,6098,18981,219,397,3,214,214,20,0,3,0.502263,0.000000,0.653717,62,0.501647,0,1.157491,inf,1,0.008338,0.001296,0.009645,0.409697
163.468135,1786670476.782767,1769605530.757795,1769605530.757795,map_start,map,map_start,map_start,map_start,0.000000,0.000000,1052,0,6140,19089,222,386,3,217,217,22,0,3,0.502263,0.000000,0.653717,59,0.494166,0,1.184849,inf,1,0.016244,0.001239,0.017491,0.409697
164.232411,1786670477.161823,1769605531.057727,1769605531.157834,map_start,map,map_start,map_start,map_start,0.000000,0.000000,974,0,6128,19129,220,381,3,215,215,19,0,3,0.502263,0.000000,0.653717,56,0.478244,0,1.563434,inf,1,0.018341,0.002051,0.020404,0.441953
165.031967,1786670477.561464,1769605531.457827,1769605531.457827,map_start,map,map_start,map_start,map_start,0.000000,0.000000,1009,0,6165,19177,223,384,3,218,218,17,0,3,0.502263,0.000000,0.653717,57,0.492209,0,1.614750,inf,1,0.019234,0.001291,0.020533,0.408734
165.836363,1786670477.966092,1769605531.757884,1769605531.857719,map_start,map,map_start,map_start,map_start,0.000000,0.000000,965,0,6172,19202,223,393,4,216,216,18,0,3,0.502263,0.000000,0.653717,54,0.499688,0,1.441314,inf,1,0.019271,0.002511,0.021799,0.403498
166.626460,1786670478.359014,1769605532.057753,1769605532.157767,map_start,map,map_start,map_start,map_start,0.000000,0.000000,1027,0,6214,19270,225,398,3,220,220,15,0,3,0.502263,0.000000,0.653717,59,0.463267,0,1.358644,inf,1,0.014547,0.001275,0.015831,0.403498
167.444874,1786670478.768408,1769605532.457848,1769605532.557744,map_start,map,map_start,map_start,map_start,0.000000,0.000000,959,0,6225,19302,225,402,3,220,220,21,0,3,0.502263,0.000000,0.653717,56,0.469103,0,1.395817,inf,1,0.009952,0.001856,0.011819,0.396773
168.234279,1786670479.162783,1769605532.857713,1769605532.957814,map_start,map,map_start,map_start,map_start,0.000000,0.000000,969,0,6236,19326,236,450,4,229,229,21,0,3,0.502263,0.000000,0.653717,73,0.493242,0,1.555686,inf,1,0.010608,0.001274,0.011889,0.409101
169.060539,1786670479.576697,1769605533.257738,1769605533.257738,map_start,map,map_start,map_start,map_start,0.000000,0.000000,1000,0,6258,19383,239,472,3,234,234,24,0,3,0.502263,0.000000,0.653717,74,0.474030,0,1.741947,inf,1,0.006194,0.001312,0.007516,0.409101
169.898869,1786670479.996236,1769605533.557731,1769605533.657724,map_start,map,map_start,map_start,map_start,0.000000,0.000000,1026,0,6270,19437,234,453,3,229,229,20,0,3,0.502263,0.000000,0.653717,70,0.461867,0,1.544003,inf,1,0.020636,0.002767,0.023424,0.437452
170.706927,1786670480.400132,1769605533.957730,1769605534.057776,map_start,map,map_start,map_start,map_start,0.000000,0.000000,1052,0,6286,19497,235,434,3,230,230,19,0,3,0.502263,0.000000,0.653717,66,0.462882,0,1.136269,inf,1,0.009191,0.001282,0.010481,0.465956
171.502260,1786670480.798266,1769605534.357624,1769605534.357624,map_start,map,map_start,map_start,map_start,0.000000,0.000000,1112,0,6316,19587,243,442,4,229,229,13,0,3,0.502263,0.000000,0.653717,68,0.475145,0,0.872305,inf,1,0.010309,0.001284,0.011601,0.475690
172.316546,1786670481.206823,1769605534.657886,1769605534.757888,map_start,map,map_start,map_start,map_start,0.000000,0.000000,1154,0,6340,19667,233,404,5,218,1,0,0,3,0.502263,0.000000,0.653717,39,0.489173,0,0.635505,inf,1,0.010191,0.001300,0.011499,0.474809
173.117126,1786670481.605644,1769605535.057786,1769605535.057786,map_start,map,map_start,map_start,map_start,0.000000,0.000000,1197,0,6372,19728,242,443,5,227,1,0,0,3,0.502263,0.000000,0.653717,51,0.475145,0,0.636125,inf,1,0.007524,0.001310,0.008842,0.491275
173.908092,1786670481.999417,1769605535.357821,1769605535.457849,map_start,map,map_start,map_start,map_start,0.000000,0.000000,1156,0,6375,19768,234,419,5,219,1,0,0,3,0.502263,0.000000,0.653717,44,0.475145,0,0.631188,inf,1,0.013642,0.002188,0.015845,0.487677
174.701599,1786670482.398685,1769605535.757908,1769605535.757908,map_start,map,map_start,map_start,map_start,0.000000,0.000000,1192,0,6406,19814,235,428,5,220,1,0,0,3,0.502263,0.000000,0.653717,41,0.504330,0,0.625373,inf,1,0.011108,0.001333,0.012449,0.474032
175.467955,1786670482.782741,1769605536.057805,1769605536.157776,map_start,map,map_start,map_start,map_start,0.000000,0.000000,1196,0,6421,19866,237,416,5,222,1,0,0,3,0.502263,0.000000,0.653717,40,0.477430,0,0.864018,inf,1,0.009976,0.001293,0.011277,0.474032
176.308211,1786670483.201590,1769605536.357807,1769605536.557736,map_start,map,map_start,map_start,map_start,0.000000,0.000000,1188,0,6441,19914,242,449,5,226,226,13,0,3,0.502263,0.000000,0.653717,53,0.476509,0,1.226576,inf,1,0.011532,0.001484,0.013026,0.484194
177.111580,1786670483.599821,1769605536.857692,1769605536.857692,map_start,map,map_start,map_start,map_start,0.000000,0.000000,1197,0,6462,19958,235,445,4,221,221,21,0,3,0.502263,0.000000,0.653717,58,0.476305,0,1.524788,inf,1,0.013335,0.001355,0.014699,0.481771
177.851415,1786670483.972629,1769605537.157723,1769605537.258199,map_start,map,map_start,map_start,map_start,0.000000,0.000000,1185,0,6476,20010,235,429,5,128,128,18,0,3,0.502263,0.000000,0.653717,55,0.480622,0,1.954436,inf,1,0.015305,0.001321,0.016633,0.481771
178.660293,1786670484.377147,1769605537.457760,1769605537.557894,map_start,map,map_start,map_start,map_start,0.000000,0.000000,1142,0,6485,20038,233,423,5,126,126,13,0,3,0.502263,0.000000,0.653717,49,0.484548,0,2.169386,inf,1,0.018137,0.002460,0.020613,0.436022
179.456901,1786670484.775168,1769605537.857858,1769605537.957733,map_start,map,map_start,map_start,map_start,0.000000,0.000000,1111,0,6488,20042,231,414,5,124,124,12,0,3,0.502263,0.000000,0.653717,45,0.476145,0,2.042857,inf,1,0.020737,0.004521,0.025284,0.425246
180.240464,1786670485.168850,1769605538.257718,1769605538.257718,map_start,map,map_start,map_start,map_start,0.000000,0.000000,1121,0,6502,20066,237,447,5,130,130,16,0,3,0.502263,0.000000,0.653717,49,0.476732,0,2.008019,inf,1,0.010570,0.001280,0.011857,0.425246
181.045551,1786670485.568602,1769605538.557695,1769605538.657785,map_start,map,map_start,map_start,map_start,0.000000,0.000000,1087,0,6504,20122,243,464,4,229,229,19,0,3,0.502263,0.000000,0.653717,60,0.475555,0,2.051039,inf,1,0.016367,0.001958,0.018337,0.411517
181.838329,1786670485.967303,1769605538.957688,1769605538.957688,map_start,map,map_start,map_start,map_start,0.000000,0.000000,1161,0,6547,20214,246,467,4,232,232,20,0,3,0.502263,0.000000,0.653717,66,0.454080,0,2.073694,inf,1,0.017702,0.002198,0.019913,0.419215
182.640283,1786670486.365900,1769605539.257780,1769605539.357837,map_start,map,map_start,map_start,map_start,0.000000,0.000000,1137,0,6572,20258,245,471,4,231,231,18,0,3,0.502263,0.000000,0.653717,59,0.459515,0,2.104176,inf,1,0.011485,0.002723,0.014225,0.411903
183.412903,1786670486.755225,1769605539.657729,1769605539.657729,map_start,map,map_start,map_start,map_start,0.000000,0.000000,1120,0,6591,20294,248,474,4,234,234,16,0,3,0.502263,0.000000,0.653717,58,0.511715,0,1.976388,inf,1,0.012410,0.001333,0.013751,0.382490
184.230991,1786670487.163884,1769605540.057750,1769605540.057750,map_start,map,map_start,map_start,map_start,0.000000,0.000000,1089,0,6606,20346,255,485,4,241,241,16,0,3,0.502263,0.000000,0.653717,60,0.475819,0,1.597278,inf,1,0.019096,0.002802,0.021913,0.402731
185.020492,1786670487.557628,1769605540.357800,1769605540.457820,map_start,map,map_start,map_start,map_start,0.000000,0.000000,1059,0,6611,20370,247,465,4,233,233,13,0,3,0.502263,0.000000,0.653717,51,0.465662,0,1.210339,inf,1,0.011519,0.001916,0.013448,0.393912
185.822284,1786670487.956299,1769605540.657821,1769605540.757710,map_start,map,map_start,map_start,map_start,0.000000,0.000000,1038,0,6624,20390,253,476,4,239,239,15,0,3,0.502263,0.000000,0.653717,62,0.500086,0,0.935364,inf,1,0.017626,0.002827,0.020468,0.393912
186.628694,1786670488.360453,1769605541.057928,1769605541.057928,map_start,map,map_start,map_start,map_start,0.000000,0.000000,1024,0,6643,20410,254,478,4,240,240,11,0,3,0.502263,0.000000,0.653717,54,0.457649,0,0.727739,inf,1,0.020048,0.003438,0.023507,0.398134
187.415350,1786670488.753720,1769605541.357775,1769605541.457714,map_start,map,map_start,map_start,map_start,0.000000,0.000000,1011,0,6652,20446,261,506,4,247,247,9,0,3,0.502263,0.000000,0.653717,62,0.471280,0,0.705650,inf,1,0.010245,0.001290,0.011544,0.398022
188.221487,1786670489.158028,1769605541.757884,1769605541.757884,map_start,map,map_start,map_start,map_start,0.000000,0.000000,968,0,6657,20482,259,491,4,245,245,7,0,3,0.502263,0.000000,0.653717,56,0.490742,0,0.898992,inf,1,0.012504,0.001346,0.013859,0.385986
189.008242,1786670489.551960,1769605542.057775,1769605542.157760,map_start,map,map_start,map_start,map_start,0.000000,0.000000,907,0,6671,20498,264,504,4,250,250,7,0,3,0.502263,0.000000,0.653717,58,0.463552,0,1.135208,inf,1,0.009624,0.001294,0.010926,0.393858
189.828423,1786670489.960904,1769605542.457757,1769605542.557800,map_start,map,map_start,map_start,map_start,0.000000,0.000000,883,0,6667,20526,272,517,5,257,1,0,0,3,0.502263,0.000000,0.653717,50,0.491404,0,0.952766,inf,1,0.022096,0.005239,0.027366,0.383197
190.634977,1786670490.364993,1769605542.857729,1769605542.857729,map_start,map,map_start,map_start,map_start,0.000000,0.000000,847,0,6675,20538,269,520,4,255,255,7,0,3,0.502263,0.000000,0.653717,50,0.474362,0,0.800916,inf,1,0.011316,0.001355,0.012679,0.405209
191.433802,1786670490.764068,1769605543.157715,1769605543.257747,map_start,map,map_start,map_start,map_start,0.000000,0.000000,818,0,6683,20542,271,543,4,257,257,11,0,3,0.502263,0.000000,0.653717,57,0.474036,0,0.803850,inf,1,0.008140,0.001303,0.009452,0.403948
192.253515,1786670491.173461,1769605543.557860,1769605543.557860,map_start,map,map_start,map_start,map_start,0.000000,0.000000,787,0,6700,20549,276,551,4,262,262,11,0,3,0.502263,0.000000,0.653717,62,0.475722,0,0.956852,inf,1,0.018708,0.002645,0.021370,0.426895
193.044000,1786670491.567463,1769605543.957869,1769605543.957869,map_start,map,map_start,map_start,map_start,0.000000,0.000000,788,0,6704,20585,275,557,4,261,261,15,0,3,0.502263,0.000000,0.653717,66,0.475704,0,1.264943,inf,1,0.019294,0.002467,0.021777,0.426895
193.824255,1786670491.957001,1769605544.257734,1769605544.357784,map_start,map,map_start,map_start,map_start,0.000000,0.000000,800,0,6713,20623,269,536,4,255,255,16,0,3,0.502263,0.000000,0.653717,63,0.482460,0,1.501350,inf,1,0.007606,0.001315,0.008929,0.418284
194.651080,1786670492.371402,1769605544.557678,1769605544.657711,map_start,map,map_start,map_start,map_start,0.000000,0.000000,820,0,6727,20659,267,521,4,253,253,19,0,3,0.502263,0.000000,0.653717,71,0.488928,0,1.262926,inf,1,0.020052,0.003761,0.023837,0.418707
195.427569,1786670492.760630,1769605544.957824,1769605544.957824,map_start,map,map_start,map_start,map_start,0.000000,0.000000,801,0,6729,20671,266,506,4,252,252,14,0,3,0.502263,0.000000,0.653717,63,0.488577,0,1.022742,inf,1,0.017839,0.002387,0.020239,0.396254
196.211169,1786670493.150526,1769605545.257917,1769605545.357735,map_start,map,map_start,map_start,map_start,0.000000,0.000000,793,0,6738,20695,274,519,4,260,260,15,0,3,0.502263,0.000000,0.653717,67,0.464553,0,0.834088,inf,1,0.020261,0.004034,0.024328,0.379096
197.016297,1786670493.554248,1769605545.557888,1769605545.757719,map_start,map,map_start,map_start,map_start,0.000000,0.000000,787,0,6742,20719,272,515,4,258,258,14,0,3,0.502263,0.000000,0.653717,65,0.474476,0,0.811505,inf,1,0.010080,0.001330,0.011418,0.379096
197.792255,1786670493.942397,1769605545.957781,1769605546.057944,map_start,map,map_start,map_start,map_start,0.000000,0.000000,846,0,6761,20771,268,494,4,254,254,15,0,3,0.502263,0.000000,0.653717,63,0.487130,0,0.805414,inf,1,0.016158,0.001330,0.017496,0.365610
198.600068,1786670494.344942,1769605546.357909,1769605546.457889,map_start,map,map_start,map_start,map_start,0.000000,0.000000,895,0,6792,20829,272,515,4,258,258,13,0,3,0.502263,0.000000,0.653717,62,0.476539,0,0.813742,inf,1,0.017987,0.002242,0.020242,0.365610
199.401573,1786670494.748324,1769605546.757910,1769605546.857694,map_start,map,map_start,map_start,map_start,0.000000,0.000000,851,0,6803,20857,273,533,4,259,259,19,0,3,0.502263,0.000000,0.653717,74,0.470589,0,0.821305,inf,1,0.015472,0.001873,0.017357,0.368444
200.172394,1786670495.130903,1769605547.157782,1769605547.157782,map_start,map,map_start,map_start,map_start,0.000000,0.000000,885,0,6819,20893,271,529,4,257,257,17,0,3,0.502263,0.000000,0.653717,69,0.476539,0,0.863622,inf,1,0.006857,0.001349,0.008216,0.373653
200.986807,1786670495.539322,1769605547.457875,1769605547.557713,map_start,map,map_start,map_start,map_start,0.000000,0.000000,852,0,6825,20917,280,567,4,266,266,21,0,3,0.502263,0.000000,0.653717,83,0.476539,0,0.912171,inf,1,0.016809,0.002002,0.018823,0.348983
201.777345,1786670495.932850,1769605547.757862,1769605547.857728,map_start,map,map_start,map_start,map_start,0.000000,0.000000,832,0,6831,20960,274,534,4,260,260,19,0,3,0.502263,0.000000,0.653717,72,0.476539,0,0.967094,inf,1,0.018261,0.002352,0.020628,0.355351
202.548379,1786670496.321351,1769605548.157728,1769605548.257710,map_start,map,map_start,map_start,map_start,0.000000,0.000000,819,0,6855,20996,278,548,4,264,264,23,0,3,0.502263,0.000000,0.653717,77,0.476539,0,1.023594,inf,1,0.008175,0.001749,0.009937,0.350319
203.364105,1786670496.730115,1769605548.557863,1769605548.557863,map_start,map,map_start,map_start,map_start,0.000000,0.000000,775,0,6853,21020,277,545,4,263,263,25,0,3,0.502263,0.000000,0.653717,77,0.480519,0,1.092334,inf,1,0.018710,0.003374,0.022099,0.322565
204.158987,1786670497.128107,1769605548.857763,1769605548.957831,map_start,map,map_start,map_start,map_start,0.000000,0.000000,816,0,6883,21104,287,573,5,270,270,15,0,3,0.502263,0.000000,0.653717,72,0.476539,0,1.146155,inf,1,0.006118,0.001798,0.007927,0.332543
204.966938,1786670497.531767,1769605549.257818,1769605549.257818,map_start,map,map_start,map_start,map_start,0.000000,0.000000,799,0,6885,21144,280,556,4,266,266,19,0,3,0.502263,0.000000,0.653717,73,0.476539,0,1.189239,inf,1,0.007979,0.001404,0.009394,0.329266
205.784853,1786670497.940617,1769605549.557944,1769605549.657706,map_start,map,map_start,map_start,map_start,0.000000,0.000000,805,0,6899,21199,290,595,4,276,276,20,0,3,0.502263,0.000000,0.653717,78,0.486595,0,1.266559,inf,1,0.011973,0.003525,0.015519,0.361828
206.584449,1786670498.339349,1769605549.957742,1769605550.057897,map_start,map,map_start,map_start,map_start,0.000000,0.000000,770,0,6907,21232,286,590,4,272,272,15,0,3,0.502263,0.000000,0.653717,66,0.472698,0,1.462270,inf,1,0.016455,0.002527,0.018997,0.361828
207.387571,1786670498.742425,1769605550.357692,1769605550.357692,map_start,map,map_start,map_start,map_start,0.000000,0.000000,784,0,6918,21256,294,627,4,280,280,21,0,3,0.502263,0.000000,0.653717,86,0.529275,0,1.460667,inf,1,0.008271,0.002255,0.010540,0.360664
208.170693,1786670499.131462,1769605550.657822,1769605550.757779,map_start,map,map_start,map_start,map_start,0.000000,0.000000,756,0,6931,21292,290,599,4,276,276,16,0,3,0.502263,0.000000,0.653717,76,0.493609,0,1.381906,inf,1,0.009835,0.001388,0.011230,0.360664
208.975882,1786670499.535494,1769605551.057796,1769605551.057796,map_start,map,map_start,map_start,map_start,0.000000,0.000000,836,0,6962,21384,293,605,4,279,279,14,0,3,0.502263,0.000000,0.653717,68,0.485441,0,1.208421,inf,1,0.012448,0.001922,0.014380,0.346683
209.752106,1786670499.923913,1769605551.357740,1769605551.457790,map_start,map,map_start,map_start,map_start,0.000000,0.000000,847,0,6980,21456,291,604,4,277,277,11,0,3,0.502263,0.000000,0.653717,66,0.491880,0,1.116375,inf,1,0.006717,0.001388,0.008113,0.344280
210.573256,1786670500.332681,1769605551.757721,1769605551.757721,map_start,map,map_start,map_start,map_start,0.000000,0.000000,862,0,6991,21492,295,633,4,281,281,11,0,3,0.502263,0.000000,0.653717,69,0.477136,0,1.170787,inf,1,0.012628,0.003479,0.016124,0.323156
211.372280,1786670500.731288,1769605552.057976,1769605552.157819,map_start,map,map_start,map_start,map_start,0.000000,0.000000,900,0,7019,21532,298,623,4,284,284,11,0,3,0.502263,0.000000,0.653717,73,0.483916,0,1.218139,inf,1,0.019187,0.002564,0.021769,0.346765
212.178210,1786670501.135718,1769605552.457747,1769605552.457747,map_start,map,map_start,map_start,map_start,0.000000,0.000000,892,0,7031,21576,296,611,4,282,282,10,0,3,0.502263,0.000000,0.653717,67,0.501394,0,1.252487,inf,1,0.010297,0.003962,0.014275,0.348976
212.970736,1786670501.529631,1769605552.757896,1769605552.857797,map_start,map,map_start,map_start,map_start,0.000000,0.000000,894,0,7064,21604,298,602,4,284,284,10,0,3,0.502263,0.000000,0.653717,63,0.489725,0,1.317123,inf,1,0.012146,0.001988,0.014146,0.346907
213.770967,1786670501.933342,1769605553.157781,1769605553.257925,map_start,map,map_start,map_start,map_start,0.000000,0.000000,948,0,7083,21688,302,611,4,288,288,8,0,3,0.502263,0.000000,0.653717,58,0.479402,0,1.376006,inf,1,0.017942,0.002282,0.020236,0.342011
214.567380,1786670502.331465,1769605553.557810,1769605553.557810,map_start,map,map_start,map_start,map_start,0.000000,0.000000,993,0,7115,21744,297,591,4,283,283,9,0,3,0.502263,0.000000,0.653717,59,0.486174,0,1.435250,inf,1,0.011745,0.001752,0.013506,0.342011
215.386930,1786670502.740093,1769605553.857754,1769605553.957757,map_start,map,map_start,map_start,map_start,0.000000,0.000000,1035,0,7144,21804,302,606,4,288,288,8,0,3,0.502263,0.000000,0.653717,61,0.479388,0,1.493454,inf,1,0.010448,0.001419,0.011876,0.342949
216.186808,1786670503.139072,1769605554.157820,1769605554.257856,map_start,map,map_start,map_start,map_start,0.000000,0.000000,1044,0,7155,21836,305,610,4,291,291,7,0,3,0.502263,0.000000,0.653717,63,0.484635,0,1.561795,inf,1,0.018095,0.002189,0.020298,0.355943
216.967078,1786670503.528440,1769605554.557758,1769605554.657682,map_start,map,map_start,map_start,map_start,0.000000,0.000000,1102,0,7200,21904,304,601,4,290,290,6,0,3,0.502263,0.000000,0.653717,54,0.480372,0,1.647886,inf,1,0.009267,0.001433,0.010708,0.357293
217.769608,1786670503.932773,1769605554.957747,1769605554.957747,map_start,map,map_start,map_start,map_start,0.000000,0.000000,1130,0,7213,21964,303,610,4,289,289,4,0,3,0.502263,0.000000,0.653717,51,0.477011,0,1.690787,inf,1,0.010475,0.001621,0.012105,0.338365
218.587896,1786670504.340592,1769605555.257725,1769605555.357762,map_start,map,map_start,map_start,map_start,0.000000,0.000000,1117,0,7235,21986,312,636,4,298,298,6,0,3,0.502263,0.000000,0.653717,62,0.485507,0,1.684096,inf,1,0.015532,0.001837,0.017380,0.343717
219.394864,1786670504.743088,1769605555.557715,1769605555.757772,map_start,map,map_start,map_start,map_start,0.000000,0.000000,1130,0,7245,22034,313,636,4,299,299,8,0,3,0.502263,0.000000,0.653717,61,0.500502,0,1.498807,inf,1,0.012661,0.002278,0.014957,0.364772
220.190784,1786670505.141809,1769605555.957780,1769605556.057696,map_start,map,map_start,map_start,map_start,0.000000,0.000000,1194,0,7286,22124,313,614,4,299,299,8,0,3,0.502263,0.000000,0.653717,64,0.489458,0,1.437253,inf,1,0.010734,0.001441,0.012183,0.366195
220.982419,1786670505.535644,1769605556.357831,1769605556.457937,map_start,map,map_start,map_start,map_start,0.000000,0.000000,1209,0,7288,22169,313,616,4,299,299,8,0,3,0.502263,0.000000,0.653717,66,0.510502,0,1.493009,inf,1,0.011727,0.001912,0.013652,0.366993
221.780138,1786670505.938548,1769605556.757942,1769605556.757942,map_start,map,map_start,map_start,map_start,0.000000,0.000000,1236,0,7307,22219,308,593,4,294,294,6,0,3,0.502263,0.000000,0.653717,54,0.491655,0,1.612324,inf,1,0.009388,0.001487,0.010885,0.358393
222.593550,1786670506.343280,1769605557.057694,1769605557.157700,map_start,map,map_start,map_start,map_start,0.000000,0.000000,1308,0,7347,22311,311,605,4,297,297,6,0,3,0.502263,0.000000,0.653717,52,0.476388,0,1.803594,inf,1,0.012846,0.002449,0.015305,0.350800
223.398536,1786670506.747821,1769605557.457981,1769605557.457981,map_start,map,map_start,map_start,map_start,0.000000,0.000000,1329,0,7355,22365,321,624,4,307,307,8,0,3,0.502263,0.000000,0.653717,62,0.477716,0,1.593226,inf,1,0.011553,0.004585,0.016158,0.373328
224.200013,1786670507.147368,1769605557.757826,1769605557.857882,map_start,map,map_start,map_start,map_start,0.000000,0.000000,1379,0,7395,22437,318,607,4,304,304,8,0,3,0.502263,0.000000,0.653717,60,0.464509,0,1.389797,inf,1,0.012185,0.002661,0.014856,0.373328
224.995106,1786670507.542004,1769605558.157766,1769605558.257786,map_start,map,map_start,map_start,map_start,0.000000,0.000000,1380,0,7397,22482,315,588,4,301,301,4,0,3,0.502263,0.000000,0.653717,52,0.475362,0,1.311115,inf,1,0.010809,0.001487,0.012304,0.374516
225.776354,1786670507.935489,1769605558.557707,1769605558.557707,map_start,map,map_start,map_start,map_start,0.000000,0.000000,1372,0,7418,22533,316,598,4,302,302,5,0,3,0.502263,0.000000,0.653717,53,0.463688,0,1.060732,inf,1,0.017777,0.001520,0.019305,0.370429
226.563437,1786670508.329550,1769605558.857800,1769605558.857800,map_start,map,map_start,map_start,map_start,0.000000,0.000000,1384,0,7433,22593,313,589,4,299,299,5,0,3,0.502263,0.000000,0.653717,51,0.484781,0,0.854371,inf,1,0.008882,0.002748,0.011646,0.344021
227.374116,1786670508.732875,1769605559.257729,1769605559.257729,map_start,map,map_start,map_start,map_start,0.000000,0.000000,1419,0,7461,22657,321,618,4,307,307,5,0,3,0.502263,0.000000,0.653717,52,0.468023,0,0.759672,inf,1,0.016012,0.002125,0.018148,0.333740
228.150602,1786670509.122055,1769605559.557870,1769605559.657804,map_start,map,map_start,map_start,map_start,0.000000,0.000000,1393,0,7464,22693,319,611,4,305,305,6,0,3,0.502263,0.000000,0.653717,51,0.472658,0,0.695011,inf,1,0.017485,0.002279,0.019779,0.346534
228.935976,1786670509.514730,1769605559.857907,1769605559.957802,map_start,map,map_start,map_start,map_start,0.000000,0.000000,1373,0,7467,22729,318,613,4,304,304,6,0,3,0.502263,0.000000,0.653717,52,0.479724,0,0.797850,inf,1,0.015107,0.002531,0.017654,0.325658
229.745761,1786670509.919217,1769605560.257812,1769605560.357720,map_start,map,map_start,map_start,map_start,0.000000,0.000000,1385,0,7490,22797,319,600,5,304,1,0,0,3,0.502263,0.000000,0.653717,44,0.466834,0,0.953670,inf,1,0.012685,0.001729,0.014424,0.303857
230.543867,1786670510.318701,1769605560.557711,1769605560.657757,map_start,map,map_start,map_start,map_start,0.000000,0.000000,1399,0,7503,22865,316,589,6,299,1,0,0,3,0.502263,0.000000,0.653717,45,0.475192,0,0.894003,inf,1,0.017352,0.002263,0.019627,0.315682
231.334211,1786670510.712136,1769605560.957722,1769605561.057725,map_start,map,map_start,map_start,map_start,0.000000,0.000000,1375,0,7537,22893,325,618,6,308,1,0,0,3,0.502263,0.000000,0.653717,51,0.486742,0,0.815348,inf,1,0.011413,0.001534,0.012954,0.307241
232.147115,1786670511.121773,1769605561.357711,1769605561.357711,map_start,map,map_start,map_start,map_start,0.000000,0.000000,1367,0,7545,22929,328,629,6,311,1,0,0,3,0.502263,0.000000,0.653717,50,0.491607,0,0.761123,inf,1,0.010679,0.001575,0.012264,0.323169
232.940269,1786670511.515750,1769605561.657710,1769605561.757787,map_start,map,map_start,map_start,map_start,0.000000,0.000000,1352,0,7566,22966,324,613,6,307,1,0,0,3,0.502263,0.000000,0.653717,48,0.494619,0,0.444081,inf,1,0.016509,0.002093,0.018609,0.307883
233.716974,1786670511.904565,1769605562.057888,1769605562.057888,map_start,map,map_start,map_start,map_start,0.000000,0.000000,1381,0,7597,23050,319,600,6,302,1,0,0,3,0.502263,0.000000,0.653717,49,0.458220,0,0.272245,inf,1,0.011259,0.001502,0.012771,0.307883
234.522715,1786670512.308172,1769605562.357969,1769605562.457761,map_start,map,map_start,map_start,map_start,0.000000,0.000000,1340,0,7601,23080,325,608,6,308,1,0,0,3,0.502263,0.000000,0.653717,52,0.476186,0,0.504802,inf,1,0.018806,0.002585,0.021406,0.285636
235.342831,1786670512.716931,1769605562.757737,1769605562.857836,map_start,map,map_start,map_start,map_start,0.000000,0.000000,1342,0,7626,23120,327,632,5,311,311,4,0,3,0.502263,0.000000,0.653717,57,0.472456,0,0.539993,inf,1,0.022575,0.004064,0.026664,0.295487
236.112114,1786670513.100775,1769605563.057696,1769605563.157693,map_start,map,map_start,map_start,map_start,0.000000,0.000000,1310,0,7636,23168,324,621,6,306,306,1,0,3,0.502263,0.000000,0.653717,53,0.492507,0,0.429240,inf,1,0.010242,0.001510,0.011761,0.317178
236.929100,1786670513.509507,1769605563.457752,1769605563.557691,map_start,map,map_start,map_start,map_start,0.000000,0.000000,1288,0,7646,23196,327,616,6,310,1,0,0,3,0.502263,0.000000,0.653717,56,0.476186,0,0.575351,inf,1,0.019250,0.002750,0.022015,0.288149
237.727575,1786670513.912794,1769605563.857833,1769605563.857833,map_start,map,map_start,map_start,map_start,0.000000,0.000000,1269,0,7659,23228,338,663,4,324,324,3,0,3,0.502263,0.000000,0.653717,64,0.475495,0,0.527399,inf,1,0.006353,0.001589,0.007951,0.298096
238.520751,1786670514.307230,1769605564.157727,1769605564.257736,map_start,map,map_start,map_start,map_start,0.000000,0.000000,1229,0,7672,23236,336,641,5,321,1,0,0,3,0.502263,0.000000,0.653717,57,0.476186,0,0.351285,inf,1,0.010021,0.001503,0.011532,0.299336
239.325323,1786670514.710840,1769605564.557729,1769605564.557729,map_start,map,map_start,map_start,map_start,0.000000,0.000000,1198,0,7679,23264,339,655,4,325,325,1,0,3,0.502263,0.000000,0.653717,60,0.476186,0,0.408506,inf,1,0.012452,0.001591,0.014052,0.296294
240.142395,1786670515.119718,1769605564.757817,1769605564.957720,map_start,map,map_start,map_start,map_start,0.000000,0.000000,1194,0,7719,23325,342,655,4,328,328,6,0,3,0.502263,0.000000,0.653717,60,0.477347,0,0.447975,inf,1,0.018388,0.002356,0.020755,0.301918
240.914973,1786670515.503274,1769605565.257855,1769605565.257855,map_start,map,map_start,map_start,map_start,0.000000,0.000000,1154,0,7736,23361,330,617,4,316,316,1,0,3,0.502263,0.000000,0.653717,47,0.476186,0,0.344098,inf,1,0.010179,0.001547,0.011734,0.311198
241.715001,1786670515.902992,1769605565.558076,1769605565.657772,map_start,map,map_start,map_start,map_start,0.000000,0.000000,1128,0,7776,23400,334,637,4,320,320,1,0,3,0.502263,0.000000,0.653717,54,0.473037,0,0.345922,inf,1,0.021532,0.003302,0.024851,0.286673
242.524744,1786670516.307811,1769605565.957869,1769605566.057730,map_start,map,map_start,map_start,map_start,0.000000,0.000000,1073,0,7798,23429,338,668,4,324,324,1,0,3,0.502263,0.000000,0.653717,57,0.488453,0,0.370827,inf,1,0.012389,0.003524,0.015926,0.288125
243.302277,1786670516.697501,1769605566.357689,1769605566.357689,map_start,map,map_start,map_start,map_start,0.000000,0.000000,1066,0,7813,23445,336,665,4,322,322,1,0,3,0.502263,0.000000,0.653717,52,0.511969,0,0.345112,inf,1,0.007953,0.001547,0.009510,0.298663
244.095913,1786670517.096248,1769605566.657753,1769605566.757849,map_start,map,map_start,map_start,map_start,0.000000,0.000000,1060,0,7842,23453,334,649,5,319,1,0,0,3,0.502263,0.000000,0.653717,49,0.468597,0,0.251292,inf,1,0.017431,0.002059,0.019503,0.270856
244.883718,1786670517.485871,1769605566.857762,1769605567.057916,map_start,map,map_start,map_start,map_start,0.000000,0.000000,1057,0,7867,23470,336,651,5,321,1,0,0,3,0.502263,0.000000,0.653717,55,0.468597,0,0.179726,inf,1,0.006911,0.001533,0.008453,0.270856
245.686257,1786670517.888953,1769605567.357764,1769605567.457721,map_start,map,map_start,map_start,map_start,0.000000,0.000000,1053,0,7880,23490,342,659,5,327,1,0,0,3,0.502263,0.000000,0.653717,52,0.488204,0,0.280817,inf,1,0.010695,0.001558,0.012262,0.258562
246.486104,1786670518.288061,1769605567.657737,1769605567.757715,map_start,map,map_start,map_start,map_start,0.000000,0.000000,1076,0,7895,23530,338,642,4,324,324,2,0,3,0.502263,0.000000,0.653717,51,0.481349,0,0.471847,inf,1,0.008538,0.001918,0.010466,0.255684
247.300936,1786670518.697184,1769605568.057829,1769605568.158328,map_start,map,map_start,map_start,map_start,0.000000,0.000000,1071,0,7950,23546,347,674,4,333,333,15,0,3,0.502263,0.000000,0.653717,65,0.467083,0,0.789196,inf,1,0.015385,0.001583,0.016975,0.257219
248.102253,1786670519.096276,1769605568.457700,1769605568.557898,map_start,map,map_start,map_start,map_start,0.000000,0.000000,1080,0,7990,23582,351,685,4,337,337,13,0,3,0.502263,0.000000,0.653717,67,0.471758,0,0.836196,inf,1,0.014425,0.002211,0.016646,0.277399
248.899967,1786670519.495120,1769605568.857797,1769605568.857797,map_start,map,map_start,map_start,map_start,0.000000,0.000000,1057,0,7992,23604,348,676,4,334,334,17,0,3,0.502263,0.000000,0.653717,71,0.477416,0,0.753158,inf,1,0.013263,0.002285,0.015561,0.277399
249.704509,1786670519.900075,1769605569.157693,1769605569.257814,map_start,map,map_start,map_start,map_start,0.000000,0.000000,1166,0,8053,24770,354,696,4,340,340,19,0,3,0.502263,0.000000,0.653717,73,0.476235,0,0.831857,inf,1,0.008873,0.001625,0.010504,0.267196
250.500161,1786670520.298343,1769605569.557795,1769605569.557795,map_start,map,map_start,map_start,map_start,0.000000,0.000000,1112,0,8088,24924,349,684,4,335,335,16,0,3,0.502263,0.000000,0.653717,61,0.477478,0,0.798866,inf,1,0.008799,0.002603,0.011415,0.270427
251.332267,1786670520.712511,1769605569.857753,1769605569.957718,map_start,map,map_start,map_start,map_start,0.000000,0.000000,1151,0,8121,25018,351,663,5,334,334,14,0,3,0.502263,0.000000,0.653717,60,0.472914,0,0.695500,inf,1,0.016895,0.001694,0.018598,0.270427
252.124073,1786670521.106800,1769605570.257807,1769605570.357834,map_start,map,map_start,map_start,map_start,0.000000,0.000000,1173,0,8184,25103,354,694,5,337,337,19,0,3,0.502263,0.000000,0.653717,63,0.475332,0,0.628659,inf,1,0.013318,0.004206,0.017541,0.304952
252.899836,1786670521.496078,1769605570.557859,1769605570.657718,map_start,map,map_start,map_start,map_start,0.000000,0.000000,1248,0,8207,25405,346,651,5,329,329,14,0,3,0.502263,0.000000,0.653717,52,0.473923,0,0.603329,inf,1,0.013511,0.001637,0.015156,0.297713
253.696765,1786670521.896453,1769605570.957774,1769605571.057793,map_start,map,map_start,map_start,map_start,0.000000,0.000000,1257,0,8236,25445,351,664,5,334,334,11,0,3,0.502263,0.000000,0.653717,51,0.475210,0,0.703514,inf,1,0.011374,0.001699,0.013080,0.276262
254.486696,1786670522.290844,1769605571.257715,1769605571.357816,map_start,map,map_start,map_start,map_start,0.000000,0.000000,1204,0,8272,25585,344,641,5,327,327,11,0,3,0.502263,0.000000,0.653717,48,0.472420,0,0.910730,inf,1,0.011791,0.001658,0.013457,0.272661
255.285074,1786670522.689549,1769605571.657768,1769605571.757888,map_start,map,map_start,map_start,map_start,0.000000,0.000000,1258,0,8303,25681,341,626,5,325,325,7,0,3,0.502263,0.000000,0.653717,37,0.479271,0,1.038630,inf,1,0.011199,0.001666,0.012876,0.255171
256.082968,1786670523.089414,1769605572.057691,1769605572.057691,map_start,map,map_start,map_start,map_start,0.000000,0.000000,1293,0,8342,25765,343,623,5,327,327,6,0,3,0.502263,0.000000,0.653717,35,0.462319,0,1.033855,inf,1,0.013802,0.002470,0.016284,0.255171
256.884253,1786670523.488029,1769605572.257756,1769605572.457664,map_start,map,map_start,map_start,map_start,0.000000,0.000000,1271,0,8354,25802,344,630,5,245,245,6,0,3,0.502263,0.000000,0.653717,37,0.479271,0,1.062663,inf,1,0.016422,0.002114,0.018546,0.256440
257.694445,1786670523.891232,1769605572.757801,1769605572.757801,map_start,map,map_start,map_start,map_start,0.000000,0.000000,1212,0,8377,25842,346,650,4,332,332,8,0,3,0.502263,0.000000,0.653717,38,0.468693,0,1.207976,inf,1,0.013956,0.001762,0.015729,0.268859
258.500226,1786670524.294746,1769605573.057756,1769605573.159982,map_start,map,map_start,map_start,map_start,0.000000,0.000000,1178,0,8384,25873,348,646,4,334,334,10,0,3,0.502263,0.000000,0.653717,42,0.467733,0,1.146129,inf,1,0.013618,0.001684,0.015309,0.268390
259.294272,1786670524.694489,1769605573.457775,1769605573.457775,map_start,map,map_start,map_start,map_start,0.000000,0.000000,1143,0,8411,25917,355,689,4,341,341,13,0,3,0.502263,0.000000,0.653717,43,0.474315,0,1.444633,inf,1,0.012737,0.002340,0.015090,0.268390
260.123733,1786670525.108089,1769605573.757834,1769605573.857661,map_start,map,map_start,map_start,map_start,0.000000,0.000000,1074,0,8417,25929,355,695,4,341,341,15,0,3,0.502263,0.000000,0.653717,45,0.489100,0,1.465850,inf,1,0.011397,0.001735,0.013141,0.295622
260.902179,1786670525.496606,1769605574.157777,1769605574.257726,map_start,map,map_start,map_start,map_start,0.000000,0.000000,1057,0,8442,25998,357,683,4,343,343,13,0,3,0.502263,0.000000,0.653717,47,0.482103,0,1.498682,inf,1,0.010094,0.001672,0.011776,0.277640
261.714153,1786670525.905654,1769605574.557647,1769605574.557647,map_start,map,map_start,map_start,map_start,0.000000,0.000000,996,0,8458,26046,357,689,4,343,343,14,0,3,0.502263,0.000000,0.653717,46,0.470904,0,1.207030,inf,1,0.014141,0.002519,0.016688,0.277640
262.539881,1786670526.314068,1769605574.857782,1769605574.957754,map_start,map,map_start,map_start,map_start,0.000000,0.000000,972,0,8477,26056,361,705,4,347,347,15,0,3,0.502263,0.000000,0.653717,54,0.478865,0,1.047306,inf,1,0.018559,0.001816,0.020382,0.290295
263.344523,1786670526.718233,1769605575.257709,1769605575.357845,map_start,map,map_start,map_start,map_start,0.000000,0.000000,969,0,8490,26100,369,740,4,355,355,20,0,3,0.502263,0.000000,0.653717,63,0.471817,0,0.784608,inf,1,0.018155,0.003598,0.021778,0.308539
264.152255,1786670527.122755,1769605575.557738,1769605575.657732,map_start,map,map_start,map_start,map_start,0.000000,0.000000,997,0,8528,26125,369,718,4,355,355,19,0,3,0.502263,0.000000,0.653717,55,0.462366,0,0.598746,inf,1,0.016238,0.001670,0.017915,0.316745
264.973447,1786670527.531864,1769605575.957628,1769605576.057719,map_start,map,map_start,map_start,map_start,0.000000,0.000000,981,0,8564,26509,378,756,4,364,364,7,0,3,0.502263,0.000000,0.653717,70,0.454534,0,0.809250,inf,1,0.009743,0.001704,0.011456,0.326149
265.802873,1786670527.945345,1769605576.357787,1769605576.457716,map_start,map,map_start,map_start,map_start,0.000000,0.000000,1069,0,8587,26634,379,753,4,365,365,27,0,3,0.502263,0.000000,0.653717,67,0.464967,0,0.905582,inf,1,0.010974,0.001765,0.012748,0.347833
266.586129,1786670528.339226,1769605576.757728,1769605576.757728,map_start,map,map_start,map_start,map_start,0.000000,0.000000,1088,0,8614,26675,375,729,4,361,361,17,0,3,0.502263,0.000000,0.653717,55,0.482601,0,0.650976,inf,1,0.013795,0.002982,0.016790,0.369072
267.396594,1786670528.743765,1769605577.057776,1769605577.157748,map_start,map,map_start,map_start,map_start,0.000000,0.000000,1121,0,8649,26731,373,715,4,359,359,16,0,3,0.502263,0.000000,0.653717,50,0.474094,0,0.857252,inf,1,0.012526,0.001730,0.014264,0.368057
268.212067,1786670529.151924,1769605577.457701,1769605577.457701,map_start,map,map_start,map_start,map_start,0.000000,0.000000,1109,0,8661,26783,372,718,4,358,358,16,0,3,0.502263,0.000000,0.653717,56,0.491871,0,0.820023,inf,1,0.015635,0.004292,0.019943,0.368057
269.004199,1786670529.550701,1769605577.757780,1769605577.857948,map_start,map,map_start,map_start,map_start,0.000000,0.000000,1137,0,8686,26815,384,756,4,370,370,15,0,3,0.502263,0.000000,0.653717,60,0.480187,0,0.904755,inf,1,0.008512,0.001827,0.010348,0.371643
269.815431,1786670529.954700,1769605578.157767,1769605578.157767,map_start,map,map_start,map_start,map_start,0.000000,0.000000,1113,0,8697,26839,384,739,4,370,370,17,0,3,0.502263,0.000000,0.653717,65,0.473183,0,0.916201,inf,1,0.015489,0.001742,0.017244,0.371643
270.637917,1786670530.363394,1769605578.457785,1769605578.557742,map_start,map,map_start,map_start,map_start,0.000000,0.000000,1135,0,8712,26907,389,774,4,375,375,23,0,3,0.502263,0.000000,0.653717,79,0.460861,0,0.923387,inf,1,0.021424,0.002014,0.023448,0.385367
271.428098,1786670530.762452,1769605578.857732,1769605578.957785,map_start,map,map_start,map_start,map_start,0.000000,0.000000,1161,0,8747,26951,386,746,4,372,372,15,0,3,0.502263,0.000000,0.653717,64,0.457754,0,0.934209,inf,1,0.011892,0.001746,0.013646,0.410753
272.217211,1786670531.156780,1769605579.257814,1769605579.257814,map_start,map,map_start,map_start,map_start,0.000000,0.000000,1193,0,8781,27023,375,696,5,359,359,11,0,3,0.502263,0.000000,0.653717,51,0.483543,0,0.689728,inf,1,0.011582,0.002580,0.014175,0.392992
273.017810,1786670531.556317,1769605579.557692,1769605579.657809,map_start,map,map_start,map_start,map_start,0.000000,0.000000,1192,0,8789,27091,377,706,4,363,363,11,0,3,0.502263,0.000000,0.653717,55,0.472973,0,0.656598,inf,1,0.016392,0.001778,0.018179,0.392992
273.807462,1786670531.950313,1769605579.957690,1769605579.957690,map_start,map,map_start,map_start,map_start,0.000000,0.000000,1272,0,8834,27188,379,714,4,365,365,14,0,3,0.502263,0.000000,0.653717,61,0.459375,0,0.640413,inf,1,0.012607,0.001780,0.014394,0.375326
274.618982,1786670532.353738,1769605580.257743,1769605580.357871,map_start,map,map_start,map_start,map_start,0.000000,0.000000,1285,0,8854,27240,385,724,5,369,369,14,0,3,0.502263,0.000000,0.653717,61,0.476051,0,0.649387,inf,1,0.010793,0.001787,0.012588,0.375326
275.450868,1786670532.773309,1769605580.657730,1769605580.757729,map_start,map,map_start,map_start,map_start,0.000000,0.000000,1270,0,8877,27284,395,765,4,381,381,19,0,3,0.502263,0.000000,0.653717,70,0.471775,0,0.654888,inf,1,0.020480,0.001782,0.022271,0.390055
276.229226,1786670533.161882,1769605580.957731,1769605581.057742,map_start,map,map_start,map_start,map_start,0.000000,0.000000,1235,0,8869,27886,391,760,4,377,377,17,0,3,0.502263,0.000000,0.653717,63,0.462763,0,0.830084,inf,1,0.014355,0.002306,0.016673,0.425041
277.037056,1786670533.565696,1769605581.357779,1769605581.457622,map_start,map,map_start,map_start,map_start,0.000000,0.000000,1250,0,8887,27966,388,748,4,374,374,15,0,3,0.502263,0.000000,0.653717,61,0.485264,0,0.629786,inf,1,0.013425,0.001803,0.015238,0.404683
277.830374,1786670533.959494,1769605581.657805,1769605581.757757,map_start,map,map_start,map_start,map_start,0.000000,0.000000,1296,0,8912,28030,391,756,4,377,377,16,0,3,0.502263,0.000000,0.653717,63,0.482636,0,0.610649,inf,1,0.013917,0.001757,0.015682,0.404868
278.648126,1786670534.368187,1769605582.057760,1769605582.157743,map_start,map,map_start,map_start,map_start,0.000000,0.000000,1270,0,8943,28202,388,762,4,374,374,15,0,3,0.502263,0.000000,0.653717,62,0.459028,0,0.555030,inf,1,0.025772,0.002136,0.027917,0.398302
279.430393,1786670534.761139,1769605582.457785,1769605582.457785,map_start,map,map_start,map_start,map_start,0.000000,0.000000,1314,0,8963,28306,386,743,4,372,372,15,0,3,0.502263,0.000000,0.653717,62,0.471942,0,0.512355,inf,1,0.021014,0.001893,0.022915,0.404481
280.228516,1786670535.159853,1769605582.757792,1769605582.857696,map_start,map,map_start,map_start,map_start,0.000000,0.000000,1312,0,8997,28366,391,747,4,377,377,13,0,3,0.502263,0.000000,0.653717,52,0.484053,0,0.738907,inf,1,0.012332,0.001796,0.014137,0.404481
281.049578,1786670535.572900,1769605583.157807,1769605583.257752,map_start,map,map_start,map_start,map_start,0.000000,0.000000,1390,0,9080,28614,396,771,4,382,382,16,0,3,0.502263,0.000000,0.653717,60,0.463357,0,0.734559,inf,1,0.019965,0.004458,0.024448,0.421252
281.845028,1786670535.966419,1769605583.557711,1769605583.557711,map_start,map,map_start,map_start,map_start,0.000000,0.000000,1374,0,9103,28666,397,775,4,383,383,14,0,3,0.502263,0.000000,0.653717,60,0.489024,0,0.730814,inf,1,0.016470,0.001863,0.018342,0.421252
282.628678,1786670536.360043,1769605583.857810,1769605583.957678,map_start,map,map_start,map_start,map_start,0.000000,0.000000,1377,0,9116,28710,390,761,4,376,376,13,0,3,0.502263,0.000000,0.653717,55,0.484103,0,0.757279,inf,1,0.012273,0.001813,0.014093,0.397114
283.427688,1786670536.759203,1769605584.257704,1769605584.257704,map_start,map,map_start,map_start,map_start,0.000000,0.000000,1369,0,9147,28746,394,788,4,380,380,12,0,3,0.502263,0.000000,0.653717,55,0.493555,0,0.560565,inf,1,0.016191,0.001856,0.018055,0.397114
284.212692,1786670537.153019,1769605584.557782,1769605584.657942,map_start,map,map_start,map_start,map_start,0.000000,0.000000,1314,0,9152,28990,391,770,4,377,377,11,0,3,0.502263,0.000000,0.653717,47,0.469684,0,0.544727,inf,1,0.014638,0.001792,0.016440,0.399812
285.012904,1786670537.551123,1769605584.957695,1769605584.957695,map_start,map,map_start,map_start,map_start,0.000000,0.000000,1331,0,9160,29050,392,769,4,378,378,10,0,3,0.502263,0.000000,0.653717,46,0.472274,0,0.533157,inf,1,0.012002,0.002033,0.014042,0.385068
285.809024,1786670537.950062,1769605585.257665,1769605585.357712,map_start,map,map_start,map_start,map_start,0.000000,0.000000,1331,0,9170,29082,392,757,4,378,378,7,0,3,0.502263,0.000000,0.653717,44,0.470840,0,0.564360,inf,1,0.011152,0.002272,0.013435,0.377663
286.614967,1786670538.353937,1769605585.657787,1769605585.757777,map_start,map,map_start,map_start,map_start,0.000000,0.000000,1366,0,9193,29126,392,764,4,378,378,7,0,3,0.502263,0.000000,0.653717,43,0.483918,0,0.601731,inf,1,0.020486,0.001856,0.022349,0.377663
287.410621,1786670538.753043,1769605585.957703,1769605586.057703,map_start,map,map_start,map_start,map_start,0.000000,0.000000,1377,0,9222,29194,399,779,4,385,385,6,0,3,0.502263,0.000000,0.653717,50,0.472930,0,0.604308,inf,1,0.020199,0.001942,0.022148,0.385325
288.205548,1786670539.151400,1769605586.357753,1769605586.457676,map_start,map,map_start,map_start,map_start,0.000000,0.000000,1342,0,9235,29226,399,782,4,385,385,6,0,3,0.502263,0.000000,0.653717,46,0.484173,0,0.627307,inf,1,0.015542,0.002555,0.018108,0.382066
289.032763,1786670539.560681,1769605586.757699,1769605586.757699,map_start,map,map_start,map_start,map_start,0.000000,0.000000,1317,0,9257,29254,403,807,4,389,389,9,0,3,0.502263,0.000000,0.653717,51,0.475830,0,0.600411,inf,1,0.014967,0.003053,0.018033,0.381956
289.819917,1786670539.954268,1769605587.057800,1769605587.157866,map_start,map,map_start,map_start,map_start,0.000000,0.000000,1335,0,9281,29302,406,819,4,392,392,14,0,3,0.502263,0.000000,0.653717,57,0.486243,0,0.605367,inf,1,0.021561,0.001995,0.023566,0.400554
290.624503,1786670540.358249,1769605587.457792,1769605587.457792,map_start,map,map_start,map_start,map_start,0.000000,0.000000,1383,0,9320,29355,408,826,4,394,394,16,0,3,0.502263,0.000000,0.653717,60,0.481476,0,0.763190,inf,1,0.019658,0.001896,0.021562,0.388431
291.402730,1786670540.747913,1769605587.757716,1769605587.857592,map_start,map,map_start,map_start,map_start,0.000000,0.000000,1364,0,9313,29378,404,801,5,378,378,14,0,3,0.502263,0.000000,0.653717,51,0.485973,0,0.946525,inf,1,0.008359,0.001875,0.010243,0.375992
292.225020,1786670541.161391,1769605588.157675,1769605588.257731,map_start,map,map_start,map_start,map_start,0.000000,0.000000,1366,0,9353,29411,403,812,5,377,377,13,0,3,0.502263,0.000000,0.653717,48,0.492777,0,1.215580,inf,1,0.018396,0.001924,0.020330,0.400639
293.031603,1786670541.560800,1769605588.457821,1769605588.557760,map_start,map,map_start,map_start,map_start,0.000000,0.000000,1357,0,9384,29437,414,846,5,388,388,12,0,3,0.502263,0.000000,0.653717,54,0.486098,0,1.235771,inf,1,0.017539,0.001924,0.019472,0.400639
293.835550,1786670541.964349,1769605588.857796,1769605588.957770,map_start,map,map_start,map_start,map_start,0.000000,0.000000,1376,0,9394,29471,416,849,6,387,387,12,0,3,0.502263,0.000000,0.653717,54,0.465804,0,1.224183,inf,1,0.020844,0.002055,0.022909,0.401089
294.627266,1786670542.358265,1769605589.057736,1769605589.257740,map_start,map,map_start,map_start,map_start,0.000000,0.000000,1375,0,9426,29517,424,871,7,393,393,13,0,3,0.502263,0.000000,0.653717,61,0.474351,0,1.248884,inf,1,0.009182,0.001985,0.011175,0.404912
295.428086,1786670542.762533,1769605589.557742,1769605589.657729,map_start,map,map_start,map_start,map_start,0.000000,0.000000,1365,0,9486,29549,418,854,6,389,389,11,0,3,0.502263,0.000000,0.653717,51,0.472720,0,1.194295,inf,1,0.012674,0.001918,0.014600,0.399365
296.252015,1786670543.170575,1769605589.957817,1769605590.057772,map_start,map,map_start,map_start,map_start,0.000000,0.000000,1420,0,9542,29612,422,871,6,393,393,9,0,3,0.502263,0.000000,0.653717,50,0.479631,0,0.911432,inf,1,0.023766,0.006877,0.030666,0.404040
297.029959,1786670543.559721,1769605590.257746,1769605590.357854,map_start,map,map_start,map_start,map_start,0.000000,0.000000,1461,0,9585,29698,417,886,5,391,391,13,0,3,0.502263,0.000000,0.653717,56,0.477119,0,0.818048,inf,1,0.011843,0.002843,0.014696,0.428891
297.838987,1786670543.968284,1769605590.557717,1769605590.757744,map_start,map,map_start,map_start,map_start,0.000000,0.000000,1439,0,9611,29758,419,880,5,393,393,15,0,3,0.502263,0.000000,0.653717,58,0.504020,0,0.692816,inf,1,0.019091,0.001984,0.021084,0.399971
298.642427,1786670544.367560,1769605590.957735,1769605591.057769,map_start,map,map_start,map_start,map_start,0.000000,0.000000,1422,0,9628,29798,413,855,5,387,387,17,0,3,0.502263,0.000000,0.653717,61,0.471805,0,0.731432,inf,1,0.023702,0.002292,0.026007,0.410749
299.435891,1786670544.766307,1769605591.357717,1769605591.457699,map_start,map,map_start,map_start,map_start,0.000000,0.000000,1471,0,9666,29884,417,874,5,391,391,17,0,3,0.502263,0.000000,0.653717,60,0.483560,0,0.807437,inf,1,0.012197,0.002413,0.014621,0.415886
300.251857,1786670545.170958,1769605591.657715,1769605591.757840,map_start,map,map_start,map_start,map_start,0.000000,0.000000,1484,0,9698,29940,416,872,5,390,390,26,0,3,0.502263,0.000000,0.653717,67,0.469162,0,0.904809,inf,1,0.020509,0.002143,0.022662,0.402201
301.071904,1786670545.580201,1769605592.157745,1769605592.157745,map_start,map,map_start,map_start,map_start,0.000000,0.000000,1392,0,9709,29950,420,897,5,394,394,26,0,3,0.502263,0.000000,0.653717,78,0.474946,0,0.752124,inf,1,0.012436,0.002127,0.014572,0.418590
301.868044,1786670545.979496,1769605592.457696,1769605592.557760,map_start,map,map_start,map_start,map_start,0.000000,0.000000,1408,0,9734,29985,419,885,5,393,393,22,0,3,0.502263,0.000000,0.653717,72,0.469994,0,0.828638,inf,1,0.020686,0.002032,0.022726,0.439862
302.644625,1786670546.369593,1769605592.758149,1769605592.857887,map_start,map,map_start,map_start,map_start,0.000000,0.000000,1363,0,9770,30044,428,910,5,402,402,19,0,3,0.502263,0.000000,0.653717,80,0.479184,0,0.877470,inf,1,0.009648,0.002066,0.011725,0.438127
303.459912,1786670546.774045,1769605593.157719,1769605593.257715,map_start,map,map_start,map_start,map_start,0.000000,0.000000,1433,0,9842,30169,433,913,5,407,407,17,0,3,0.502263,0.000000,0.653717,81,0.476593,0,0.880267,inf,1,0.018460,0.002048,0.020516,0.414794
304.242088,1786670547.167849,1769605593.557641,1769605593.557641,map_start,map,map_start,map_start,map_start,0.000000,0.000000,1485,0,9895,30229,432,890,5,406,406,15,0,3,0.502263,0.000000,0.653717,77,0.469928,0,0.663271,inf,1,0.010803,0.002062,0.012874,0.430127
305.047488,1786670547.568178,1769605593.857726,1769605593.957774,map_start,map,map_start,map_start,map_start,0.000000,0.000000,1503,0,9922,30269,431,866,5,405,405,17,0,3,0.502263,0.000000,0.653717,72,0.464260,0,0.664081,inf,1,0.014813,0.002568,0.017393,0.416271
305.855107,1786670547.971831,1769605594.257727,1769605594.257727,map_start,map,map_start,map_start,map_start,0.000000,0.000000,1523,0,9942,30329,433,882,5,407,407,14,0,3,0.502263,0.000000,0.653717,68,0.485558,0,0.683613,inf,1,0.020253,0.002050,0.022311,0.420547
306.655733,1786670548.376280,1769605594.557922,1769605594.657861,map_start,map,map_start,map_start,map_start,0.000000,0.000000,1465,0,9951,30357,435,876,5,409,409,11,0,3,0.502263,0.000000,0.653717,69,0.475021,0,0.373274,inf,1,0.017060,0.002087,0.019160,0.429516
307.444969,1786670548.770485,1769605594.957733,1769605595.057710,map_start,map,map_start,map_start,map_start,0.000000,0.000000,1459,0,9966,30392,430,846,5,404,404,3,0,3,0.502263,0.000000,0.653717,55,0.472127,0,0.348971,inf,1,0.014815,0.002420,0.017247,0.422352
308.276754,1786670549.184851,1769605595.357837,1769605595.357837,map_start,map,map_start,map_start,map_start,0.000000,0.000000,1523,0,10013,30461,438,873,5,412,412,1,0,3,0.502263,0.000000,0.653717,59,0.488215,0,0.341324,inf,1,0.018589,0.002070,0.020669,0.413661
309.072133,1786670549.584157,1769605595.657705,1769605595.757875,map_start,map,map_start,map_start,map_start,0.000000,0.000000,1543,0,10030,30516,433,823,5,407,407,1,0,3,0.502263,0.000000,0.653717,59,0.488215,0,0.291822,inf,1,0.019596,0.002023,0.021627,0.446522
309.869075,1786670549.983181,1769605596.057781,1769605596.057781,map_start,map,map_start,map_start,map_start,0.000000,0.000000,1602,0,10059,30568,440,825,5,414,414,2,0,3,0.502263,0.000000,0.653717,66,0.483253,0,0.288017,inf,1,0.011068,0.002465,0.013543,0.444517
310.692003,1786670550.392485,1769605596.358131,1769605596.457730,map_start,map,map_start,map_start,map_start,0.000000,0.000000,1673,0,10081,30661,440,815,6,411,411,1,0,3,0.502263,0.000000,0.653717,58,0.483147,0,0.250490,inf,1,0.032010,0.003607,0.035633,0.441553
311.511383,1786670550.802042,1769605596.757730,1769605596.857802,map_start,map,map_start,map_start,map_start,0.000000,0.000000,1747,0,10102,30741,445,823,6,416,416,1,0,3,0.502263,0.000000,0.653717,54,0.485756,0,0.423017,inf,1,0.013561,0.003649,0.017224,0.467688
312.357595,1786670551.226100,1769605597.157758,1769605597.257958,map_start,map,map_start,map_start,map_start,0.000000,0.000000,1856,0,10137,32189,461,828,6,432,432,13,0,3,0.502263,0.000000,0.653717,68,0.474974,0,0.451615,inf,1,0.015258,0.002181,0.017446,0.477605
313.162698,1786670551.629562,1769605597.457772,1769605597.557744,map_start,map,map_start,map_start,map_start,0.000000,0.000000,1929,0,10169,32304,457,803,7,425,425,4,0,3,0.502263,0.000000,0.653717,56,0.482898,0,0.411821,inf,1,0.019810,0.002164,0.021983,0.534473
313.973063,1786670552.032946,1769605597.857699,1769605597.957742,map_start,map,map_start,map_start,map_start,0.000000,0.000000,1980,0,10196,32418,448,751,7,416,416,2,0,3,0.502263,0.000000,0.653717,56,0.469793,0,0.377178,inf,1,0.013746,0.002086,0.015841,0.533331
314.761617,1786670552.426529,1769605598.257716,1769605598.257716,map_start,map,map_start,map_start,map_start,0.000000,0.000000,2026,0,10226,32524,460,786,6,431,431,2,0,3,0.502263,0.000000,0.653717,67,0.469793,0,0.370309,inf,1,0.011507,0.002375,0.013894,0.545938
315.568230,1786670552.829281,1769605598.557688,1769605598.657699,map_start,map,map_start,map_start,map_start,0.000000,0.000000,2079,0,10242,32882,456,775,6,428,428,2,0,3,0.502263,0.000000,0.653717,62,0.469793,0,0.350225,inf,1,0.017689,0.002259,0.019957,0.527521
316.384333,1786670553.237272,1769605598.957703,1769605599.057778,map_start,map,map_start,map_start,map_start,0.000000,0.000000,2116,0,10262,32934,446,752,7,416,416,1,0,3,0.502263,0.000000,0.653717,56,0.456072,0,0.340647,inf,1,0.025858,0.002325,0.028192,0.538794
317.145720,1786670553.621042,1769605599.257756,1769605599.357900,map_start,map,map_start,map_start,map_start,0.000000,0.000000,2124,0,10281,32986,445,754,6,417,417,3,0,3,0.502263,0.000000,0.653717,57,0.469793,0,0.339124,inf,1,0.010882,0.002122,0.013012,0.558717
317.968851,1786670554.029357,1769605599.657781,1769605599.757866,map_start,map,map_start,map_start,map_start,0.000000,0.000000,2174,0,10316,33064,450,760,6,422,422,3,0,3,0.502263,0.000000,0.653717,58,0.462460,0,0.337627,inf,1,0.013525,0.003791,0.017329,0.514154
318.818966,1786670554.453585,1769605600.057757,1769605600.057757,map_start,map,map_start,map_start,map_start,0.000000,0.000000,2199,0,10332,33116,450,758,6,422,422,4,0,3,0.502263,0.000000,0.653717,59,0.477893,0,0.343506,inf,1,0.023534,0.004480,0.028033,0.539472
319.580933,1786670554.836573,1769605600.357723,1769605600.457728,map_start,map,map_start,map_start,map_start,0.000000,0.000000,2255,0,10353,33180,455,768,6,427,427,4,0,3,0.502263,0.000000,0.653717,60,0.477893,0,0.527393,inf,1,0.015590,0.002262,0.017862,0.592423
320.396592,1786670555.244643,1769605600.757761,1769605600.857717,map_start,map,map_start,map_start,map_start,0.000000,0.000000,2294,0,10379,33234,449,758,6,421,421,4,0,3,0.502263,0.000000,0.653717,47,0.481119,0,0.358920,inf,1,0.011444,0.002349,0.013802,0.557661
321.201114,1786670555.647741,1769605601.157775,1769605601.157775,map_start,map,map_start,map_start,map_start,0.000000,0.000000,2312,0,10387,33288,450,760,7,420,420,1,0,3,0.502263,0.000000,0.653717,42,0.480762,0,0.481551,inf,1,0.018357,0.002215,0.020581,0.566650
321.998424,1786670556.046714,1769605601.457807,1769605601.557799,map_start,map,map_start,map_start,map_start,0.000000,0.000000,2373,0,10405,33319,449,747,7,420,1,0,0,3,0.502263,0.000000,0.653717,44,0.456460,0,0.221685,inf,1,0.017589,0.002498,0.020098,0.575406
322.815283,1786670556.455495,1769605601.857887,1769605601.857887,map_start,map,map_start,map_start,map_start,0.000000,0.000000,2456,0,10421,33379,445,741,7,416,1,0,0,3,0.502263,0.000000,0.653717,48,0.482811,0,0.223216,inf,1,0.019896,0.002445,0.022352,0.565123
323.591880,1786670556.844508,1769605602.157790,1769605602.257776,map_start,map,map_start,map_start,map_start,0.000000,0.000000,2521,0,10432,33419,452,752,8,420,1,0,0,3,0.502263,0.000000,0.653717,49,0.486849,0,0.223908,inf,1,0.016980,0.002337,0.019325,0.584366
324.416366,1786670557.254504,1769605602.557771,1769605602.657777,map_start,map,map_start,map_start,map_start,0.000000,0.000000,2577,0,10464,33449,454,749,9,419,1,0,0,3,0.502263,0.000000,0.653717,49,0.491453,0,0.225302,inf,1,0.027652,0.004952,0.032624,0.589149
325.260781,1786670557.674311,1769605602.957683,1769605602.957683,map_start,map,map_start,map_start,map_start,0.000000,0.000000,2673,0,10484,33477,454,746,9,418,1,0,0,3,0.502263,0.000000,0.653717,50,0.475735,0,0.223106,inf,1,0.017228,0.002399,0.019635,0.589149
326.037077,1786670558.063056,1769605603.257856,1769605603.357682,map_start,map,map_start,map_start,map_start,0.000000,0.000000,2786,0,10504,33493,452,731,9,415,1,0,0,3,0.502263,0.000000,0.653717,51,0.483506,0,0.226301,inf,1,0.011050,0.002684,0.013746,0.634819
326.847747,1786670558.471559,1769605603.657788,1769605603.657788,map_start,map,map_start,map_start,map_start,0.000000,0.000000,2844,0,10512,33517,448,732,8,417,1,0,0,3,0.502263,0.000000,0.653717,50,0.483506,0,0.438260,inf,1,0.022586,0.002388,0.024981,0.612381
327.638445,1786670558.865842,1769605603.957668,1769605604.057723,map_start,map,map_start,map_start,map_start,0.000000,0.000000,2912,0,10510,33525,442,743,6,414,414,2,0,3,0.502263,0.000000,0.653717,65,0.476380,0,0.660721,inf,1,0.018158,0.002399,0.020564,0.614541
328.436715,1786670559.264852,1769605604.357741,1769605604.457745,map_start,map,map_start,map_start,map_start,0.000000,0.000000,3012,0,10532,33541,440,739,6,412,412,16,0,3,0.502263,0.000000,0.653717,62,0.483506,0,0.475187,inf,1,0.021722,0.002313,0.024044,0.609020
329.229765,1786670559.658739,1769605604.757854,1769605604.757854,map_start,map,map_start,map_start,map_start,0.000000,0.000000,3037,0,10520,33559,439,736,6,411,411,9,0,3,0.502263,0.000000,0.653717,58,0.474614,0,0.324407,inf,1,0.014398,0.002417,0.016823,0.604039
330.008249,1786670560.052970,1769605605.057757,1769605605.157701,map_start,map,map_start,map_start,map_start,0.000000,0.000000,3084,0,10529,33561,435,720,7,406,1,0,0,3,0.502263,0.000000,0.653717,47,0.478320,0,0.252311,inf,1,0.014180,0.002567,0.016755,0.604039
330.828594,1786670560.461287,1769605605.457839,1769605605.457839,map_start,map,map_start,map_start,map_start,0.000000,0.000000,3081,0,10535,33563,435,717,7,404,1,0,0,3,0.502263,0.000000,0.653717,48,0.477636,0,0.250446,inf,1,0.017590,0.002368,0.019965,0.604967
331.594566,1786670560.845193,1769605605.757687,1769605605.857714,map_start,map,map_start,map_start,map_start,0.000000,0.000000,3120,0,10535,33564,436,720,7,405,405,1,0,3,0.502263,0.000000,0.653717,48,0.472151,0,0.513981,inf,1,0.011236,0.002460,0.013704,0.565612
332.436942,1786670561.263525,1769605606.157831,1769605606.157831,map_start,map,map_start,map_start,map_start,0.000000,0.000000,3132,0,10523,33564,436,728,7,404,404,1,0,3,0.502263,0.000000,0.653717,61,0.463593,0,0.646442,inf,1,0.025027,0.002414,0.027451,0.565612
333.219949,1786670561.657392,1769605606.457833,1769605606.557822,map_start,map,map_start,map_start,map_start,0.000000,0.000000,3177,0,10535,33572,439,733,8,403,403,15,0,3,0.502263,0.000000,0.653717,59,0.471126,0,0.645459,inf,1,0.022158,0.002430,0.024596,0.610171
334.008832,1786670562.050791,1769605606.857803,1769605606.857803,map_start,map,map_start,map_start,map_start,0.000000,0.000000,3202,0,10520,33573,441,737,6,414,414,17,0,3,0.502263,0.000000,0.653717,61,0.472605,0,0.644142,inf,1,0.014473,0.002333,0.016814,0.594766
334.871122,1786670562.479932,1769605607.257840,1769605607.257840,map_start,map,map_start,map_start,map_start,0.000000,0.000000,3244,0,10549,33574,444,743,5,419,419,17,0,3,0.502263,0.000000,0.653717,55,0.461213,0,0.624457,inf,1,0.019232,0.002413,0.021654,0.575455
335.660719,1786670562.878174,1769605607.557878,1769605607.657684,map_start,map,map_start,map_start,map_start,0.000000,0.000000,3303,0,10547,33582,454,762,4,431,431,17,0,3,0.502263,0.000000,0.653717,66,0.474638,0,0.615293,inf,1,0.016643,0.002468,0.019121,0.634304
336.464810,1786670563.277310,1769605607.857772,1769605607.957710,map_start,map,map_start,map_start,map_start,0.000000,0.000000,3310,0,10568,33590,454,752,5,429,429,17,0,3,0.502263,0.000000,0.653717,65,0.466154,0,0.629189,inf,1,0.031408,0.003261,0.034681,0.634304
337.246832,1786670563.671805,1769605608.257905,1769605608.357856,map_start,map,map_start,map_start,map_start,0.000000,0.000000,2584,0,10577,36174,451,741,5,426,426,13,0,3,0.502263,0.000000,0.653717,53,0.459119,0,0.624372,inf,1,0.014810,0.002412,0.017228,0.639163
338.020290,1786670564.055353,1769605608.657710,1769605608.657710,map_start,map,map_start,map_start,map_start,0.000000,0.000000,3255,0,10593,38474,450,739,5,425,425,12,0,3,0.502263,0.000000,0.653717,51,0.472863,0,0.621644,inf,1,0.013889,0.002414,0.016311,0.613240
338.819615,1786670564.454427,1769605608.957715,1769605609.057821,map_start,map,map_start,map_start,map_start,0.000000,0.000000,3284,0,10621,38563,449,737,5,424,424,10,0,3,0.502263,0.000000,0.653717,49,0.474983,0,0.450000,inf,1,0.011511,0.002431,0.013952,0.590016
339.652561,1786670564.873284,1769605609.257717,1769605609.457717,map_start,map,map_start,map_start,map_start,0.000000,0.000000,3309,0,10627,38586,452,739,6,426,1,0,0,3,0.502263,0.000000,0.653717,42,0.479169,0,0.216994,inf,1,0.022537,0.002474,0.025020,0.592461
340.470531,1786670565.282306,1769605609.657781,1769605609.757903,map_start,map,map_start,map_start,map_start,0.000000,0.000000,3301,0,10641,38590,451,725,7,423,1,0,0,3,0.502263,0.000000,0.653717,39,0.502608,0,0.428947,inf,1,0.019494,0.002482,0.021985,0.637372
341.232253,1786670565.660840,1769605610.057779,1769605610.157714,map_start,map,map_start,map_start,map_start,0.000000,0.000000,3272,0,10629,38598,455,743,6,428,428,1,0,3,0.502263,0.000000,0.653717,45,0.464860,0,0.436029,inf,1,0.011702,0.002511,0.014223,0.637372
342.035672,1786670566.064917,1769605610.457870,1769605610.457870,map_start,map,map_start,map_start,map_start,0.000000,0.000000,3297,0,10652,38634,453,735,6,426,426,2,0,3,0.502263,0.000000,0.653717,44,0.475727,0,0.406565,inf,1,0.015865,0.003950,0.019827,0.600363
342.888717,1786670566.490246,1769605610.757719,1769605610.857862,map_start,map,map_start,map_start,map_start,0.000000,0.000000,3297,0,10657,38634,469,760,6,441,441,2,0,3,0.502263,0.000000,0.653717,42,0.484660,0,0.395760,inf,1,0.027668,0.004976,0.032663,0.607539
343.639180,1786670566.864512,1769605611.157694,1769605611.157694,map_start,map,map_start,map_start,map_start,0.000000,0.000000,3245,0,10702,38642,466,751,8,429,1,0,0,3,0.502263,0.000000,0.653717,40,0.495014,0,0.214859,inf,1,0.011816,0.002457,0.014281,0.661858
344.427895,1786670567.258254,1769605611.457837,1769605611.557917,map_start,map,map_start,map_start,map_start,0.000000,0.000000,3318,0,10730,38646,465,743,8,427,1,0,0,3,0.502263,0.000000,0.653717,39,0.495014,0,0.262519,inf,1,0.011779,0.002564,0.014350,0.612457
345.288736,1786670567.692617,1769605611.857691,1769605611.957895,map_start,map,map_start,map_start,map_start,0.000000,0.000000,3288,0,10794,38646,475,759,8,433,1,0,0,3,0.502263,0.000000,0.653717,39,0.494232,0,0.286328,inf,1,0.014760,0.002509,0.017277,0.603249
346.065673,1786670568.081241,1769605612.257859,1769605612.257859,map_start,map,map_start,map_start,map_start,0.000000,0.000000,3286,0,10893,38662,478,759,8,436,1,0,0,3,0.502263,0.000000,0.653717,44,0.479898,0,0.259125,inf,1,0.014549,0.002530,0.017086,0.664371
346.865036,1786670568.479825,1769605612.557770,1769605612.657787,map_start,map,map_start,map_start,map_start,0.000000,0.000000,3273,0,10887,38666,466,740,8,424,1,0,0,3,0.502263,0.000000,0.653717,34,0.472360,0,0.255864,inf,1,0.014215,0.002811,0.017037,0.635163
347.643103,1786670568.867949,1769605612.957879,1769605612.957879,map_start,map,map_start,map_start,map_start,0.000000,0.000000,3305,0,10880,38690,463,727,8,425,1,0,0,3,0.502263,0.000000,0.653717,32,0.465560,0,0.257958,inf,1,0.016505,0.002569,0.019081,0.637236
348.437876,1786670569.267189,1769605613.257645,1769605613.357855,map_start,map,map_start,map_start,map_start,0.000000,0.000000,3312,0,10875,38705,460,722,9,416,1,0,0,3,0.502263,0.000000,0.653717,33,0.473143,0,0.260437,inf,1,0.014387,0.002455,0.016851,0.617612
349.251457,1786670569.671707,1769605613.657675,1769605613.657675,map_start,map,map_start,map_start,map_start,0.000000,0.000000,3322,0,10868,38723,459,718,8,421,1,0,0,3,0.502263,0.000000,0.653717,31,0.485868,0,0.261956,inf,1,0.013884,0.002478,0.016370,0.620615
350.039857,1786670570.064943,1769605613.957702,1769605614.057902,map_start,map,map_start,map_start,map_start,0.000000,0.000000,3331,0,10858,38732,459,720,7,427,1,0,0,3,0.502263,0.000000,0.653717,31,0.480317,0,0.262758,inf,1,0.011750,0.002508,0.014265,0.620615
350.837053,1786670570.463213,1769605614.357893,1769605614.357893,map_start,map,map_start,map_start,map_start,0.000000,0.000000,3342,0,10859,38732,459,717,7,427,1,0,0,3,0.502263,0.000000,0.653717,30,0.474124,0,0.264403,inf,1,0.015463,0.002559,0.018033,0.610467
351.652068,1786670570.871706,1769605614.657983,1769605614.757733,map_start,map,map_start,map_start,map_start,0.000000,0.000000,3328,0,10847,38736,459,720,6,429,1,0,0,3,0.502263,0.000000,0.653717,32,0.474490,0,0.262724,inf,1,0.016782,0.002478,0.019268,0.611808
352.452674,1786670571.274902,1769605615.057758,1769605615.157707,map_start,map,map_start,map_start,map_start,0.000000,0.000000,3322,0,10849,38736,459,720,6,429,1,0,0,3,0.502263,0.000000,0.653717,31,0.489526,0,0.266646,inf,1,0.012025,0.002534,0.014568,0.618557
353.246128,1786670571.668483,1769605615.457837,1769605615.457837,map_start,map,map_start,map_start,map_start,0.000000,0.000000,3276,0,10834,38744,457,713,7,425,1,0,0,3,0.502263,0.000000,0.653717,29,0.483158,0,0.269193,inf,1,0.022046,0.002420,0.024474,0.623398
354.074308,1786670572.082716,1769605615.757832,1769605615.857786,map_start,map,map_start,map_start,map_start,0.000000,0.000000,3272,0,10829,38744,460,717,7,428,1,0,0,3,0.502263,0.000000,0.653717,32,0.488271,0,0.267309,inf,1,0.026046,0.002530,0.028587,0.620219
354.885385,1786670572.490890,1769605616.157734,1769605616.157734,map_start,map,map_start,map_start,map_start,0.000000,0.000000,3235,0,10814,38744,457,723,7,425,1,0,0,3,0.502263,0.000000,0.653717,32,0.488271,0,0.269329,inf,1,0.020757,0.002458,0.023224,0.650408
355.662603,1786670572.879746,1769605616.457868,1769605616.557812,map_start,map,map_start,map_start,map_start,0.000000,0.000000,3222,0,10811,38744,458,723,7,426,1,0,0,3,0.502263,0.000000,0.653717,33,0.488271,0,0.272467,inf,1,0.012101,0.002717,0.014829,0.634775
356.483877,1786670573.288034,1769605616.857725,1769605616.958091,map_start,map,map_start,map_start,map_start,0.000000,0.000000,3189,0,10797,38753,454,720,6,424,1,0,0,3,0.502263,0.000000,0.653717,32,0.490578,0,0.271549,inf,1,0.015476,0.002511,0.017996,0.634775
357.256587,1786670573.672390,1769605617.157911,1769605617.257720,map_start,map,map_start,map_start,map_start,0.000000,0.000000,3141,0,10776,38753,453,718,6,423,1,0,0,3,0.502263,0.000000,0.653717,31,0.486827,0,0.266996,inf,1,0.012243,0.002457,0.014710,0.658373
358.056877,1786670574.075777,1769605617.557662,1769605617.657737,map_start,map,map_start,map_start,map_start,0.000000,0.000000,3144,0,10769,38753,453,717,6,423,1,0,0,3,0.502263,0.000000,0.653717,31,0.487052,0,0.267692,inf,1,0.017034,0.002409,0.019451,0.633233
358.846959,1786670574.469075,1769605617.957795,1769605617.957795,map_start,map,map_start,map_start,map_start,0.000000,0.000000,3124,0,10764,38753,453,716,6,423,1,0,0,3,0.502263,0.000000,0.653717,31,0.490912,0,0.269044,inf,1,0.022312,0.002465,0.024787,0.624790
359.642725,1786670574.867723,1769605618.257762,1769605618.357757,map_start,map,map_start,map_start,map_start,0.000000,0.000000,3124,0,10770,38753,453,717,6,423,1,0,0,3,0.502263,0.000000,0.653717,31,0.493109,0,0.271293,inf,1,0.014933,0.002446,0.017387,0.618794
360.467968,1786670575.282419,1769605618.557863,1769605618.657851,map_start,map,map_start,map_start,map_start,0.000000,0.000000,3104,0,10759,38753,455,719,6,425,1,0,0,3,0.502263,0.000000,0.653717,33,0.493668,0,0.271724,inf,1,0.024295,0.002471,0.026776,0.618699
361.266762,1786670575.681427,1769605618.957717,1769605619.057728,map_start,map,map_start,map_start,map_start,0.000000,0.000000,3093,0,10762,38753,459,725,6,429,1,0,0,3,0.502263,0.000000,0.653717,37,0.484150,0,0.269398,inf,1,0.011623,0.002513,0.014144,0.634266
362.065066,1786670576.079192,1769605619.357685,1769605619.357685,map_start,map,map_start,map_start,map_start,0.000000,0.000000,3098,0,10764,38753,459,724,6,429,1,0,0,3,0.502263,0.000000,0.653717,37,0.486709,0,0.266352,inf,1,0.022251,0.002503,0.024763,0.634266
362.850048,1786670576.473206,1769605619.657711,1769605619.757711,map_start,map,map_start,map_start,map_start,0.000000,0.000000,3068,0,10752,38753,459,725,6,429,1,0,0,3,0.502263,0.000000,0.653717,37,0.487497,0,0.265816,inf,1,0.011931,0.002454,0.014396,0.637027
363.651434,1786670576.806283,1769605620.057702,1769605620.057702,map_start,map,map_start,map_start,map_start,0.000000,0.000000,3070,0,10752,38753,459,723,6,429,1,0,0,3,0.502263,0.000000,0.653717,36,0.493819,0,0.267417,inf,1,0.018432,0.002497,0.020939,0.626344
