wall_elapsed_s,ros_time,map_stamp,odom_stamp,map_frame,source_odom_frame,graph_frame,goal_frame,path_frame,initial_position_error_m,initial_yaw_error_deg,static_points,dynamic_points,graph_static_points,accumulated_static_points,graph_nodes,graph_edges,graph_components,largest_component,robot_component,robot_degree,blocked_edges,path_poses,path_length_m,path_goal_error_m,path_min_clearance_m,graph_edges_checked,graph_min_clearance_m,graph_clearance_violations,robot_static_clearance_m,waypoint_path_distance_m,reached,semantic_snapshot_s,semantic_update_s,semantic_callback_s,main_loop_s
3.420643,1786670396.965421,1769605459.457861,1769605459.457861,map_start,map,map_start,,,0.000000,0.000000,364,0,109,364,22,58,1,22,22,12,0,0,0.000000,inf,inf,32,0.485995,0,1.311488,inf,0,0.003189,0.000390,0.003609,0.013987
3.420875,1786670396.965421,1769605459.457861,1769605459.457861,map_start,map,map_start,,,0.000000,0.000000,364,0,109,364,22,58,1,22,22,12,0,0,0.000000,inf,inf,32,0.485995,0,1.311488,inf,0,0.003189,0.000390,0.003609,0.000208
3.827048,1786670397.369780,1769605459.857742,1769605459.857742,map_start,map,map_start,,,0.000000,0.000000,420,0,133,432,22,57,1,22,22,11,0,0,0.000000,inf,inf,31,0.461736,0,1.039230,inf,0,0.001811,0.000394,0.002235,0.000208
4.233202,1786670397.783423,1769605460.157801,1769605460.257862,map_start,map,map_start,,,0.000000,0.000000,480,0,157,492,23,57,1,23,23,9,0,0,0.000000,inf,inf,29,0.473785,0,1.039506,inf,0,0.002024,0.000186,0.002230,0.007846
4.629812,1786670398.179087,1769605460.557768,1769605460.557768,map_start,map,map_start,,,0.000000,0.000000,536,0,181,544,21,46,1,21,21,7,0,0,0.000000,inf,inf,25,0.473785,0,1.039506,inf,0,0.002109,0.000485,0.002623,0.007846
5.038119,1786670398.581876,1769605460.857878,1769605460.957700,map_start,map,map_start,,,0.000000,0.000000,548,0,185,568,22,49,1,22,22,7,0,0,0.000000,inf,inf,26,0.473785,0,1.039506,inf,0,0.001753,0.000373,0.002153,0.016243
5.439548,1786670398.984747,1769605461.257947,1769605461.257947,map_start,map,map_start,,,0.000000,0.000000,560,0,201,584,22,50,1,22,22,8,0,0,0.000000,inf,inf,28,0.478615,0,1.041107,inf,0,0.001938,0.000385,0.002346,0.014385
5.830181,1786670399.380029,1769605461.657746,1769605461.657746,map_start,map,map_start,,,0.000000,0.000000,564,0,204,588,22,52,1,22,22,8,0,0,0.000000,inf,inf,28,0.478615,0,1.041107,inf,0,0.002315,0.000496,0.002843,0.010113
6.242560,1786670399.792567,1769605461.957834,1769605462.057748,map_start,map,map_start,,,0.000000,0.000000,560,0,207,596,23,54,1,23,23,8,0,0,0.000000,inf,inf,28,0.478615,0,1.041107,inf,0,0.002191,0.000504,0.002730,0.018975
6.627676,1786670400.176137,1769605462.357857,1769605462.357857,map_start,map,map_start,,,0.000000,0.000000,576,0,215,608,22,52,1,22,22,8,0,0,0.000000,inf,inf,27,0.473531,0,1.039914,inf,0,0.000807,0.000173,0.000992,0.011654
7.036381,1786670400.578764,1769605462.657860,1769605462.757703,map_start,map,map_start,,,0.000000,0.000000,624,0,231,656,25,60,1,25,25,8,0,0,0.000000,inf,inf,30,0.476712,0,1.039914,inf,0,0.002334,0.000521,0.002893,0.016378
7.444325,1786670400.992579,1769605463.057787,1769605463.057787,map_start,map,map_start,,,0.000000,0.000000,632,0,231,664,25,59,1,25,25,8,0,0,0.000000,inf,inf,30,0.476712,0,1.039914,inf,0,0.001961,0.000436,0.002419,0.016378
7.829578,1786670401.376095,1769605463.358770,1769605463.457826,map_start,map,map_start,,,0.000000,0.000000,624,0,231,672,29,62,2,27,27,7,0,0,0.000000,inf,inf,31,0.480433,0,1.039317,inf,0,0.002206,0.000412,0.002644,0.012928
8.231611,1786670401.779467,1769605463.757796,1769605463.757796,map_start,map,map_start,,,0.000000,0.000000,636,0,242,704,29,62,2,27,27,7,0,0,0.000000,inf,inf,31,0.455408,0,1.039317,inf,0,0.002167,0.000434,0.002628,0.011894
8.645607,1786670402.194329,1769605464.157863,1769605464.157863,map_start,map,map_start,map_start,map_start,0.000000,0.000000,652,0,245,708,28,73,1,28,28,8,0,7,9.030992,0.000000,0.830487,43,0.485456,0,1.037916,inf,0,0.002208,0.000427,0.002657,0.021265
9.041853,1786670402.588641,1769605464.457789,1769605464.557767,map_start,map,map_start,map_start,map_start,0.000000,0.000000,664,0,253,712,30,88,1,30,30,7,0,7,8.868074,0.000000,0.845746,45,0.485456,0,1.037916,0.000154,0,0.002073,0.000442,0.002539,0.023461
9.445218,1786670402.992923,1769605464.857798,1769605464.857798,map_start,map,map_start,map_start,map_start,0.000000,0.000000,656,0,250,716,30,88,1,30,30,7,0,7,8.868079,0.000000,0.845746,45,0.485456,0,1.037916,0.000000,0,0.002125,0.000421,0.002570,0.022564
9.837847,1786670403.387248,1769605465.157680,1769605465.257789,map_start,map,map_start,map_start,map_start,0.000000,0.000000,668,0,252,724,30,89,1,30,30,7,0,7,8.864676,0.000000,0.829547,45,0.455827,0,1.037884,0.007155,0,0.002202,0.000422,0.002648,0.020213
10.247095,1786670403.790730,1769605465.557701,1769605465.557701,map_start,map,map_start,map_start,map_start,0.000000,0.000000,660,0,262,740,30,89,1,30,30,7,0,7,8.865018,0.000000,0.829447,44,0.455827,0,1.037884,0.000000,0,0.002541,0.000441,0.003014,0.020213
10.644804,1786670404.194537,1769605465.957759,1769605465.957759,map_start,map,map_start,map_start,map_start,0.000000,0.000000,676,0,285,768,34,114,1,34,34,9,0,7,8.874502,0.000000,0.826723,55,0.486200,0,1.037884,0.000000,0,0.002416,0.000471,0.002916,0.020285
11.043885,1786670404.588996,1769605466.157845,1769605466.257717,map_start,map,map_start,map_start,map_start,0.000000,0.000000,763,0,323,831,38,97,3,36,1,0,0,0,0.000000,inf,inf,33,0.469297,0,0.809739,0.434373,0,0.002669,0.000545,0.003247,0.020285
11.446724,1786670404.992618,1769605466.657809,1769605466.657809,map_start,map,map_start,map_start,map_start,0.000000,0.000000,759,0,326,851,38,93,3,36,1,0,0,0,0.000000,inf,inf,34,0.469297,0,0.809739,inf,0,0.003259,0.000716,0.004006,0.024736
11.838256,1786670405.387791,1769605466.957787,1769605467.057767,map_start,map,map_start,map_start,map_start,0.000000,0.000000,859,0,361,947,38,89,3,36,1,0,0,0,0.000000,inf,inf,28,0.473552,0,0.809739,inf,0,0.003056,0.000576,0.003661,0.023729
12.239509,1786670405.781135,1769605467.357737,1769605467.357737,map_start,map,map_start,map_start,map_start,0.000000,0.000000,923,0,395,1015,43,103,3,41,1,0,0,0,0.000000,inf,inf,39,0.473552,0,0.580748,inf,0,0.001449,0.000268,0.001729,0.018676
12.655018,1786670406.205184,1769605467.657676,1769605467.757705,map_start,map,map_start,map_start,map_start,0.000000,0.000000,1013,0,438,1121,40,81,3,38,1,0,0,0,0.000000,inf,inf,32,0.500046,0,0.580748,inf,0,0.003725,0.000868,0.004623,0.030360
13.045188,1786670406.588980,1769605468.057817,1769605468.057817,map_start,map,map_start,map_start,map_start,0.000000,0.000000,1081,0,482,1169,47,92,3,45,1,0,0,0,0.000000,inf,inf,36,0.489514,0,0.580748,inf,0,0.003411,0.000732,0.004166,0.030360
13.450721,1786670407.001933,1769605468.357821,1769605468.457785,map_start,map,map_start,map_start,map_start,0.000000,0.000000,1259,0,556,1350,50,104,3,48,1,0,0,0,0.000000,inf,inf,43,0.494643,0,0.525080,inf,0,0.003774,0.000860,0.004661,0.029542
13.838023,1786670407.386467,1769605468.757795,1769605468.757795,map_start,map,map_start,map_start,map_start,0.000000,0.000000,1380,0,593,1507,47,98,3,45,1,0,0,0,0.000000,inf,inf,42,0.503252,0,0.525080,inf,0,0.003927,0.000875,0.004822,0.029542
14.253165,1786670407.800225,1769605469.157821,1769605469.157821,map_start,map,map_start,map_start,map_start,0.000000,0.000000,1528,0,653,1639,48,98,3,46,1,0,0,0,0.000000,inf,inf,35,0.492711,0,0.661262,inf,0,0.004162,0.000930,0.005122,0.033614
14.661541,1786670408.205114,1769605469.457753,1769605469.557761,map_start,map,map_start,map_start,map_start,0.000000,0.000000,1676,0,709,1803,42,86,3,40,1,0,0,0,0.000000,inf,inf,28,0.480965,0,0.661262,inf,0,0.004113,0.001028,0.005169,0.036778
15.059120,1786670408.608520,1769605469.857767,1769605469.857767,map_start,map,map_start,map_start,map_start,0.000000,0.000000,1759,0,749,1886,40,78,3,38,1,0,0,0,0.000000,inf,inf,28,0.492046,0,0.792622,inf,0,0.001844,0.000598,0.002460,0.041240
15.456537,1786670409.002707,1769605470.157923,1769605470.257796,map_start,map,map_start,map_start,map_start,0.000000,0.000000,1855,0,796,1978,36,74,3,34,1,0,0,0,0.000000,inf,inf,28,0.477232,0,0.826070,inf,0,0.004305,0.001155,0.005485,0.034308
15.849917,1786670409.398331,1769605470.557749,1769605470.557749,map_start,map,map_start,map_start,map_start,0.000000,0.000000,1960,0,874,2141,42,77,3,40,1,0,0,0,0.000000,inf,inf,33,0.490928,0,0.698414,inf,0,0.004751,0.001240,0.006022,0.034308
16.260823,1786670409.803346,1769605470.957817,1769605470.957817,map_start,map,map_start,map_start,map_start,0.000000,0.000000,2073,0,948,2283,45,86,3,43,1,0,0,0,0.000000,inf,inf,32,0.480954,0,0.327817,inf,0,0.005488,0.001357,0.006875,0.031112
16.656628,1786670410.207481,1769605471.257880,1769605471.357722,map_start,map,map_start,map_start,map_start,0.000000,0.000000,2115,0,992,2356,47,89,3,45,1,0,0,0,0.000000,inf,inf,38,0.476987,0,0.303974,inf,0,0.003805,0.001210,0.005051,0.039994
17.050267,1786670410.592785,1769605471.557762,1769605471.657726,map_start,map,map_start,map_start,map_start,0.000000,0.000000,2103,0,1019,2395,46,90,3,44,1,0,0,0,0.000000,inf,inf,37,0.478427,0,0.358509,inf,0,0.001821,0.000364,0.002197,0.039994
17.460668,1786670411.008293,1769605471.957796,1769605472.057874,map_start,map,map_start,map_start,map_start,0.000000,0.000000,2102,0,1046,2435,47,88,2,46,46,5,0,0,0.000000,inf,inf,41,0.454706,0,0.731921,inf,0,0.004893,0.001156,0.006075,0.042502
17.867222,1786670411.411796,1769605472.257710,1769605472.357723,map_start,map,map_start,map_start,map_start,0.000000,0.000000,2100,0,1061,2459,43,90,2,42,42,8,0,0,0.000000,inf,inf,41,0.474337,0,0.663247,inf,0,0.004338,0.001005,0.005362,0.044979
18.268673,1786670411.816334,1769605472.657699,1769605472.757741,map_start,map,map_start,map_start,map_start,0.000000,0.000000,2140,0,1104,2529,58,141,2,57,57,10,0,3,0.502263,0.000000,0.653717,51,0.468542,0,0.679784,inf,1,0.004676,0.000571,0.005258,0.044979
18.666507,1786670412.210845,1769605473.057774,1769605473.057774,map_start,map,map_start,map_start,map_start,0.000000,0.000000,2187,0,1138,2595,52,117,1,52,52,9,0,3,0.502263,0.000000,0.653717,44,0.474219,0,0.850085,inf,1,0.003862,0.000763,0.004641,0.045620
19.067868,1786670412.615758,1769605473.457622,1769605473.457622,map_start,map,map_start,map_start,map_start,0.000000,0.000000,2237,0,1211,2699,52,108,2,51,1,0,0,3,0.502263,0.000000,0.653717,30,0.471143,0,0.623690,inf,1,0.002423,0.000540,0.002972,0.045620
19.471709,1786670413.018897,1769605473.757843,1769605473.857809,map_start,map,map_start,map_start,map_start,0.000000,0.000000,2285,0,1258,2787,61,144,1,61,61,11,0,3,0.502263,0.000000,0.653717,45,0.474500,0,0.628755,inf,1,0.002245,0.000421,0.002673,0.052870
19.889237,1786670413.432634,1769605474.157850,1769605474.257855,map_start,map,map_start,map_start,map_start,0.000000,0.000000,2346,0,1303,2862,63,135,2,62,1,0,0,3,0.502263,0.000000,0.653717,38,0.472825,0,0.620095,inf,1,0.005864,0.001697,0.007586,0.052264
20.277502,1786670413.827169,1769605474.457772,1769605474.557888,map_start,map,map_start,map_start,map_start,0.000000,0.000000,2437,0,1361,2964,58,125,1,58,58,10,0,3,0.502263,0.000000,0.653717,42,0.498974,0,0.627462,inf,1,0.005439,0.000450,0.005900,0.059870
20.690095,1786670414.232126,1769605474.857772,1769605474.957723,map_start,map,map_start,map_start,map_start,0.000000,0.000000,2465,0,1367,3063,62,129,1,62,62,10,0,3,0.502263,0.000000,0.653717,45,0.496784,0,0.630213,inf,1,0.005106,0.001350,0.006489,0.059870
21.089923,1786670414.635692,1769605475.257842,1769605475.257842,map_start,map,map_start,map_start,map_start,0.000000,0.000000,2532,0,1415,3157,62,129,1,62,62,10,0,3,0.502263,0.000000,0.653717,44,0.484266,0,0.633125,inf,1,0.004898,0.001080,0.005999,0.067704
21.491182,1786670415.039784,1769605475.557784,1769605475.657791,map_start,map,map_start,map_start,map_start,0.000000,0.000000,2529,0,1423,3207,61,125,1,61,61,10,0,3,0.502263,0.000000,0.653717,43,0.487127,0,0.635146,inf,1,0.004805,0.000674,0.005491,0.063271
21.892846,1786670415.435229,1769605475.957720,1769605475.957720,map_start,map,map_start,map_start,map_start,0.000000,0.000000,2614,0,1474,3319,59,120,1,59,59,10,0,3,0.502263,0.000000,0.653717,40,0.493676,0,0.628432,inf,1,0.002249,0.000572,0.002832,0.070481
22.296932,1786670415.840115,1769605476.357736,1769605476.357736,map_start,map,map_start,map_start,map_start,0.000000,0.000000,2668,0,1522,3415,68,155,1,68,68,11,0,3,0.502263,0.000000,0.653717,42,0.486627,0,0.631164,inf,1,0.003642,0.000488,0.004137,0.076107
22.700095,1786670416.244406,1769605476.657813,1769605476.757694,map_start,map,map_start,map_start,map_start,0.000000,0.000000,2620,0,1542,3451,69,157,1,69,69,11,0,3,0.502263,0.000000,0.653717,43,0.490302,0,0.635697,inf,1,0.004219,0.000797,0.005033,0.076107
23.101087,1786670416.648634,1769605477.057748,1769605477.057748,map_start,map,map_start,map_start,map_start,0.000000,0.000000,2586,0,1561,3507,65,148,1,65,65,11,0,3,0.502263,0.000000,0.653717,40,0.483044,0,0.599237,inf,1,0.005441,0.000738,0.006193,0.075377
23.516896,1786670417.062501,1769605477.357692,1769605477.457819,map_start,map,map_start,map_start,map_start,0.000000,0.000000,2624,0,1618,3579,74,174,1,74,74,12,0,3,0.502263,0.000000,0.653717,44,0.487196,0,0.602410,inf,1,0.002090,0.000542,0.002640,0.093683
23.930899,1786670417.476535,1769605477.757705,1769605477.857872,map_start,map,map_start,map_start,map_start,0.000000,0.000000,2639,0,1667,3678,77,175,1,77,77,11,0,3,0.502263,0.000000,0.653717,46,0.503409,0,0.657260,inf,1,0.006003,0.002077,0.008110,0.105161
24.321281,1786670417.871149,1769605478.157815,1769605478.157815,map_start,map,map_start,map_start,map_start,0.000000,0.000000,2626,0,1717,3752,84,188,1,84,84,11,0,3,0.502263,0.000000,0.653717,52,0.508958,0,0.657834,inf,1,0.002605,0.000530,0.003141,0.105161
24.734905,1786670418.276352,1769605478.457741,1769605478.557788,map_start,map,map_start,map_start,map_start,0.000000,0.000000,2615,0,1726,3841,84,191,1,84,84,11,0,3,0.502263,0.000000,0.653717,51,0.485688,0,0.666340,inf,1,0.006023,0.000813,0.006847,0.099705
25.135496,1786670418.680243,1769605478.857793,1769605478.957782,map_start,map,map_start,map_start,map_start,0.000000,0.000000,2664,0,1799,3952,81,172,2,80,1,0,0,3,0.502263,0.000000,0.653717,37,0.466896,0,0.676603,inf,1,0.008355,0.001900,0.010280,0.109236
25.543302,1786670419.084543,1769605479.157781,1769605479.257838,map_start,map,map_start,map_start,map_start,0.000000,0.000000,2701,0,1856,4047,82,180,1,82,82,11,0,3,0.502263,0.000000,0.653717,53,0.475514,0,0.345477,inf,1,0.008670,0.001767,0.010463,0.118865
25.951752,1786670419.499239,1769605479.457722,1769605479.657710,map_start,map,map_start,map_start,map_start,0.000000,0.000000,2716,0,1952,4171,81,165,2,80,1,0,0,3,0.502263,0.000000,0.653717,41,0.474401,0,0.347765,inf,1,0.008780,0.002341,0.011147,0.133005
26.358179,1786670419.903175,1769605479.957710,1769605479.957710,map_start,map,map_start,map_start,map_start,0.000000,0.000000,2724,0,2004,4287,86,170,2,85,1,0,0,3,0.502263,0.000000,0.653717,46,0.470476,0,0.337619,inf,1,0.008688,0.001546,0.010255,0.136301
26.775658,1786670420.326688,1769605480.257801,1769605480.357755,map_start,map,map_start,map_start,map_start,0.000000,0.000000,2798,0,2049,4421,87,171,2,86,1,0,0,3,0.502263,0.000000,0.653717,41,0.496970,0,0.337117,inf,1,0.009606,0.002432,0.012065,0.136301
27.171012,1786670420.720377,1769605480.657696,1769605480.657696,map_start,map,map_start,map_start,map_start,0.000000,0.000000,2845,0,2094,4532,86,171,2,85,1,0,0,3,0.502263,0.000000,0.653717,45,0.488872,0,0.326409,inf,1,0.008183,0.001294,0.009495,0.150639
27.573680,1786670421.124677,1769605480.957757,1769605481.057753,map_start,map,map_start,map_start,map_start,0.000000,0.000000,2796,0,2098,4608,84,165,2,83,1,0,0,3,0.502263,0.000000,0.653717,40,0.487026,0,0.324462,inf,1,0.007464,0.000610,0.008081,0.149795
27.979785,1786670421.529709,1769605481.357685,1769605481.457778,map_start,map,map_start,map_start,map_start,0.000000,0.000000,2759,0,2121,4630,88,172,2,87,1,0,0,3,0.502263,0.000000,0.653717,46,0.478289,0,0.327295,inf,1,0.007199,0.000620,0.007827,0.161511
28.379354,1786670421.923198,1769605481.757779,1769605481.757779,map_start,map,map_start,map_start,map_start,0.000000,0.000000,2762,0,2145,4686,91,177,2,90,1,0,0,3,0.502263,0.000000,0.653717,46,0.478605,0,0.310376,inf,1,0.009849,0.000638,0.010497,0.156529
28.787537,1786670422.336311,1769605482.057734,1769605482.157812,map_start,map,map_start,map_start,map_start,0.000000,0.000000,2765,0,2178,4755,94,188,2,93,1,0,0,3,0.502263,0.000000,0.653717,49,0.478605,0,0.320307,inf,1,0.007046,0.000624,0.007677,0.162188
29.194915,1786670422.740419,1769605482.457830,1769605482.457830,map_start,map,map_start,map_start,map_start,0.000000,0.000000,2720,0,2210,4828,93,179,2,92,1,0,0,3,0.502263,0.000000,0.653717,46,0.470910,0,0.305582,inf,1,0.010411,0.002499,0.012934,0.162188
29.604652,1786670423.154750,1769605482.757811,1769605482.857758,map_start,map,map_start,map_start,map_start,0.000000,0.000000,2692,0,2232,4907,89,169,2,88,1,0,0,3,0.502263,0.000000,0.653717,43,0.478605,0,0.319526,inf,1,0.010539,0.002530,0.013096,0.175777
29.989719,1786670423.539374,1769605483.157770,1769605483.257871,map_start,map,map_start,map_start,map_start,0.000000,0.000000,2650,0,2262,4952,86,152,2,85,1,0,0,3,0.502263,0.000000,0.653717,38,0.476830,0,0.581496,inf,1,0.008053,0.001783,0.009846,0.171468
30.405305,1786670423.953076,1769605483.557801,1769605483.557801,map_start,map,map_start,map_start,map_start,0.000000,0.000000,2620,0,2273,5000,97,204,1,97,97,8,0,3,0.502263,0.000000,0.653717,60,0.486320,0,0.572468,inf,1,0.010294,0.001804,0.012119,0.183250
30.802049,1786670424.348250,1769605483.857711,1769605483.957757,map_start,map,map_start,map_start,map_start,0.000000,0.000000,2563,0,2304,5046,105,230,1,105,105,12,0,3,0.502263,0.000000,0.653717,68,0.468512,0,0.584289,inf,1,0.007590,0.000655,0.008254,0.183250
31.228293,1786670424.772386,1769605484.257813,1769605484.357852,map_start,map,map_start,map_start,map_start,0.000000,0.000000,2506,0,2320,5114,101,216,1,101,101,15,0,3,0.502263,0.000000,0.653717,73,0.470398,0,0.605639,inf,1,0.011221,0.002639,0.013884,0.185726
31.615105,1786670425.157177,1769605484.657718,1769605484.657718,map_start,map,map_start,map_start,map_start,0.000000,0.000000,2629,0,2357,7743,91,178,1,91,91,9,0,3,0.502263,0.000000,0.653717,54,0.464889,0,0.580433,inf,1,0.006441,0.001679,0.008136,0.206066
32.004009,1786670425.551974,1769605484.957796,1769605485.057754,map_start,map,map_start,map_start,map_start,0.000000,0.000000,2408,0,2354,7847,88,174,1,88,88,10,0,3,0.502263,0.000000,0.653717,54,0.470063,0,0.602720,inf,1,0.007307,0.000644,0.007960,0.188782
32.426150,1786670425.975835,1769605485.357845,1769605485.357845,map_start,map,map_start,map_start,map_start,0.000000,0.000000,2381,0,2384,7899,85,169,1,85,85,10,0,3,0.502263,0.000000,0.653717,54,0.475280,0,0.587316,inf,1,0.011362,0.002699,0.014088,0.201111
32.815027,1786670426.358896,1769605485.657712,1769605485.757753,map_start,map,map_start,map_start,map_start,0.000000,0.000000,2307,0,2418,7927,88,170,1,88,88,11,0,3,0.502263,0.000000,0.653717,49,0.473473,0,0.601199,inf,1,0.007153,0.000669,0.007829,0.201111
33.215906,1786670426.762611,1769605486.057712,1769605486.057712,map_start,map,map_start,map_start,map_start,0.000000,0.000000,2324,0,2436,7996,88,172,1,88,88,11,0,3,0.502263,0.000000,0.653717,49,0.476933,0,0.589285,inf,1,0.011783,0.002139,0.013951,0.196126
33.610005,1786670427.156577,1769605486.357854,1769605486.457711,map_start,map,map_start,map_start,map_start,0.000000,0.000000,2360,0,2465,8228,92,180,1,92,92,14,0,3,0.502263,0.000000,0.653717,52,0.470129,0,0.597049,inf,1,0.005914,0.000678,0.006601,0.184130
34.007481,1786670427.550267,1769605486.757730,1769605486.857738,map_start,map,map_start,map_start,map_start,0.000000,0.000000,2378,0,2505,8339,92,178,1,92,92,12,0,3,0.502263,0.000000,0.653717,51,0.463863,0,0.600921,inf,1,0.008178,0.000660,0.008846,0.184130
34.421718,1786670427.964541,1769605487.057713,1769605487.157706,map_start,map,map_start,map_start,map_start,0.000000,0.000000,2412,0,2555,8484,98,194,1,98,98,18,0,3,0.502263,0.000000,0.653717,61,0.467811,0,0.597566,inf,1,0.009635,0.001776,0.011426,0.187150
34.818869,1786670428.368747,1769605487.457716,1769605487.557887,map_start,map,map_start,map_start,map_start,0.000000,0.000000,2447,0,2609,8624,91,167,1,91,91,14,0,3,0.502263,0.000000,0.653717,47,0.474124,0,0.611415,inf,1,0.007962,0.000925,0.008893,0.201754
35.228604,1786670428.773728,1769605487.857812,1769605487.857812,map_start,map,map_start,map_start,map_start,0.000000,0.000000,2439,0,2635,8725,93,175,1,93,93,15,0,3,0.502263,0.000000,0.653717,51,0.474124,0,0.597319,inf,1,0.008103,0.000716,0.008827,0.201754
35.624167,1786670429.168483,1769605488.157812,1769605488.257737,map_start,map,map_start,map_start,map_start,0.000000,0.000000,2441,0,2674,8822,90,165,1,90,90,13,0,3,0.502263,0.000000,0.653717,45,0.458278,0,0.614185,inf,1,0.012027,0.002919,0.014972,0.205586
36.016030,1786670429.562706,1769605488.557808,1769605488.557808,map_start,map,map_start,map_start,map_start,0.000000,0.000000,2421,0,2674,8898,89,162,1,89,89,9,0,3,0.502263,0.000000,0.653717,42,0.469457,0,0.594682,inf,1,0.007969,0.000802,0.008779,0.206650
36.430673,1786670429.975987,1769605488.957708,1769605488.957708,map_start,map,map_start,map_start,map_start,0.000000,0.000000,2409,0,2711,8960,94,170,1,94,94,11,0,3,0.502263,0.000000,0.653717,43,0.474963,0,0.600293,inf,1,0.010900,0.002583,0.013506,0.205774
36.827972,1786670430.370118,1769605489.257666,1769605489.357671,map_start,map,map_start,map_start,map_start,0.000000,0.000000,2403,0,2735,9053,94,167,1,94,94,9,0,3,0.502263,0.000000,0.653717,43,0.527991,0,0.584720,inf,1,0.011900,0.002400,0.014325,0.208277
37.234891,1786670430.785342,1769605489.557707,1769605489.657769,map_start,map,map_start,map_start,map_start,0.000000,0.000000,2413,0,2780,9130,100,193,1,100,100,11,0,3,0.502263,0.000000,0.653717,53,0.493557,0,0.581557,inf,1,0.011670,0.002548,0.014249,0.208277
37.610890,1786670431.160040,1769605489.957707,1769605490.057703,map_start,map,map_start,map_start,map_start,0.000000,0.000000,2368,0,2815,9184,99,195,1,99,99,12,0,3,0.502263,0.000000,0.653717,46,0.481939,0,0.591365,inf,1,0.007521,0.000751,0.008279,0.209455
38.047816,1786670431.595608,1769605490.357738,1769605490.457773,map_start,map,map_start,map_start,map_start,0.000000,0.000000,2410,0,2861,9282,94,169,1,94,94,9,0,3,0.502263,0.000000,0.653717,38,0.484374,0,0.564287,inf,1,0.011643,0.002091,0.013752,0.192308
38.425075,1786670431.969234,1769605490.657820,1769605490.757741,map_start,map,map_start,map_start,map_start,0.000000,0.000000,2394,0,2896,9338,90,163,1,90,90,9,0,3,0.502263,0.000000,0.653717,33,0.500931,0,0.572009,inf,1,0.010330,0.002498,0.012858,0.224781
38.817310,1786670432.362818,1769605491.057731,1769605491.057731,map_start,map,map_start,map_start,map_start,0.000000,0.000000,2354,0,2916,9378,95,170,2,93,93,9,0,3,0.502263,0.000000,0.653717,37,0.481084,0,0.550390,inf,1,0.007628,0.000757,0.008392,0.194601
39.228436,1786670432.776274,1769605491.357753,1769605491.457710,map_start,map,map_start,map_start,map_start,0.000000,0.000000,2347,0,2935,9418,103,155,4,94,94,2,0,3,0.502263,0.000000,0.653717,28,0.496201,0,0.385440,inf,1,0.006693,0.000995,0.007699,0.194601
39.629297,1786670433.179741,1769605491.757793,1769605491.857728,map_start,map,map_start,map_start,map_start,0.000000,0.000000,2313,0,3033,10539,107,166,3,102,102,2,0,3,0.502263,0.000000,0.653717,32,0.496998,0,0.368208,inf,1,0.004344,0.001417,0.005773,0.204056
40.029123,1786670433.573707,1769605492.157701,1769605492.157701,map_start,map,map_start,map_start,map_start,0.000000,0.000000,2252,0,3054,10594,100,151,1,100,100,2,0,3,0.502263,0.000000,0.653717,32,0.469548,0,0.377687,inf,1,0.011975,0.002408,0.014402,0.210324
40.416064,1786670433.957565,1769605492.457665,1769605492.557678,map_start,map,map_start,map_start,map_start,0.000000,0.000000,2270,0,3077,10702,96,143,2,91,91,1,0,3,0.502263,0.000000,0.653717,27,0.499572,0,0.367947,inf,1,0.008887,0.001168,0.010068,0.199149
40.818509,1786670434.361674,1769605492.757841,1769605492.857868,map_start,map,map_start,map_start,map_start,0.000000,0.000000,2295,0,3145,10826,91,145,3,87,87,1,0,3,0.502263,0.000000,0.653717,20,0.513436,0,0.356658,inf,1,0.012383,0.002460,0.014867,0.199149
41.218628,1786670434.765023,1769605493.157881,1769605493.257714,map_start,map,map_start,map_start,map_start,0.000000,0.000000,2347,0,3173,10906,93,148,2,85,85,2,0,3,0.502263,0.000000,0.653717,27,0.470218,0,0.579512,inf,1,0.009943,0.001533,0.011491,0.194734
41.614263,1786670435.158605,1769605493.557744,1769605493.557744,map_start,map,map_start,map_start,map_start,0.000000,0.000000,2512,0,3211,11422,95,156,1,95,95,5,0,3,0.502263,0.000000,0.653717,35,0.470218,0,0.551508,inf,1,0.012317,0.003236,0.015585,0.196469
42.016413,1786670435.562253,1769605493.857867,1769605493.957777,map_start,map,map_start,map_start,map_start,0.000000,0.000000,2502,0,3242,11478,94,148,2,89,89,4,0,3,0.502263,0.000000,0.653717,25,0.488642,0,0.553070,inf,1,0.007728,0.001221,0.008966,0.195045
42.417299,1786670435.966136,1769605494.257715,1769605494.357733,map_start,map,map_start,map_start,map_start,0.000000,0.000000,2491,0,3249,11550,99,156,1,99,99,5,0,3,0.502263,0.000000,0.653717,28,0.473448,0,0.520290,inf,1,0.007687,0.000810,0.008513,0.195045
42.810079,1786670436.361294,1769605494.557809,1769605494.657705,map_start,map,map_start,map_start,map_start,0.000000,0.000000,2474,0,3274,11586,87,142,1,87,87,6,0,3,0.502263,0.000000,0.653717,22,0.488937,0,0.509640,inf,1,0.012168,0.003204,0.015402,0.190347
43.211380,1786670436.755108,1769605494.957916,1769605495.057840,map_start,map,map_start,map_start,map_start,0.000000,0.000000,2416,0,3300,11642,95,153,1,95,95,5,0,3,0.502263,0.000000,0.653717,27,0.476525,0,0.498886,inf,1,0.009404,0.000879,0.010291,0.190347
43.610082,1786670437.159722,1769605495.257755,1769605495.357782,map_start,map,map_start,map_start,map_start,0.000000,0.000000,2392,0,3307,11698,101,160,1,101,101,5,0,3,0.502263,0.000000,0.653717,33,0.476034,0,0.478055,inf,1,0.012064,0.002949,0.015041,0.192264
43.995470,1786670437.543344,1769605495.657726,1769605495.757779,map_start,map,map_start,map_start,map_start,0.000000,0.000000,2276,0,3315,11706,100,162,1,100,100,5,0,3,0.502263,0.000000,0.653717,34,0.477786,0,0.455208,inf,1,0.010917,0.001702,0.012636,0.173840
44.396578,1786670437.947334,1769605496.057772,1769605496.057772,map_start,map,map_start,map_start,map_start,0.000000,0.000000,2276,0,3329,11754,101,146,1,101,101,1,0,3,0.502263,0.000000,0.653717,34,0.477786,0,0.408280,inf,1,0.012093,0.002905,0.015022,0.180919
44.796376,1786670438.341077,1769605496.357758,1769605496.457788,map_start,map,map_start,map_start,map_start,0.000000,0.000000,2234,0,3339,11782,97,137,1,97,97,1,0,3,0.502263,0.000000,0.653717,18,0.476747,0,0.396959,inf,1,0.010084,0.003189,0.013301,0.176758
45.194609,1786670438.745334,1769605496.757687,1769605496.757687,map_start,map,map_start,map_start,map_start,0.000000,0.000000,2184,0,3350,11806,101,150,1,101,101,3,0,3,0.502263,0.000000,0.653717,27,0.470811,0,0.520208,inf,1,0.007658,0.000790,0.008456,0.170272
45.594559,1786670439.139623,1769605497.057921,1769605497.157793,map_start,map,map_start,map_start,map_start,0.000000,0.000000,2159,0,3359,11826,106,172,1,106,106,4,0,3,0.502263,0.000000,0.653717,33,0.496306,0,0.460930,inf,1,0.012515,0.002719,0.015260,0.170272
45.989680,1786670439.533682,1769605497.457719,1769605497.557845,map_start,map,map_start,map_start,map_start,0.000000,0.000000,2093,0,3370,11834,108,181,1,108,108,3,0,3,0.502263,0.000000,0.653717,36,0.479269,0,0.434009,inf,1,0.008867,0.000799,0.009673,0.176788
46.421857,1786670439.966971,1769605497.857748,1769605497.857748,map_start,map,map_start,map_start,map_start,0.000000,0.000000,2079,0,3388,11845,114,214,1,114,114,10,0,3,0.502263,0.000000,0.653717,47,0.479269,0,0.557170,inf,1,0.012429,0.002554,0.015009,0.167089
46.815899,1786670440.360159,1769605498.157751,1769605498.257831,map_start,map,map_start,map_start,map_start,0.000000,0.000000,2016,0,3430,11875,108,196,1,108,108,8,0,3,0.502263,0.000000,0.653717,42,0.476169,0,0.429375,inf,1,0.012631,0.002704,0.015362,0.196612
47.229267,1786670440.775680,1769605498.557814,1769605498.657825,map_start,map,map_start,map_start,map_start,0.000000,0.000000,1949,0,3469,11887,117,202,1,117,117,8,0,3,0.502263,0.000000,0.653717,40,0.470618,0,0.638158,inf,1,0.012586,0.002483,0.015094,0.196612
47.621987,1786670441.168453,1769605498.857830,1769605498.957772,map_start,map,map_start,map_start,map_start,0.000000,0.000000,1937,0,3483,11959,111,193,1,111,111,6,0,3,0.502263,0.000000,0.653717,36,0.457285,0,0.419266,inf,1,0.006303,0.001385,0.007700,0.205532
48.044694,1786670441.593070,1769605499.257765,1769605499.357752,map_start,map,map_start,map_start,map_start,0.000000,0.000000,1890,0,3506,12015,114,192,1,114,114,3,0,3,0.502263,0.000000,0.653717,32,0.457285,0,0.513511,inf,1,0.013005,0.002308,0.015336,0.224166
48.427218,1786670441.977610,1769605499.657690,1769605499.657690,map_start,map,map_start,map_start,map_start,0.000000,0.000000,1881,0,3518,12052,114,190,2,112,112,6,0,3,0.502263,0.000000,0.653717,34,0.466109,0,0.497299,inf,1,0.012013,0.000834,0.012856,0.210589
48.827749,1786670442.372940,1769605499.957681,1769605500.057726,map_start,map,map_start,map_start,map_start,0.000000,0.000000,1820,0,3535,12065,110,184,2,108,108,7,0,3,0.502263,0.000000,0.653717,34,0.485558,0,0.773063,inf,1,0.013395,0.002236,0.015652,0.210589
49.258977,1786670442.808194,1769605500.357742,1769605500.457859,map_start,map,map_start,map_start,map_start,0.000000,0.000000,1588,0,3554,12419,119,203,2,117,117,9,0,3,0.502263,0.000000,0.653717,41,0.482396,0,0.567769,inf,1,0.009579,0.003142,0.012754,0.207103
49.654333,1786670443.200930,1769605500.557714,1769605500.757788,map_start,map,map_start,map_start,map_start,0.000000,0.000000,1788,0,3561,12495,127,225,2,125,125,5,0,3,0.502263,0.000000,0.653717,44,0.486442,0,0.591904,inf,1,0.013257,0.002142,0.015422,0.233234
50.043832,1786670443.594361,1769605501.057635,1769605501.157967,map_start,map,map_start,map_start,map_start,0.000000,0.000000,1742,0,3583,12519,127,238,2,125,125,11,0,3,0.502263,0.000000,0.653717,49,0.469794,0,0.561589,inf,1,0.007993,0.000796,0.008796,0.219896
50.431831,1786670443.977582,1769605501.457748,1769605501.457748,map_start,map,map_start,map_start,map_start,0.000000,0.000000,1733,0,3645,12604,121,196,2,119,119,2,0,3,0.502263,0.000000,0.653717,34,0.477357,0,0.351021,inf,1,0.004106,0.000843,0.004957,0.219896
50.834744,1786670444.382557,1769605501.757707,1769605501.857801,map_start,map,map_start,map_start,map_start,0.000000,0.000000,1433,0,3727,12739,129,213,2,123,123,6,0,3,0.502263,0.000000,0.653717,40,0.460086,0,0.442544,inf,1,0.013925,0.002479,0.016425,0.215849
51.266778,1786670444.817210,1769605502.157821,1769605502.257819,map_start,map,map_start,map_start,map_start,0.000000,0.000000,1466,0,3795,12855,140,255,1,140,140,6,0,3,0.502263,0.000000,0.653717,52,0.474093,0,0.434071,inf,1,0.010109,0.001389,0.011508,0.213540
51.659241,1786670445.209814,1769605502.457743,1769605502.557624,map_start,map,map_start,map_start,map_start,0.000000,0.000000,1688,0,3842,13057,134,217,2,132,132,2,0,3,0.502263,0.000000,0.653717,41,0.479394,0,0.309999,inf,1,0.014185,0.002215,0.016422,0.240280
52.060528,1786670445.602561,1769605502.857950,1769605502.957812,map_start,map,map_start,map_start,map_start,0.000000,0.000000,1653,0,3963,13110,136,215,2,134,134,1,0,3,0.502263,0.000000,0.653717,44,0.484281,0,0.384592,inf,1,0.009338,0.000908,0.010256,0.239329
52.445893,1786670445.996041,1769605503.157823,1769605503.257716,map_start,map,map_start,map_start,map_start,0.000000,0.000000,1575,0,4009,13164,133,207,2,131,131,5,0,3,0.502263,0.000000,0.653717,46,0.465345,0,0.322858,inf,1,0.004415,0.000925,0.005349,0.239329
52.853458,1786670446.400195,1769605503.557725,1769605503.657858,map_start,map,map_start,map_start,map_start,0.000000,0.000000,1524,0,4033,13215,142,232,3,139,1,0,0,3,0.502263,0.000000,0.653717,43,0.466626,0,0.353675,inf,1,0.014601,0.002212,0.016832,0.221160
53.249463,1786670446.793385,1769605503.957857,1769605503.957857,map_start,map,map_start,map_start,map_start,0.000000,0.000000,1543,0,4082,13279,141,232,3,138,1,0,0,3,0.502263,0.000000,0.653717,47,0.466626,0,0.452545,inf,1,0.008221,0.001283,0.009516,0.226826
53.660862,1786670447.208107,1769605504.257913,1769605504.357713,map_start,map,map_start,map_start,map_start,0.000000,0.000000,1550,0,4122,13330,137,220,2,134,134,8,0,3,0.502263,0.000000,0.653717,47,0.476053,0,0.348506,inf,1,0.015016,0.002278,0.017313,0.226826
54.066173,1786670447.611355,1769605504.657732,1769605504.757769,map_start,map,map_start,map_start,map_start,0.000000,0.000000,1564,0,4171,13392,135,206,2,132,132,1,0,3,0.502263,0.000000,0.653717,40,0.484281,0,0.520741,inf,1,0.009709,0.001785,0.011505,0.244966
54.473489,1786670448.016131,1769605505.057829,1769605505.057829,map_start,map,map_start,map_start,map_start,0.000000,0.000000,1183,0,4199,13710,138,223,2,135,135,8,0,3,0.502263,0.000000,0.653717,49,0.484281,0,0.490918,inf,1,0.013606,0.002222,0.015846,0.249150
54.857488,1786670448.400189,1769605505.357723,1769605505.457833,map_start,map,map_start,map_start,map_start,0.000000,0.000000,1554,0,4216,13819,135,217,1,135,135,10,0,3,0.502263,0.000000,0.653717,47,0.484281,0,0.599333,inf,1,0.014594,0.000957,0.015558,0.239355
55.252657,1786670448.803053,1769605505.757777,1769605505.757777,map_start,map,map_start,map_start,map_start,0.000000,0.000000,1545,0,4259,13866,136,219,1,136,136,10,0,3,0.502263,0.000000,0.653717,44,0.482586,0,0.709273,inf,1,0.004911,0.001039,0.005959,0.239355
55.690552,1786670449.237508,1769605506.057823,1769605506.157761,map_start,map,map_start,map_start,map_start,0.000000,0.000000,1526,0,4277,13893,148,274,1,148,148,20,0,3,0.502263,0.000000,0.653717,63,0.469631,0,1.020285,inf,1,0.017619,0.003274,0.020923,0.230097
56.073113,1786670449.620624,1769605506.457700,1769605506.557715,map_start,map,map_start,map_start,map_start,0.000000,0.000000,1515,0,4317,13937,147,266,1,147,147,16,0,3,0.502263,0.000000,0.653717,59,0.474226,0,0.575299,inf,1,0.015582,0.002295,0.017893,0.264279
56.476447,1786670450.025112,1769605506.857720,1769605506.857720,map_start,map,map_start,map_start,map_start,0.000000,0.000000,1427,0,4329,13961,135,238,2,133,133,9,0,3,0.502263,0.000000,0.653717,44,0.466045,0,0.668742,inf,1,0.009521,0.000974,0.010502,0.254397
56.862969,1786670450.408526,1769605507.157859,1769605507.257808,map_start,map,map_start,map_start,map_start,0.000000,0.000000,1487,0,4363,14051,143,262,3,139,139,12,0,3,0.502263,0.000000,0.653717,53,0.470266,0,1.083866,inf,1,0.008645,0.000994,0.009646,0.245495
57.269994,1786670450.812178,1769605507.557865,1769605507.557865,map_start,map,map_start,map_start,map_start,0.000000,0.000000,1478,0,4390,14124,144,258,2,142,142,15,0,3,0.502263,0.000000,0.653717,52,0.461261,0,0.848474,inf,1,0.009272,0.000984,0.010264,0.245495
57.676107,1786670451.225328,1769605507.757695,1769605507.957796,map_start,map,map_start,map_start,map_start,0.000000,0.000000,1498,0,4444,14228,144,252,2,142,142,12,0,3,0.502263,0.000000,0.653717,53,0.461423,0,0.668881,inf,1,0.010439,0.001739,0.012192,0.249430
58.067141,1786670451.609961,1769605508.257775,1769605508.257775,map_start,map,map_start,map_start,map_start,0.000000,0.000000,1437,0,4466,14280,155,296,2,153,153,11,0,3,0.502263,0.000000,0.653717,59,0.468307,0,0.590148,inf,1,0.008439,0.001493,0.009942,0.249341
58.487091,1786670452.033939,1769605508.557716,1769605508.657754,map_start,map,map_start,map_start,map_start,0.000000,0.000000,1487,0,4502,14393,160,318,2,158,158,13,0,3,0.502263,0.000000,0.653717,66,0.474140,0,0.572822,inf,1,0.006815,0.001251,0.008076,0.249341
58.869076,1786670452.417800,1769605508.957728,1769605509.057799,map_start,map,map_start,map_start,map_start,0.000000,0.000000,1553,0,4579,14566,155,286,2,153,153,5,0,3,0.502263,0.000000,0.653717,56,0.478272,0,0.842585,inf,1,0.005523,0.001035,0.006566,0.242967
59.276228,1786670452.823406,1769605509.357831,1769605509.357831,map_start,map,map_start,map_start,map_start,0.000000,0.000000,1509,0,4621,14623,160,305,2,158,158,11,0,3,0.502263,0.000000,0.653717,54,0.468300,0,0.991806,inf,1,0.009794,0.001039,0.010841,0.254984
59.676558,1786670453.227347,1769605509.657708,1769605509.757804,map_start,map,map_start,map_start,map_start,0.000000,0.000000,1550,0,4674,14707,166,308,2,164,164,9,0,3,0.502263,0.000000,0.653717,58,0.467495,0,0.913146,inf,1,0.006086,0.001355,0.007452,0.254984
60.086830,1786670453.632423,1769605510.057800,1769605510.057800,map_start,map,map_start,map_start,map_start,0.000000,0.000000,1487,0,4688,14732,170,302,4,163,163,10,0,3,0.502263,0.000000,0.653717,57,0.471710,0,0.855400,inf,1,0.009100,0.003511,0.012637,0.250733
60.493264,1786670454.036747,1769605510.357758,1769605510.457754,map_start,map,map_start,map_start,map_start,0.000000,0.000000,1516,0,4735,14818,168,301,2,166,166,10,0,3,0.502263,0.000000,0.653717,61,0.471710,0,0.770417,inf,1,0.005123,0.001013,0.006143,0.266516
60.892576,1786670454.441550,1769605510.757802,1769605510.857737,map_start,map,map_start,map_start,map_start,0.000000,0.000000,1495,0,4791,14929,167,307,2,165,165,10,0,3,0.502263,0.000000,0.653717,65,0.461554,0,0.689374,inf,1,0.008968,0.001249,0.010225,0.273630
61.295014,1786670454.846212,1769605511.157910,1769605511.157910,map_start,map,map_start,map_start,map_start,0.000000,0.000000,1465,0,4820,14984,166,299,2,164,164,8,0,3,0.502263,0.000000,0.653717,56,0.462725,0,0.655116,inf,1,0.009573,0.001047,0.010628,0.273630
61.704838,1786670455.250251,1769605511.457835,1769605511.557813,map_start,map,map_start,map_start,map_start,0.000000,0.000000,1485,0,4860,15079,170,311,2,168,168,7,0,3,0.502263,0.000000,0.653717,56,0.471710,0,0.589355,inf,1,0.012476,0.001097,0.013581,0.271783
62.105666,1786670455.654784,1769605511.857808,1769605511.857808,map_start,map,map_start,map_start,map_start,0.000000,0.000000,1413,0,4876,15103,170,313,2,168,168,8,0,3,0.502263,0.000000,0.653717,56,0.470802,0,0.580704,inf,1,0.009271,0.001092,0.010372,0.283524
62.503702,1786670456.049485,1769605512.157826,1769605512.257736,map_start,map,map_start,map_start,map_start,0.000000,0.000000,1386,0,4890,15131,169,311,2,167,167,9,0,3,0.502263,0.000000,0.653717,55,0.471710,0,0.441428,inf,1,0.013567,0.002542,0.016136,0.283524
62.905481,1786670456.452707,1769605512.557730,1769605512.657780,map_start,map,map_start,map_start,map_start,0.000000,0.000000,1357,0,4958,15158,173,317,2,171,171,7,0,3,0.502263,0.000000,0.653717,55,0.471710,0,0.386783,inf,1,0.010657,0.001538,0.012209,0.285936
63.310606,1786670456.857800,1769605512.957743,1769605512.957743,map_start,map,map_start,map_start,map_start,0.000000,0.000000,1117,0,5020,16116,172,299,2,170,170,1,0,3,0.502263,0.000000,0.653717,43,0.471710,0,0.385288,inf,1,0.009679,0.001100,0.010787,0.284428
63.700716,1786670457.251116,1769605513.257771,1769605513.357722,map_start,map,map_start,map_start,map_start,0.000000,0.000000,1163,0,5054,16220,169,295,2,167,167,3,0,3,0.502263,0.000000,0.653717,42,0.469283,0,0.340293,inf,1,0.005540,0.001343,0.006892,0.280296
64.104418,1786670457.654206,1769605513.657795,1769605513.657795,map_start,map,map_start,map_start,map_start,0.000000,0.000000,1230,0,5098,16324,174,299,2,172,172,1,0,3,0.502263,0.000000,0.653717,41,0.471710,0,0.346192,inf,1,0.009936,0.001126,0.011071,0.280296
64.525150,1786670458.068771,1769605513.957836,1769605514.057868,map_start,map,map_start,map_start,map_start,0.000000,0.000000,1189,0,5105,16364,176,306,2,174,174,1,0,3,0.502263,0.000000,0.653717,40,0.471710,0,0.298767,inf,1,0.011474,0.002192,0.013682,0.281734
64.902894,1786670458.452508,1769605514.257831,1769605514.457721,map_start,map,map_start,map_start,map_start,0.000000,0.000000,1231,0,5159,16396,172,306,2,170,170,1,0,3,0.502263,0.000000,0.653717,39,0.471710,0,0.389192,inf,1,0.010513,0.001182,0.011704,0.298383
65.303309,1786670458.847230,1769605514.657821,1769605514.757715,map_start,map,map_start,map_start,map_start,0.000000,0.000000,1233,0,5182,16452,173,297,3,170,1,0,0,3,0.502263,0.000000,0.653717,35,0.482466,0,0.447377,inf,1,0.010756,0.001425,0.012195,0.281947
65.703891,1786670459.251432,1769605515.057781,1769605515.057781,map_start,map,map_start,map_start,map_start,0.000000,0.000000,1457,0,5216,16720,179,319,3,175,175,6,0,3,0.502263,0.000000,0.653717,44,0.483313,0,0.424549,inf,1,0.007907,0.001166,0.009082,0.278809
66.100548,1786670459.645204,1769605515.457754,1769605515.457754,map_start,map,map_start,map_start,map_start,0.000000,0.000000,1244,0,5236,16781,177,310,5,168,1,0,0,3,0.502263,0.000000,0.653717,35,0.488440,0,0.369535,inf,1,0.009154,0.001163,0.010323,0.283928
66.489494,1786670460.039588,1769605515.757948,1769605515.857720,map_start,map,map_start,map_start,map_start,0.000000,0.000000,1275,0,5262,16833,178,316,3,174,174,4,0,3,0.502263,0.000000,0.653717,38,0.506259,0,0.448706,inf,1,0.007410,0.001143,0.008562,0.273044
66.904596,1786670460.453843,1769605516.157672,1769605516.257556,map_start,map,map_start,map_start,map_start,0.000000,0.000000,1378,0,5288,16923,179,318,3,175,175,3,0,3,0.502263,0.000000,0.653717,38,0.482155,0,0.660353,inf,1,0.009908,0.001172,0.011088,0.273044
67.310094,1786670460.856829,1769605516.457698,1769605516.557790,map_start,map,map_start,map_start,map_start,0.000000,0.000000,1382,0,5303,16951,178,317,3,174,174,9,0,3,0.502263,0.000000,0.653717,43,0.497108,0,0.540601,inf,1,0.014907,0.001948,0.016892,0.282454
67.698895,1786670461.240898,1769605516.857873,1769605516.957680,map_start,map,map_start,map_start,map_start,0.000000,0.000000,1369,0,5310,16977,179,320,3,175,175,10,0,3,0.502263,0.000000,0.653717,40,0.477190,0,0.440943,inf,1,0.014633,0.001555,0.016199,0.279834
68.105219,1786670461.655759,1769605517.257799,1769605517.257799,map_start,map,map_start,map_start,map_start,0.000000,0.000000,1409,0,5337,17019,182,335,3,178,178,12,0,3,0.502263,0.000000,0.653717,44,0.472990,0,0.677318,inf,1,0.011642,0.001117,0.012767,0.281826
68.476544,1786670462.019136,1769605517.557786,1769605517.657776,map_start,map,map_start,map_start,map_start,0.000000,0.000000,1246,0,5348,17151,186,346,3,182,182,11,0,3,0.502263,0.000000,0.653717,45,0.470707,0,0.444771,inf,1,0.007167,0.001211,0.008386,0.258392
68.887538,1786670462.432069,1769605517.857792,1769605517.957703,map_start,map,map_start,map_start,map_start,0.000000,0.000000,1379,0,5375,17228,191,354,3,187,187,6,0,3,0.502263,0.000000,0.653717,39,0.484298,0,0.524703,inf,1,0.010286,0.001191,0.011485,0.265829
69.293857,1786670462.835091,1769605518.157702,1769605518.357774,map_start,map,map_start,map_start,map_start,0.000000,0.000000,1272,0,5408,17300,187,343,3,183,183,14,0,3,0.502263,0.000000,0.653717,47,0.470426,0,0.566563,inf,1,0.009831,0.001196,0.011034,0.265829
69.695872,1786670463.237841,1769605518.557756,1769605518.658003,map_start,map,map_start,map_start,map_start,0.000000,0.000000,1267,0,5432,17349,193,373,3,189,189,16,0,3,0.502263,0.000000,0.653717,57,0.508618,0,0.608675,inf,1,0.005661,0.001217,0.006888,0.269692
70.081864,1786670463.631158,1769605518.957757,1769605519.057729,map_start,map,map_start,map_start,map_start,0.000000,0.000000,1248,0,5441,17376,188,344,3,184,184,11,0,3,0.502263,0.000000,0.653717,45,0.478273,0,0.428779,inf,1,0.016871,0.002333,0.019217,0.262122
70.472246,1786670464.014583,1769605519.357882,1769605519.357882,map_start,map,map_start,map_start,map_start,0.000000,0.000000,1331,0,5462,17494,191,341,3,187,187,9,0,3,0.502263,0.000000,0.653717,42,0.484795,0,0.519848,inf,1,0.006553,0.001328,0.007889,0.262122
70.907259,1786670464.457857,1769605519.757960,1769605519.757960,map_start,map,map_start,map_start,map_start,0.000000,0.000000,1245,0,5480,17519,196,358,3,192,192,9,0,3,0.502263,0.000000,0.653717,41,0.456904,0,0.500315,inf,1,0.017823,0.002661,0.020501,0.248578
71.295988,1786670464.841032,1769605520.057745,1769605520.157850,map_start,map,map_start,map_start,map_start,0.000000,0.000000,1185,0,5504,17614,195,357,3,191,191,14,0,3,0.502263,0.000000,0.653717,45,0.465174,0,0.655040,inf,1,0.009874,0.001223,0.011104,0.276109
71.685747,1786670465.234668,1769605520.457772,1769605520.457772,map_start,map,map_start,map_start,map_start,0.000000,0.000000,1150,0,5533,17654,197,366,3,193,193,15,0,3,0.502263,0.000000,0.653717,51,0.482963,0,0.483321,inf,1,0.011501,0.001436,0.012947,0.276109
72.092685,1786670465.639392,1769605520.757725,1769605520.857722,map_start,map,map_start,map_start,map_start,0.000000,0.000000,1072,0,5545,17724,194,350,3,190,190,9,0,3,0.502263,0.000000,0.653717,43,0.467120,0,0.520470,inf,1,0.011977,0.001491,0.013478,0.262346
72.486076,1786670466.034344,1769605521.157737,1769605521.157737,map_start,map,map_start,map_start,map_start,0.000000,0.000000,1062,0,5548,17802,202,367,3,198,198,7,0,3,0.502263,0.000000,0.653717,45,0.472754,0,0.443335,inf,1,0.005679,0.001191,0.006878,0.274463
72.916118,1786670466.458605,1769605521.557699,1769605521.557699,map_start,map,map_start,map_start,map_start,0.000000,0.000000,951,0,5584,17833,209,399,3,205,205,13,0,3,0.502263,0.000000,0.653717,53,0.466502,0,0.666696,inf,1,0.017924,0.002433,0.020374,0.264991
73.304954,1786670466.852387,1769605521.857782,1769605521.957773,map_start,map,map_start,map_start,map_start,0.000000,0.000000,935,0,5589,17867,202,373,3,198,198,12,0,3,0.502263,0.000000,0.653717,51,0.499705,0,0.639620,inf,1,0.009148,0.002082,0.011246,0.300046
73.717109,1786670467.267054,1769605522.257796,1769605522.257796,map_start,map,map_start,map_start,map_start,0.000000,0.000000,982,0,5593,17958,197,365,2,195,195,12,0,3,0.502263,0.000000,0.653717,49,0.460985,0,0.570015,inf,1,0.018103,0.002548,0.020670,0.284668
74.127068,1786670467.670209,1769605522.557938,1769605522.657731,map_start,map,map_start,map_start,map_start,0.000000,0.000000,1015,0,5618,18011,204,384,2,202,202,10,0,3,0.502263,0.000000,0.653717,43,0.479961,0,0.599390,inf,1,0.011694,0.002564,0.014276,0.292478
74.538134,1786670468.084974,1769605522.957712,1769605523.057718,map_start,map,map_start,map_start,map_start,0.000000,0.000000,995,0,5635,18047,203,381,2,201,201,10,0,3,0.502263,0.000000,0.653717,39,0.469298,0,0.591629,inf,1,0.009519,0.001203,0.010731,0.308444
74.934604,1786670468.479027,1769605523.257860,1769605523.357841,map_start,map,map_start,map_start,map_start,0.000000,0.000000,1000,0,5652,18083,209,413,2,207,207,10,0,3,0.502263,0.000000,0.653717,46,0.457612,0,0.546509,inf,1,0.013440,0.002315,0.015771,0.317450
75.344509,1786670468.891673,1769605523.657771,1769605523.757760,map_start,map,map_start,map_start,map_start,0.000000,0.000000,995,0,5668,18117,202,411,2,200,200,15,0,3,0.502263,0.000000,0.653717,48,0.485597,0,0.786431,inf,1,0.017722,0.003558,0.021311,0.323341
75.749209,1786670469.295139,1769605524.057674,1769605524.057674,map_start,map,map_start,map_start,map_start,0.000000,0.000000,1019,0,5703,18147,209,440,2,207,207,25,0,3,0.502263,0.000000,0.653717,64,0.467289,0,1.030013,inf,1,0.014906,0.001731,0.016648,0.325874
76.138371,1786670469.689123,1769605524.357810,1769605524.457760,map_start,map,map_start,map_start,map_start,0.000000,0.000000,970,0,5701,18165,208,450,2,206,206,27,0,3,0.502263,0.000000,0.653717,66,0.466205,0,1.436029,inf,1,0.010564,0.001225,0.011796,0.320629
76.561933,1786670470.103328,1769605524.757941,1769605524.857559,map_start,map,map_start,map_start,map_start,0.000000,0.000000,994,0,5729,18196,207,450,2,205,205,31,0,3,0.502263,0.000000,0.653717,77,0.466770,0,1.843327,inf,1,0.016978,0.002179,0.019170,0.320629
76.968667,1786670470.517844,1769605525.157826,1769605525.157826,map_start,map,map_start,map_start,map_start,0.000000,0.000000,957,0,5725,18219,205,429,2,203,203,28,0,3,0.502263,0.000000,0.653717,70,0.475814,0,1.870767,inf,1,0.007471,0.001237,0.008722,0.339313
77.378583,1786670470.921140,1769605525.457696,1769605525.557673,map_start,map,map_start,map_start,map_start,0.000000,0.000000,966,0,5759,18275,213,467,2,211,211,31,0,3,0.502263,0.000000,0.653717,79,0.471989,0,1.718076,inf,1,0.018163,0.002091,0.020268,0.358326
77.770134,1786670471.314215,1769605525.857754,1769605525.857754,map_start,map,map_start,map_start,map_start,0.000000,0.000000,969,0,5811,18329,209,444,3,204,204,24,0,3,0.502263,0.000000,0.653717,69,0.499352,0,1.495104,inf,1,0.012939,0.001214,0.014161,0.358326
78.206463,1786670471.748889,1769605526.257753,1769605526.257753,map_start,map,map_start,map_start,map_start,0.000000,0.000000,954,0,5829,18358,216,434,3,211,211,16,0,3,0.502263,0.000000,0.653717,66,0.467374,0,1.428878,inf,1,0.017928,0.001977,0.019917,0.346638
78.573126,1786670472.123302,1769605526.557764,1769605526.557764,map_start,map,map_start,map_start,map_start,0.000000,0.000000,966,0,5852,18416,215,455,3,210,210,18,0,3,0.502263,0.000000,0.653717,70,0.491076,0,1.473360,inf,1,0.006408,0.001656,0.008072,0.380642
78.991590,1786670472.537874,1769605526.957805,1769605526.957805,map_start,map,map_start,map_start,map_start,0.000000,0.000000,952,0,5864,18461,215,431,3,210,210,17,0,3,0.502263,0.000000,0.653717,66,0.463032,0,1.600848,inf,1,0.010926,0.001264,0.012199,0.352897
79.403582,1786670472.951513,1769605527.257869,1769605527.357719,map_start,map,map_start,map_start,map_start,0.000000,0.000000,995,0,5904,18541,214,406,3,209,209,11,0,3,0.502263,0.000000,0.653717,57,0.476379,0,1.201154,inf,1,0.008727,0.001246,0.009982,0.366222
79.805144,1786670473.355211,1769605527.657699,1769605527.757824,map_start,map,map_start,map_start,map_start,0.000000,0.000000,976,0,5910,18580,215,404,3,210,210,10,0,3,0.502263,0.000000,0.653717,57,0.470541,0,0.962885,inf,1,0.006217,0.001267,0.007495,0.384456
80.210226,1786670473.757618,1769605527.957840,1769605528.057711,map_start,map,map_start,map_start,map_start,0.000000,0.000000,967,0,5932,18601,215,405,3,210,210,10,0,3,0.502263,0.000000,0.653717,58,0.488069,0,1.238455,inf,1,0.008571,0.001268,0.009846,0.383012
80.616700,1786670474.161058,1769605528.357811,1769605528.457932,map_start,map,map_start,map_start,map_start,0.000000,0.000000,933,0,5959,18637,219,410,3,214,214,24,0,3,0.502263,0.000000,0.653717,75,0.459931,0,1.313097,inf,1,0.006254,0.001228,0.007490,0.398186
81.043301,1786670474.585244,1769605528.757788,1769605528.857713,map_start,map,map_start,map_start,map_start,0.000000,0.000000,886,0,5972,18665,221,409,3,216,216,22,0,3,0.502263,0.000000,0.653717,71,0.468681,0,1.248001,inf,1,0.006066,0.001241,0.007314,0.398186
81.462808,1786670475.010515,1769605529.157744,1769605529.157744,map_start,map,map_start,map_start,map_start,0.000000,0.000000,950,0,6002,18729,213,392,3,208,208,21,0,3,0.502263,0.000000,0.653717,64,0.480966,0,1.004167,inf,1,0.005676,0.001252,0.006933,0.420116
81.872192,1786670475.415476,1769605529.557721,1769605529.557721,map_start,map,map_start,map_start,map_start,0.000000,0.000000,940,0,6026,18784,215,406,3,210,210,23,0,3,0.502263,0.000000,0.653717,68,0.485539,0,1.045678,inf,1,0.005777,0.001214,0.006995,0.419497
82.287722,1786670475.838848,1769605529.857731,1769605529.957709,map_start,map,map_start,map_start,map_start,0.000000,0.000000,1006,0,6056,18900,212,395,3,207,207,22,0,3,0.502263,0.000000,0.653717,63,0.481608,0,1.095154,inf,1,0.005787,0.001210,0.007004,0.416811
82.707692,1786670476.253798,1769605530.257772,1769605530.357843,map_start,map,map_start,map_start,map_start,0.000000,0.000000,998,0,6084,18948,219,427,3,214,214,24,0,3,0.502263,0.000000,0.653717,69,0.481188,0,1.131761,inf,1,0.005668,0.001251,0.006924,0.416811
83.148883,1786670476.698610,1769605530.657707,1769605530.757795,map_start,map,map_start,map_start,map_start,0.000000,0.000000,1006,0,6107,18996,220,407,3,215,215,22,0,3,0.502263,0.000000,0.653717,65,0.494082,0,1.291839,inf,1,0.005854,0.001283,0.007143,0.441152
83.569363,1786670477.112699,1769605531.057727,1769605531.057727,map_start,map,map_start,map_start,map_start,0.000000,0.000000,1032,0,6135,19092,223,407,3,218,218,18,0,3,0.502263,0.000000,0.653717,60,0.469377,0,1.294493,inf,1,0.005787,0.001294,0.007088,0.441152
83.988695,1786670477.536857,1769605531.357699,1769605531.457827,map_start,map,map_start,map_start,map_start,0.000000,0.000000,1011,0,6156,19136,225,409,3,220,220,15,0,3,0.502263,0.000000,0.653717,56,0.477149,0,1.549058,inf,1,0.005739,0.001267,0.007013,0.420821
84.379248,1786670477.921174,1769605531.757884,1769605531.757884,map_start,map,map_start,map_start,map_start,0.000000,0.000000,964,0,6165,19176,218,387,3,213,213,13,0,3,0.502263,0.000000,0.653717,47,0.487688,0,1.649950,inf,1,0.005835,0.001252,0.007093,0.420239
84.800547,1786670478.343963,1769605532.057753,1769605532.157767,map_start,map,map_start,map_start,map_start,0.000000,0.000000,1022,0,6198,19232,225,417,4,218,218,15,0,3,0.502263,0.000000,0.653717,56,0.469517,0,1.358644,inf,1,0.005841,0.001308,0.007156,0.389799
85.190355,1786670478.738429,1769605532.457848,1769605532.557744,map_start,map,map_start,map_start,map_start,0.000000,0.000000,969,0,6206,19252,218,400,3,213,213,14,0,3,0.502263,0.000000,0.653717,51,0.485630,0,1.395817,inf,1,0.005575,0.001225,0.006806,0.390674
85.599447,1786670479.141892,1769605532.857713,1769605532.857713,map_start,map,map_start,map_start,map_start,0.000000,0.000000,942,0,6223,19284,229,449,4,222,222,23,0,3,0.502263,0.000000,0.653717,61,0.472516,0,1.500729,inf,1,0.005614,0.001260,0.006880,0.390674
86.038600,1786670479.585246,1769605533.257738,1769605533.257738,map_start,map,map_start,map_start,map_start,0.000000,0.000000,995,0,6248,19352,240,499,4,233,233,22,0,3,0.502263,0.000000,0.653717,75,0.462626,0,1.741947,inf,1,0.005788,0.001250,0.007045,0.438917
86.489721,1786670480.039233,1769605533.657724,1769605533.657724,map_start,map,map_start,map_start,map_start,0.000000,0.000000,985,0,6250,19421,235,462,4,224,224,19,0,3,0.502263,0.000000,0.653717,70,0.479910,0,1.544003,inf,1,0.005537,0.001248,0.006790,0.438917
86.956649,1786670480.504160,1769605534.057776,1769605534.057776,map_start,map,map_start,map_start,map_start,0.000000,0.000000,1085,0,6289,19484,238,482,4,227,227,19,0,3,0.502263,0.000000,0.653717,70,0.468011,0,1.136269,inf,1,0.005726,0.001305,0.007038,0.450208
87.449902,1786670480.998353,1769605534.457708,1769605534.557658,map_start,map,map_start,map_start,map_start,0.000000,0.000000,1117,0,6316,19586,241,452,4,230,230,14,0,3,0.502263,0.000000,0.653717,63,0.471806,0,0.734823,inf,1,0.005960,0.001320,0.007289,0.466896
87.941586,1786670481.482959,1769605534.857719,1769605534.957764,map_start,map,map_start,map_start,map_start,0.000000,0.000000,1154,0,6340,19658,233,417,5,221,1,0,0,3,0.502263,0.000000,0.653717,39,0.489173,0,0.615297,inf,1,0.005690,0.001336,0.007033,0.492244
88.443592,1786670481.989092,1769605535.357821,1769605535.457849,map_start,map,map_start,map_start,map_start,0.000000,0.000000,1197,0,6372,19732,245,456,5,233,1,0,0,3,0.502263,0.000000,0.653717,50,0.500153,0,0.631188,inf,1,0.005562,0.001310,0.006877,0.492244
88.953817,1786670482.502565,1769605535.857905,1769605535.857905,map_start,map,map_start,map_start,map_start,0.000000,0.000000,1196,0,6399,19806,232,435,5,220,1,0,0,3,0.502263,0.000000,0.653717,39,0.484986,0,0.662683,inf,1,0.005602,0.001310,0.006917,0.510839
89.427522,1786670482.976329,1769605536.257945,1769605536.357807,map_start,map,map_start,map_start,map_start,0.000000,0.000000,1205,0,6421,19862,237,440,5,225,1,0,0,3,0.502263,0.000000,0.653717,39,0.470310,0,1.041824,inf,1,0.005619,0.001295,0.006920,0.510839
89.935428,1786670483.482385,1769605536.757750,1769605536.757750,map_start,map,map_start,map_start,map_start,0.000000,0.000000,1188,0,6441,19918,239,462,4,228,228,15,0,3,0.502263,0.000000,0.653717,54,0.472138,0,1.417904,inf,1,0.005579,0.001297,0.006883,0.473790
90.415595,1786670483.957627,1769605537.157723,1769605537.157723,map_start,map,map_start,map_start,map_start,0.000000,0.000000,1265,0,6482,20014,234,445,4,223,223,21,0,3,0.502263,0.000000,0.653717,56,0.475393,0,1.837459,inf,1,0.005556,0.001351,0.006914,0.479635
90.858124,1786670484.400981,1769605537.557894,1769605537.557894,map_start,map,map_start,map_start,map_start,0.000000,0.000000,1153,0,6479,20034,237,453,5,133,133,21,0,3,0.502263,0.000000,0.653717,59,0.469061,0,2.169386,inf,1,0.005767,0.001377,0.007151,0.442376
91.312229,1786670484.855881,1769605537.957733,1769605538.057730,map_start,map,map_start,map_start,map_start,0.000000,0.000000,1117,0,6485,20062,234,424,5,130,130,11,0,3,0.502263,0.000000,0.653717,47,0.476703,0,2.031439,inf,1,0.005630,0.001344,0.006979,0.442376
91.733017,1786670485.279629,1769605538.257718,1769605538.357770,map_start,map,map_start,map_start,map_start,0.000000,0.000000,1118,0,6487,20086,237,453,5,133,133,15,0,3,0.502263,0.000000,0.653717,51,0.485806,0,2.003262,inf,1,0.005628,0.001334,0.006970,0.454720
92.146192,1786670485.693933,1769605538.657785,1769605538.757797,map_start,map,map_start,map_start,map_start,0.000000,0.000000,1085,0,6500,20094,242,476,4,231,231,18,0,3,0.502263,0.000000,0.653717,59,0.490446,0,2.058378,inf,1,0.005654,0.001330,0.006989,0.411902
92.541520,1786670486.088234,1769605539.057751,1769605539.057751,map_start,map,map_start,map_start,map_start,0.000000,0.000000,1146,0,6530,20210,242,465,4,231,231,15,0,3,0.502263,0.000000,0.653717,56,0.466732,0,2.091654,inf,1,0.005346,0.001311,0.006663,0.396477
92.940390,1786670486.482486,1769605539.257780,1769605539.457896,map_start,map,map_start,map_start,map_start,0.000000,0.000000,1152,0,6572,20258,244,477,4,233,233,18,0,3,0.502263,0.000000,0.653717,59,0.481335,0,2.090085,inf,1,0.005433,0.001324,0.006763,0.397823
93.326798,1786670486.876981,1769605539.757717,1769605539.857802,map_start,map,map_start,map_start,map_start,0.000000,0.000000,1088,0,6577,20274,247,478,4,236,236,15,0,3,0.502263,0.000000,0.653717,62,0.478690,0,1.796936,inf,1,0.005499,0.001330,0.006835,0.397823
93.703991,1786670487.250752,1769605540.057750,1769605540.157821,map_start,map,map_start,map_start,map_start,0.000000,0.000000,1085,0,6602,20340,248,481,4,237,237,14,0,3,0.502263,0.000000,0.653717,56,0.475819,0,1.507438,inf,1,0.005355,0.001318,0.006678,0.377194
94.093473,1786670487.642897,1769605540.457820,1769605540.457820,map_start,map,map_start,map_start,map_start,0.000000,0.000000,1068,0,6600,20352,250,489,4,239,239,11,0,3,0.502263,0.000000,0.653717,56,0.475600,0,1.210339,inf,1,0.005993,0.001465,0.007470,0.377194
94.466389,1786670488.015001,1769605540.757710,1769605540.857766,map_start,map,map_start,map_start,map_start,0.000000,0.000000,1061,0,6621,20384,254,495,4,243,243,11,0,3,0.502263,0.000000,0.653717,61,0.483980,0,0.858907,inf,1,0.005657,0.001355,0.007019,0.372688
94.841685,1786670488.387021,1769605541.057928,1769605541.157777,map_start,map,map_start,map_start,map_start,0.000000,0.000000,999,0,6618,20400,251,488,4,240,240,9,0,3,0.502263,0.000000,0.653717,55,0.469384,0,0.683732,inf,1,0.005572,0.001309,0.006887,0.372688
95.206886,1786670488.748966,1769605541.357775,1769605541.457714,map_start,map,map_start,map_start,map_start,0.000000,0.000000,1027,0,6657,20428,255,491,4,244,244,9,0,3,0.502263,0.000000,0.653717,61,0.474492,0,0.705650,inf,1,0.005654,0.001381,0.007041,0.364262
95.573531,1786670489.120968,1769605541.657807,1769605541.757884,map_start,map,map_start,map_start,map_start,0.000000,0.000000,992,0,6654,20452,257,501,4,246,246,8,0,3,0.502263,0.000000,0.653717,61,0.471296,0,0.898992,inf,1,0.005475,0.001322,0.006803,0.364262
95.945227,1786670489.492975,1769605542.057775,1769605542.057775,map_start,map,map_start,map_start,map_start,0.000000,0.000000,980,0,6667,20496,259,505,4,248,248,9,0,3,0.502263,0.000000,0.653717,62,0.480673,0,1.070146,inf,1,0.005586,0.001300,0.006893,0.366715
96.323858,1786670489.875101,1769605542.357735,1769605542.457757,map_start,map,map_start,map_start,map_start,0.000000,0.000000,897,0,6675,20508,268,512,5,256,1,0,0,3,0.502263,0.000000,0.653717,58,0.520164,0,1.023643,inf,1,0.005326,0.001288,0.006620,0.379777
96.735004,1786670490.279711,1769605542.757709,1769605542.757709,map_start,map,map_start,map_start,map_start,0.000000,0.000000,868,0,6671,20532,268,506,4,257,257,7,0,3,0.502263,0.000000,0.653717,53,0.458505,0,0.848570,inf,1,0.007837,0.001421,0.009271,0.379777
97.120185,1786670490.662862,1769605543.057722,1769605543.157715,map_start,map,map_start,map_start,map_start,0.000000,0.000000,848,0,6685,20540,261,500,4,250,250,7,0,3,0.502263,0.000000,0.653717,47,0.456783,0,0.776079,inf,1,0.005611,0.001347,0.006964,0.399141
97.556960,1786670491.106852,1769605543.457701,1769605543.557860,map_start,map,map_start,map_start,map_start,0.000000,0.000000,787,0,6689,20540,273,556,4,262,262,10,0,3,0.502263,0.000000,0.653717,62,0.469935,0,0.956852,inf,1,0.006288,0.001936,0.008234,0.421684
97.944731,1786670491.490466,1769605543.757871,1769605543.857719,map_start,map,map_start,map_start,map_start,0.000000,0.000000,787,0,6700,20553,272,542,4,261,261,11,0,3,0.502263,0.000000,0.653717,59,0.463530,0,1.180902,inf,1,0.005200,0.001255,0.006460,0.421684
98.342105,1786670491.884783,1769605544.157802,1769605544.257734,map_start,map,map_start,map_start,map_start,0.000000,0.000000,781,0,6704,20577,274,553,4,263,263,13,0,3,0.502263,0.000000,0.653717,62,0.501301,0,1.519062,inf,1,0.005346,0.001296,0.006648,0.387868
98.718337,1786670492.268913,1769605544.557678,1769605544.557678,map_start,map,map_start,map_start,map_start,0.000000,0.000000,796,0,6715,20619,269,536,4,258,258,18,0,3,0.502263,0.000000,0.653717,67,0.476567,0,1.358911,inf,1,0.005371,0.001270,0.006647,0.376150
99.146002,1786670492.693227,1769605544.657711,1769605544.957824,map_start,map,map_start,map_start,map_start,0.000000,0.000000,815,0,6725,20665,273,526,4,262,262,16,0,3,0.502263,0.000000,0.653717,74,0.466898,0,1.022742,inf,1,0.009334,0.001932,0.011277,0.405188
99.505910,1786670493.056216,1769605545.257917,1769605545.357735,map_start,map,map_start,map_start,map_start,0.000000,0.000000,795,0,6729,20665,267,519,4,256,256,16,0,3,0.502263,0.000000,0.653717,67,0.466989,0,0.834088,inf,1,0.005369,0.001319,0.006694,0.405188
99.896656,1786670493.440605,1769605545.557888,1769605545.557888,map_start,map,map_start,map_start,map_start,0.000000,0.000000,797,0,6738,20685,276,537,4,265,265,15,0,3,0.502263,0.000000,0.653717,70,0.468801,0,0.799301,inf,1,0.009361,0.001455,0.010825,0.360277
100.292127,1786670493.835099,1769605545.857881,1769605546.057944,map_start,map,map_start,map_start,map_start,0.000000,0.000000,785,0,6747,20705,272,514,4,261,261,14,0,3,0.502263,0.000000,0.653717,63,0.473975,0,0.805414,inf,1,0.015230,0.001925,0.017166,0.350151
100.666550,1786670494.208751,1769605546.257742,1769605546.357909,map_start,map,map_start,map_start,map_start,0.000000,0.000000,831,0,6774,20757,271,508,4,260,260,14,0,3,0.502263,0.000000,0.653717,66,0.481763,0,0.793826,inf,1,0.014897,0.001912,0.016822,0.350151
101.070786,1786670494.612432,1769605546.657778,1769605546.657778,map_start,map,map_start,map_start,map_start,0.000000,0.000000,876,0,6790,20813,271,518,4,260,260,16,0,3,0.502263,0.000000,0.653717,65,0.481377,0,0.801510,inf,1,0.017462,0.002261,0.019735,0.329772
101.466062,1786670495.016925,1769605546.957736,1769605547.057766,map_start,map,map_start,map_start,map_start,0.000000,0.000000,865,0,6809,20855,279,552,4,268,268,20,0,3,0.502263,0.000000,0.653717,76,0.513269,0,0.842959,inf,1,0.012819,0.001777,0.014607,0.330917
101.857651,1786670495.401531,1769605547.357819,1769605547.357819,map_start,map,map_start,map_start,map_start,0.000000,0.000000,902,0,6828,20891,272,532,4,261,261,18,0,3,0.502263,0.000000,0.653717,71,0.478849,0,0.884566,inf,1,0.010192,0.001337,0.011536,0.331546
102.276925,1786670495.825138,1769605547.657727,1769605547.757862,map_start,map,map_start,map_start,map_start,0.000000,0.000000,829,0,6829,20919,283,588,4,272,272,23,0,3,0.502263,0.000000,0.653717,90,0.489079,0,0.942016,inf,1,0.007353,0.002491,0.009855,0.342180
102.671979,1786670496.218561,1769605548.057960,1769605548.157728,map_start,map,map_start,map_start,map_start,0.000000,0.000000,826,0,6839,20952,277,553,4,266,266,21,0,3,0.502263,0.000000,0.653717,73,0.465964,0,1.004054,inf,1,0.015322,0.002329,0.017665,0.342180
103.073024,1786670496.622522,1769605548.457823,1769605548.457823,map_start,map,map_start,map_start,map_start,0.000000,0.000000,780,0,6845,20987,279,544,4,268,268,22,0,3,0.502263,0.000000,0.653717,77,0.472959,0,1.063318,inf,1,0.010544,0.001520,0.012073,0.334022
103.452133,1786670496.996446,1769605548.757799,1769605548.857763,map_start,map,map_start,map_start,map_start,0.000000,0.000000,771,0,6859,21007,280,542,5,266,266,22,0,3,0.502263,0.000000,0.653717,69,0.474431,0,1.123294,inf,1,0.016641,0.002149,0.018801,0.333011
103.861771,1786670497.411097,1769605549.157860,1769605549.157860,map_start,map,map_start,map_start,map_start,0.000000,0.000000,793,0,6882,21079,283,549,5,269,269,16,0,3,0.502263,0.000000,0.653717,67,0.459539,0,1.179117,inf,1,0.009961,0.001443,0.011411,0.317293
104.267361,1786670497.816306,1769605549.457775,1769605549.557944,map_start,map,map_start,map_start,map_start,0.000000,0.000000,774,0,6885,21111,282,545,4,271,271,17,0,3,0.502263,0.000000,0.653717,70,0.481453,0,1.231334,inf,1,0.017683,0.003149,0.020853,0.322392
104.682343,1786670498.230186,1769605549.857764,1769605549.957742,map_start,map,map_start,map_start,map_start,0.000000,0.000000,787,0,6895,21177,289,573,4,278,278,16,0,3,0.502263,0.000000,0.653717,73,0.480278,0,1.400364,inf,1,0.016771,0.002233,0.019014,0.323242
105.064016,1786670498.613725,1769605550.157745,1769605550.257792,map_start,map,map_start,map_start,map_start,0.000000,0.000000,776,0,6914,21203,288,577,4,277,277,14,0,3,0.502263,0.000000,0.653717,64,0.473620,0,1.500350,inf,1,0.008193,0.001367,0.009567,0.344326
105.482410,1786670499.027215,1769605550.557724,1769605550.657822,map_start,map,map_start,map_start,map_start,0.000000,0.000000,770,0,6920,21235,291,586,4,280,280,13,0,3,0.502263,0.000000,0.653717,65,0.478610,0,1.388131,inf,1,0.014413,0.002294,0.016721,0.321395
105.876949,1786670499.421802,1769605550.857728,1769605550.957861,map_start,map,map_start,map_start,map_start,0.000000,0.000000,826,0,6952,21323,296,590,4,285,285,17,0,3,0.502263,0.000000,0.653717,73,0.492527,0,1.255533,inf,1,0.006045,0.001368,0.007423,0.338470
106.278998,1786670499.825782,1769605551.257864,1769605551.357740,map_start,map,map_start,map_start,map_start,0.000000,0.000000,825,0,6962,21381,295,586,4,284,284,12,0,3,0.502263,0.000000,0.653717,61,0.505072,0,1.119465,inf,1,0.016825,0.002004,0.018840,0.338470
106.682684,1786670500.230409,1769605551.657783,1769605551.657783,map_start,map,map_start,map_start,map_start,0.000000,0.000000,868,0,6987,21445,298,607,4,287,287,10,0,3,0.502263,0.000000,0.653717,67,0.489344,0,1.146160,inf,1,0.012076,0.001938,0.014026,0.344502
107.078891,1786670500.623821,1769605551.957836,1769605552.057976,map_start,map,map_start,map_start,map_start,0.000000,0.000000,866,0,7001,21481,299,615,4,288,288,10,0,3,0.502263,0.000000,0.653717,64,0.473662,0,1.226915,inf,1,0.008580,0.001399,0.009987,0.344502
107.467295,1786670501.017060,1769605552.357805,1769605552.357805,map_start,map,map_start,map_start,map_start,0.000000,0.000000,894,0,7021,21521,296,594,4,285,285,9,0,3,0.502263,0.000000,0.653717,60,0.470478,0,1.232389,inf,1,0.012550,0.002326,0.014889,0.336484
107.852123,1786670501.400882,1769605552.657717,1769605552.757896,map_start,map,map_start,map_start,map_start,0.000000,0.000000,894,0,7041,21561,300,587,4,289,289,10,0,3,0.502263,0.000000,0.653717,63,0.513183,0,1.285845,inf,1,0.009180,0.001412,0.010599,0.331954
108.274614,1786670501.825146,1769605553.057708,1769605553.157781,map_start,map,map_start,map_start,map_start,0.000000,0.000000,887,0,7064,21585,306,601,4,295,295,9,0,3,0.502263,0.000000,0.653717,58,0.505328,0,1.359022,inf,1,0.011524,0.002842,0.014383,0.332302
108.657508,1786670502.208600,1769605553.357738,1769605553.457840,map_start,map,map_start,map_start,map_start,0.000000,0.000000,964,0,7094,21677,304,586,4,293,293,9,0,3,0.502263,0.000000,0.653717,55,0.483972,0,1.405614,inf,1,0.012447,0.002186,0.014645,0.332302
109.093160,1786670502.642545,1769605553.757757,1769605553.857754,map_start,map,map_start,map_start,map_start,0.000000,0.000000,990,0,7110,21721,305,590,4,294,294,9,0,3,0.502263,0.000000,0.653717,64,0.472248,0,1.468060,inf,1,0.008848,0.001377,0.010238,0.320060
109.483539,1786670503.026668,1769605554.057790,1769605554.157820,map_start,map,map_start,map_start,map_start,0.000000,0.000000,1032,0,7149,21781,308,600,4,297,297,8,0,3,0.502263,0.000000,0.653717,67,0.472309,0,1.535105,inf,1,0.009807,0.001449,0.011264,0.350057
109.895167,1786670503.440424,1769605554.457705,1769605554.557758,map_start,map,map_start,map_start,map_start,0.000000,0.000000,1072,0,7170,21837,306,591,4,295,295,8,0,3,0.502263,0.000000,0.653717,61,0.528343,0,1.613217,inf,1,0.013278,0.002113,0.015402,0.350057
110.289586,1786670503.835148,1769605554.857636,1769605554.857636,map_start,map,map_start,map_start,map_start,0.000000,0.000000,1116,0,7208,21913,309,606,4,298,298,5,0,3,0.502263,0.000000,0.653717,58,0.489743,0,1.671408,inf,1,0.010702,0.002142,0.012856,0.357514
110.697178,1786670504.240283,1769605555.157759,1769605555.257725,map_start,map,map_start,map_start,map_start,0.000000,0.000000,1127,0,7222,21945,309,602,4,298,298,5,0,3,0.502263,0.000000,0.653717,58,0.469053,0,1.798960,inf,1,0.012719,0.001665,0.014394,0.359243
111.107154,1786670504.653515,1769605555.557715,1769605555.657798,map_start,map,map_start,map_start,map_start,0.000000,0.000000,1112,0,7241,21971,315,617,4,304,304,7,0,3,0.502263,0.000000,0.653717,62,0.485256,0,1.531251,inf,1,0.011567,0.003851,0.015443,0.359243
111.505220,1786670505.047226,1769605555.957780,1769605555.957780,map_start,map,map_start,map_start,map_start,0.000000,0.000000,1146,0,7252,22036,313,606,4,302,302,8,0,3,0.502263,0.000000,0.653717,63,0.484460,0,1.445923,inf,1,0.007327,0.001467,0.008802,0.365302
111.908670,1786670505.450469,1769605556.257703,1769605556.357831,map_start,map,map_start,map_start,map_start,0.000000,0.000000,1198,0,7276,22134,310,600,4,299,299,7,0,3,0.502263,0.000000,0.653717,59,0.478742,0,1.468454,inf,1,0.011389,0.001794,0.013193,0.370309
112.298016,1786670505.843177,1769605556.657736,1769605556.657736,map_start,map,map_start,map_start,map_start,0.000000,0.000000,1218,0,7295,22165,320,625,4,309,309,8,0,3,0.502263,0.000000,0.653717,64,0.481698,0,1.565790,inf,1,0.009828,0.001597,0.011433,0.357065
112.700981,1786670506.246923,1769605556.957735,1769605557.057694,map_start,map,map_start,map_start,map_start,0.000000,0.000000,1259,0,7313,22229,314,598,4,303,303,6,0,3,0.502263,0.000000,0.653717,52,0.477794,0,1.795819,inf,1,0.012659,0.001627,0.014294,0.357065
113.089011,1786670506.630420,1769605557.357705,1769605557.357705,map_start,map,map_start,map_start,map_start,0.000000,0.000000,1325,0,7351,22313,314,599,4,303,303,6,0,3,0.502263,0.000000,0.653717,52,0.480584,0,1.659302,inf,1,0.012733,0.001817,0.014557,0.365248
113.521240,1786670507.065414,1769605557.757826,1769605557.757826,map_start,map,map_start,map_start,map_start,0.000000,0.000000,1357,0,7370,22381,319,607,5,306,306,7,0,3,0.502263,0.000000,0.653717,57,0.472422,0,1.436084,inf,1,0.013743,0.002060,0.015816,0.378020
113.891876,1786670507.439201,1769605558.057816,1769605558.157766,map_start,map,map_start,map_start,map_start,0.000000,0.000000,1388,0,7403,22451,317,592,5,304,304,8,0,3,0.502263,0.000000,0.653717,57,0.482938,0,1.329850,inf,1,0.006645,0.001462,0.008114,0.378020
114.289623,1786670507.834074,1769605558.457747,1769605558.457747,map_start,map,map_start,map_start,map_start,0.000000,0.000000,1379,0,7411,22484,317,581,5,304,304,6,0,3,0.502263,0.000000,0.653717,54,0.470053,0,1.141563,inf,1,0.015414,0.002153,0.017578,0.355455
114.671875,1786670508.219857,1769605558.757934,1769605558.857800,map_start,map,map_start,map_start,map_start,0.000000,0.000000,1379,0,7415,22537,319,580,5,306,306,6,0,3,0.502263,0.000000,0.653717,53,0.490246,0,0.854371,inf,1,0.017611,0.002447,0.020072,0.348764
115.057767,1786670508.603798,1769605559.057767,1769605559.157754,map_start,map,map_start,map_start,map_start,0.000000,0.000000,1400,0,7440,22604,317,578,5,304,304,5,0,3,0.502263,0.000000,0.653717,50,0.484322,0,0.743983,inf,1,0.011675,0.001580,0.013265,0.336628
115.441321,1786670508.988348,1769605559.457872,1769605559.457872,map_start,map,map_start,map_start,map_start,0.000000,0.000000,1434,0,7462,22672,322,599,5,309,309,5,0,3,0.502263,0.000000,0.653717,51,0.506290,0,0.720245,inf,1,0.017670,0.001559,0.019239,0.315742
115.837526,1786670509.381393,1769605559.757782,1769605559.857907,map_start,map,map_start,map_start,map_start,0.000000,0.000000,1412,0,7470,22704,322,600,5,309,309,5,0,3,0.502263,0.000000,0.653717,52,0.470847,0,0.746482,inf,1,0.007504,0.002544,0.010058,0.305505
116.234489,1786670509.785409,1769605560.157889,1769605560.157889,map_start,map,map_start,map_start,map_start,0.000000,0.000000,1395,0,7478,22744,320,594,5,307,307,6,0,3,0.502263,0.000000,0.653717,52,0.462407,0,0.926378,inf,1,0.009619,0.001581,0.011209,0.297536
116.632427,1786670510.178877,1769605560.457686,1769605560.557711,map_start,map,map_start,map_start,map_start,0.000000,0.000000,1373,0,7494,22812,318,573,6,304,1,0,0,3,0.502263,0.000000,0.653717,44,0.509005,0,0.913439,inf,1,0.009152,0.001508,0.010669,0.295400
117.040966,1786670510.591992,1769605560.857673,1769605560.957722,map_start,map,map_start,map_start,map_start,0.000000,0.000000,1390,0,7521,22868,319,578,7,303,1,0,0,3,0.502263,0.000000,0.653717,47,0.469629,0,0.822958,inf,1,0.010391,0.001478,0.011877,0.295400
117.428749,1786670510.976345,1769605561.257717,1769605561.257717,map_start,map,map_start,map_start,map_start,0.000000,0.000000,1380,0,7534,22900,326,595,7,310,1,0,0,3,0.502263,0.000000,0.653717,51,0.479977,0,0.778681,inf,1,0.006297,0.001542,0.007847,0.299640
117.845668,1786670511.389089,1769605561.557720,1769605561.657710,map_start,map,map_start,map_start,map_start,0.000000,0.000000,1353,0,7552,22921,329,604,7,313,1,0,0,3,0.502263,0.000000,0.653717,50,0.485289,0,0.533164,inf,1,0.014611,0.002136,0.016757,0.293979
118.231961,1786670511.782700,1769605561.957862,1769605561.957862,map_start,map,map_start,map_start,map_start,0.000000,0.000000,1389,0,7574,23004,322,597,7,306,1,0,0,3,0.502263,0.000000,0.653717,48,0.479486,0,0.299579,inf,1,0.015871,0.002113,0.017996,0.307695
118.600292,1786670512.146106,1769605562.257729,1769605562.357969,map_start,map,map_start,map_start,map_start,0.000000,0.000000,1363,0,7598,23047,320,585,7,304,1,0,0,3,0.502263,0.000000,0.653717,48,0.469488,0,0.415659,inf,1,0.006315,0.002015,0.008339,0.290384
119.013663,1786670512.559010,1769605562.657719,1769605562.657719,map_start,map,map_start,map_start,map_start,0.000000,0.000000,1363,0,7614,23087,323,591,6,308,308,3,0,3,0.502263,0.000000,0.653717,52,0.465982,0,0.578857,inf,1,0.010395,0.001570,0.011984,0.266353
119.424945,1786670512.972250,1769605562.957855,1769605563.057696,map_start,map,map_start,map_start,map_start,0.000000,0.000000,1342,0,7635,23140,326,603,6,311,311,4,0,3,0.502263,0.000000,0.653717,55,0.460172,0,0.446206,inf,1,0.016812,0.002262,0.019088,0.275531
119.815604,1786670513.365074,1769605563.357717,1769605563.357717,map_start,map,map_start,map_start,map_start,0.000000,0.000000,1312,0,7642,23164,324,599,6,309,309,1,0,3,0.502263,0.000000,0.653717,55,0.480722,0,0.455840,inf,1,0.010801,0.001545,0.012354,0.283821
120.235449,1786670513.778830,1769605563.657731,1769605563.757865,map_start,map,map_start,map_start,map_start,0.000000,0.000000,1250,0,7641,23188,332,618,5,319,319,3,0,3,0.502263,0.000000,0.653717,60,0.492358,0,0.583049,inf,1,0.009266,0.001701,0.010977,0.297848
120.632879,1786670514.184066,1769605564.057749,1769605564.157727,map_start,map,map_start,map_start,map_start,0.000000,0.000000,1262,0,7669,23220,335,636,5,322,322,3,0,3,0.502263,0.000000,0.653717,61,0.482401,0,0.391774,inf,1,0.010340,0.001574,0.011922,0.290604
121.041784,1786670514.588834,1769605564.357759,1769605564.457874,map_start,map,map_start,map_start,map_start,0.000000,0.000000,1246,0,7671,23240,336,638,6,322,1,0,0,3,0.502263,0.000000,0.653717,56,0.472476,0,0.368361,inf,1,0.018635,0.002511,0.021158,0.290604
121.428416,1786670514.972675,1769605564.757817,1769605564.857914,map_start,map,map_start,map_start,map_start,0.000000,0.000000,1211,0,7695,23276,342,658,5,329,329,2,0,3,0.502263,0.000000,0.653717,60,0.479015,0,0.506081,inf,1,0.008109,0.001564,0.009683,0.305311
121.823713,1786670515.367364,1769605565.157855,1769605565.157855,map_start,map,map_start,map_start,map_start,0.000000,0.000000,1194,0,7721,23321,336,635,5,323,323,2,0,3,0.502263,0.000000,0.653717,51,0.471065,0,0.369293,inf,1,0.018691,0.002430,0.021132,0.287266
122.207925,1786670515.749971,1769605565.457725,1769605565.558076,map_start,map,map_start,map_start,map_start,0.000000,0.000000,1168,0,7744,23375,334,617,5,321,321,2,0,3,0.502263,0.000000,0.653717,49,0.485518,0,0.334092,inf,1,0.007636,0.001596,0.009244,0.289348
122.615719,1786670516.163976,1769605565.857769,1769605565.857769,map_start,map,map_start,map_start,map_start,0.000000,0.000000,1111,0,7788,23402,335,618,5,322,322,2,0,3,0.502263,0.000000,0.653717,54,0.513811,0,0.362525,inf,1,0.011335,0.001590,0.012934,0.268171
123.003297,1786670516.548131,1769605566.157700,1769605566.257756,map_start,map,map_start,map_start,map_start,0.000000,0.000000,1068,0,7799,23430,340,648,5,327,327,2,0,3,0.502263,0.000000,0.653717,57,0.494097,0,0.357136,inf,1,0.012559,0.002302,0.014869,0.273911
123.402286,1786670516.952242,1769605566.557851,1769605566.557851,map_start,map,map_start,map_start,map_start,0.000000,0.000000,1060,0,7818,23442,336,636,5,323,323,1,0,3,0.502263,0.000000,0.653717,50,0.484281,0,0.325958,inf,1,0.012350,0.002648,0.015010,0.267526
123.778722,1786670517.325855,1769605566.857762,1769605566.957872,map_start,map,map_start,map_start,map_start,0.000000,0.000000,1075,0,7853,23454,341,637,5,328,328,1,0,3,0.502263,0.000000,0.653717,51,0.472444,0,0.173416,inf,1,0.008383,0.001650,0.010046,0.261980
124.193168,1786670517.740241,1769605567.257841,1769605567.257841,map_start,map,map_start,map_start,map_start,0.000000,0.000000,1055,0,7866,23462,340,630,6,326,1,0,0,3,0.502263,0.000000,0.653717,54,0.474470,0,0.287062,inf,1,0.011494,0.001556,0.013057,0.255175
124.587704,1786670518.133869,1769605567.557822,1769605567.657737,map_start,map,map_start,map_start,map_start,0.000000,0.000000,1073,0,7890,23490,346,645,6,332,1,0,0,3,0.502263,0.000000,0.653717,54,0.477481,0,0.391931,inf,1,0.007116,0.001708,0.008833,0.244617
124.996020,1786670518.538387,1769605567.957755,1769605568.057829,map_start,map,map_start,map_start,map_start,0.000000,0.000000,1060,0,7907,23526,344,628,6,330,1,0,0,3,0.502263,0.000000,0.653717,47,0.484281,0,0.754627,inf,1,0.017171,0.001682,0.018863,0.259732
125.409913,1786670518.952642,1769605568.357834,1769605568.357834,map_start,map,map_start,map_start,map_start,0.000000,0.000000,1049,0,7963,23542,349,665,5,336,336,14,0,3,0.502263,0.000000,0.653717,63,0.476478,0,0.814912,inf,1,0.016008,0.001630,0.017647,0.267776
125.821675,1786670519.365639,1769605568.657820,1769605568.757726,map_start,map,map_start,map_start,map_start,0.000000,0.000000,1054,0,7980,23576,354,674,5,341,341,14,0,3,0.502263,0.000000,0.653717,69,0.470213,0,0.766909,inf,1,0.022725,0.005217,0.027970,0.267776
126.198434,1786670519.749489,1769605569.057672,1769605569.057672,map_start,map,map_start,map_start,map_start,0.000000,0.000000,1052,0,8012,23602,353,679,5,340,340,16,0,3,0.502263,0.000000,0.653717,68,0.471352,0,0.764046,inf,1,0.011243,0.001677,0.012928,0.260674
126.605777,1786670520.154809,1769605569.357909,1769605569.457822,map_start,map,map_start,map_start,map_start,0.000000,0.000000,1111,0,8064,23689,352,672,5,339,339,19,0,3,0.502263,0.000000,0.653717,68,0.458350,0,0.791097,inf,1,0.020793,0.002275,0.023081,0.262844
126.982277,1786670520.529083,1769605569.757700,1769605569.757700,map_start,map,map_start,map_start,map_start,0.000000,0.000000,1111,0,8086,23764,351,666,5,338,338,17,0,3,0.502263,0.000000,0.653717,58,0.470300,0,0.855714,inf,1,0.007368,0.001781,0.009158,0.244214
127.421799,1786670520.972007,1769605570.157726,1769605570.157726,map_start,map,map_start,map_start,map_start,0.000000,0.000000,1167,0,8138,23868,354,666,6,338,338,19,0,3,0.502263,0.000000,0.653717,64,0.469613,0,0.624870,inf,1,0.019877,0.002223,0.022112,0.244214
127.786688,1786670521.335145,1769605570.457856,1769605570.557859,map_start,map,map_start,map_start,map_start,0.000000,0.000000,1173,0,8193,23944,351,652,6,335,335,16,0,3,0.502263,0.000000,0.653717,57,0.459156,0,0.651547,inf,1,0.007776,0.002479,0.010270,0.280379
128.204686,1786670521.748071,1769605570.857710,1769605570.857710,map_start,map,map_start,map_start,map_start,0.000000,0.000000,1242,0,8215,25186,350,662,6,334,334,16,0,3,0.502263,0.000000,0.653717,58,0.463220,0,0.624021,inf,1,0.016299,0.001717,0.018024,0.252095
128.597077,1786670522.140952,1769605571.157840,1769605571.257715,map_start,map,map_start,map_start,map_start,0.000000,0.000000,1256,0,8245,25243,353,667,6,337,337,16,0,3,0.502263,0.000000,0.653717,55,0.478159,0,0.834007,inf,1,0.019245,0.002025,0.021280,0.255189
128.992691,1786670522.534341,1769605571.557716,1769605571.557716,map_start,map,map_start,map_start,map_start,0.000000,0.000000,1206,0,8278,25399,344,627,6,329,329,10,0,3,0.502263,0.000000,0.653717,39,0.478151,0,0.964731,inf,1,0.014055,0.001674,0.015738,0.255189
129.383379,1786670522.929006,1769605571.857704,1769605571.957892,map_start,map,map_start,map_start,map_start,0.000000,0.000000,1299,0,8323,25502,346,632,6,331,331,7,0,3,0.502263,0.000000,0.653717,38,0.453949,0,1.050586,inf,1,0.024630,0.004236,0.028889,0.248908
129.772741,1786670523.322830,1769605572.157557,1769605572.257756,map_start,map,map_start,map_start,map_start,0.000000,0.000000,1305,0,8351,25551,344,623,6,246,246,7,0,3,0.502263,0.000000,0.653717,36,0.455868,0,1.028098,inf,1,0.013512,0.001805,0.015326,0.230292
130.163121,1786670523.706295,1769605572.557776,1769605572.657806,map_start,map,map_start,map_start,map_start,0.000000,0.000000,1264,0,8364,25589,346,631,6,248,248,8,0,3,0.502263,0.000000,0.653717,38,0.476035,0,1.138110,inf,1,0.011194,0.001733,0.012935,0.230292
130.565496,1786670524.109592,1769605572.957758,1769605572.957758,map_start,map,map_start,map_start,map_start,0.000000,0.000000,1206,0,8379,25625,345,633,5,332,332,7,0,3,0.502263,0.000000,0.653717,34,0.466971,0,1.263920,inf,1,0.008996,0.001741,0.010745,0.226587
130.989639,1786670524.533840,1769605573.257858,1769605573.357804,map_start,map,map_start,map_start,map_start,0.000000,0.000000,1133,0,8392,25658,353,660,5,340,340,11,0,3,0.502263,0.000000,0.653717,42,0.472617,0,1.261215,inf,1,0.012011,0.001662,0.013680,0.226587
131.412019,1786670524.957874,1769605573.657738,1769605573.757834,map_start,map,map_start,map_start,map_start,0.000000,0.000000,1125,0,8413,25690,358,692,5,345,345,15,0,3,0.502263,0.000000,0.653717,48,0.471883,0,1.481552,inf,1,0.019155,0.002841,0.022011,0.246606
131.805406,1786670525.351707,1769605574.057761,1769605574.057761,map_start,map,map_start,map_start,map_start,0.000000,0.000000,1016,0,8412,25704,357,681,5,344,344,14,0,3,0.502263,0.000000,0.653717,45,0.471553,0,1.460791,inf,1,0.016859,0.006461,0.023344,0.274234
132.209151,1786670525.755023,1769605574.357750,1769605574.457698,map_start,map,map_start,map_start,map_start,0.000000,0.000000,1039,0,8446,25788,356,673,5,343,343,13,0,3,0.502263,0.000000,0.653717,44,0.477318,0,1.258782,inf,1,0.014306,0.001723,0.016038,0.264468
132.608606,1786670526.158686,1769605574.657825,1769605574.857782,map_start,map,map_start,map_start,map_start,0.000000,0.000000,972,0,8456,25812,361,703,5,348,348,8,0,3,0.502263,0.000000,0.653717,55,0.495297,0,1.071757,inf,1,0.011617,0.001751,0.013377,0.270866
133.046186,1786670526.592335,1769605575.157714,1769605575.157714,map_start,map,map_start,map_start,map_start,0.000000,0.000000,972,0,8488,25840,366,722,5,353,353,20,0,3,0.502263,0.000000,0.653717,59,0.476015,0,0.864425,inf,1,0.026518,0.005419,0.031969,0.303572
133.429510,1786670526.976405,1769605575.457844,1769605575.557738,map_start,map,map_start,map_start,map_start,0.000000,0.000000,952,0,8494,25868,371,736,5,358,358,24,0,3,0.502263,0.000000,0.653717,68,0.460520,0,0.774365,inf,1,0.008374,0.001755,0.010137,0.303572
133.849295,1786670527.391581,1769605575.857708,1769605575.957628,map_start,map,map_start,map_start,map_start,0.000000,0.000000,998,0,8537,25905,371,728,5,358,358,23,0,3,0.502263,0.000000,0.653717,65,0.466848,0,0.739085,inf,1,0.020691,0.001971,0.022672,0.309475
134.273847,1786670527.816007,1769605576.257733,1769605576.257733,map_start,map,map_start,map_start,map_start,0.000000,0.000000,1020,0,8574,26315,374,731,5,361,361,23,0,3,0.502263,0.000000,0.653717,59,0.461474,0,0.869934,inf,1,0.011867,0.001685,0.013560,0.309475
134.686287,1786670528.228495,1769605576.657838,1769605576.657838,map_start,map,map_start,map_start,map_start,0.000000,0.000000,1058,0,8582,26433,377,739,5,364,364,27,0,3,0.502263,0.000000,0.653717,63,0.471575,0,0.984346,inf,1,0.012580,0.001759,0.014348,0.338906
135.070994,1786670528.613707,1769605576.957846,1769605577.057776,map_start,map,map_start,map_start,map_start,0.000000,0.000000,1121,0,8629,26505,375,730,5,362,362,19,0,3,0.502263,0.000000,0.653717,59,0.482749,0,0.779767,inf,1,0.018627,0.001842,0.020477,0.346848
135.493346,1786670529.037173,1769605577.357754,1769605577.357754,map_start,map,map_start,map_start,map_start,0.000000,0.000000,1068,0,8630,26537,374,707,5,361,361,16,0,3,0.502263,0.000000,0.653717,51,0.479010,0,0.965301,inf,1,0.020552,0.001909,0.022470,0.329112
135.916597,1786670529.462215,1769605577.657747,1769605577.757780,map_start,map,map_start,map_start,map_start,0.000000,0.000000,1136,0,8675,26605,387,766,5,374,374,18,0,3,0.502263,0.000000,0.653717,66,0.482236,0,0.883785,inf,1,0.021346,0.003252,0.024613,0.356700
136.286186,1786670529.835663,1769605578.057698,1769605578.057698,map_start,map,map_start,map_start,map_start,0.000000,0.000000,1136,0,8684,26628,380,714,5,367,367,14,0,3,0.502263,0.000000,0.653717,58,0.463585,0,0.900818,inf,1,0.008311,0.001798,0.010117,0.376704
136.682655,1786670530.230588,1769605578.357980,1769605578.457785,map_start,map,map_start,map_start,map_start,0.000000,0.000000,1102,0,8687,26652,384,733,5,371,371,18,0,3,0.502263,0.000000,0.653717,68,0.468008,0,0.909446,inf,1,0.013742,0.001743,0.015493,0.352363
137.119119,1786670530.664739,1769605578.757806,1769605578.857732,map_start,map,map_start,map_start,map_start,0.000000,0.000000,1142,0,8723,26708,383,748,5,370,370,14,0,3,0.502263,0.000000,0.653717,64,0.469717,0,0.914614,inf,1,0.011975,0.003139,0.015126,0.344876
137.510763,1786670531.057880,1769605579.157708,1769605579.157708,map_start,map,map_start,map_start,map_start,0.000000,0.000000,1140,0,8751,26772,382,734,5,369,369,11,0,3,0.502263,0.000000,0.653717,58,0.473852,0,0.814775,inf,1,0.008150,0.001796,0.009955,0.376064
137.917457,1786670531.461832,1769605579.457736,1769605579.557692,map_start,map,map_start,map_start,map_start,0.000000,0.000000,1203,0,8785,26852,382,713,5,369,369,13,0,3,0.502263,0.000000,0.653717,61,0.473990,0,0.639639,inf,1,0.013287,0.002201,0.015499,0.377498
138.283318,1786670531.824985,1769605579.857811,1769605579.857811,map_start,map,map_start,map_start,map_start,0.000000,0.000000,1224,0,8801,26923,378,703,5,365,365,14,0,3,0.502263,0.000000,0.653717,56,0.484970,0,0.625141,inf,1,0.008996,0.001928,0.010932,0.377498
138.678106,1786670532.229203,1769605580.157731,1769605580.257743,map_start,map,map_start,map_start,map_start,0.000000,0.000000,1299,0,8839,27031,381,715,6,366,366,15,0,3,0.502263,0.000000,0.653717,60,0.458332,0,0.788540,inf,1,0.012577,0.001863,0.014447,0.339803
139.085073,1786670532.633627,1769605580.557362,1769605580.557362,map_start,map,map_start,map_start,map_start,0.000000,0.000000,1275,0,8852,27063,387,723,6,372,372,14,0,3,0.502263,0.000000,0.653717,61,0.476558,0,0.740311,inf,1,0.008388,0.001814,0.010211,0.341024
139.504981,1786670533.047293,1769605580.857745,1769605580.957731,map_start,map,map_start,map_start,map_start,0.000000,0.000000,1302,0,8878,27111,398,777,5,385,385,20,0,3,0.502263,0.000000,0.653717,71,0.472969,0,0.773378,inf,1,0.012711,0.001825,0.014545,0.343256
139.924255,1786670533.472875,1769605581.257915,1769605581.357779,map_start,map,map_start,map_start,map_start,0.000000,0.000000,1267,0,8883,27723,393,751,5,380,380,16,0,3,0.502263,0.000000,0.653717,61,0.472734,0,0.675722,inf,1,0.022025,0.002058,0.024093,0.384011
140.294860,1786670533.836900,1769605581.557728,1769605581.657805,map_start,map,map_start,map_start,map_start,0.000000,0.000000,1242,0,8889,27791,393,756,5,380,380,18,0,3,0.502263,0.000000,0.653717,67,0.462023,0,0.596576,inf,1,0.008251,0.001795,0.010053,0.384011
140.693525,1786670534.241624,1769605581.957751,1769605582.057760,map_start,map,map_start,map_start,map_start,0.000000,0.000000,1305,0,8922,27871,392,744,5,379,379,17,0,3,0.502263,0.000000,0.653717,64,0.476013,0,0.537624,inf,1,0.011612,0.001814,0.013436,0.354818
141.101336,1786670534.644141,1769605582.357894,1769605582.357894,map_start,map,map_start,map_start,map_start,0.000000,0.000000,1258,0,8942,28011,393,757,5,380,380,17,0,3,0.502263,0.000000,0.653717,67,0.471124,0,0.513485,inf,1,0.015739,0.001854,0.017601,0.354818
141.504286,1786670535.046759,1769605582.658031,1769605582.757792,map_start,map,map_start,map_start,map_start,0.000000,0.000000,1340,0,8970,28111,389,731,5,376,376,13,0,3,0.502263,0.000000,0.653717,61,0.481546,0,0.651004,inf,1,0.019410,0.001892,0.021311,0.356819
141.897654,1786670535.439763,1769605583.057797,1769605583.057797,map_start,map,map_start,map_start,map_start,0.000000,0.000000,1314,0,9030,28167,398,747,5,385,385,13,0,3,0.502263,0.000000,0.653717,57,0.468473,0,0.812701,inf,1,0.010537,0.001968,0.012514,0.367237
142.340890,1786670535.884424,1769605583.357771,1769605583.457722,map_start,map,map_start,map_start,map_start,0.000000,0.000000,1358,0,9072,28383,405,799,5,392,392,16,0,3,0.502263,0.000000,0.653717,64,0.481618,0,0.712914,inf,1,0.016174,0.001848,0.018031,0.359001
142.717922,1786670536.268083,1769605583.757696,1769605583.857810,map_start,map,map_start,map_start,map_start,0.000000,0.000000,1368,0,9101,28439,402,783,5,389,389,16,0,3,0.502263,0.000000,0.653717,64,0.476069,0,0.734163,inf,1,0.007749,0.001889,0.009643,0.397328
143.121651,1786670536.671579,1769605584.157673,1769605584.157673,map_start,map,map_start,map_start,map_start,0.000000,0.000000,1377,0,9113,28483,397,761,5,384,384,16,0,3,0.502263,0.000000,0.653717,59,0.480745,0,0.614180,inf,1,0.009184,0.001821,0.011013,0.381685
143.507006,1786670537.056179,1769605584.457747,1769605584.557782,map_start,map,map_start,map_start,map_start,0.000000,0.000000,1373,0,9154,28535,394,759,5,381,381,11,0,3,0.502263,0.000000,0.653717,49,0.501026,0,0.514902,inf,1,0.009184,0.001870,0.011060,0.363110
143.901713,1786670537.450077,1769605584.857744,1769605584.857744,map_start,map,map_start,map_start,map_start,0.000000,0.000000,1309,0,9152,28779,394,766,5,381,381,9,0,3,0.502263,0.000000,0.653717,43,0.499459,0,0.516626,inf,1,0.008606,0.001976,0.010589,0.364257
144.304128,1786670537.854187,1769605585.157687,1769605585.257665,map_start,map,map_start,map_start,map_start,0.000000,0.000000,1366,0,9164,28839,394,765,5,381,381,9,0,3,0.502263,0.000000,0.653717,42,0.478466,0,0.534791,inf,1,0.015145,0.001934,0.017088,0.362541
144.681944,1786670538.227464,1769605585.557740,1769605585.557740,map_start,map,map_start,map_start,map_start,0.000000,0.000000,1332,0,9176,28879,391,760,5,378,378,8,0,3,0.502263,0.000000,0.653717,43,0.509759,0,0.673487,inf,1,0.011003,0.001852,0.012864,0.362541
145.080243,1786670538.631254,1769605585.857697,1769605585.957703,map_start,map,map_start,map_start,map_start,0.000000,0.000000,1333,0,9189,28923,396,769,5,383,383,7,0,3,0.502263,0.000000,0.653717,44,0.469127,0,0.579482,inf,1,0.019611,0.001936,0.021557,0.339542
145.484516,1786670539.035465,1769605586.157675,1769605586.357753,map_start,map,map_start,map_start,map_start,0.000000,0.000000,1381,0,9224,28999,401,771,5,388,388,5,0,3,0.502263,0.000000,0.653717,46,0.475868,0,0.669469,inf,1,0.016844,0.002219,0.019073,0.339542
145.894078,1786670539.438468,1769605586.657723,1769605586.657723,map_start,map,map_start,map_start,map_start,0.000000,0.000000,1343,0,9241,29023,404,813,5,391,391,7,0,3,0.502263,0.000000,0.653717,50,0.473904,0,0.589513,inf,1,0.014971,0.002200,0.017181,0.340588
146.294572,1786670539.841490,1769605586.957787,1769605587.057800,map_start,map,map_start,map_start,map_start,0.000000,0.000000,1345,0,9267,29067,404,808,5,391,391,11,0,3,0.502263,0.000000,0.653717,52,0.455342,0,0.588852,inf,1,0.013308,0.001865,0.015182,0.357208
146.689517,1786670540.235987,1769605587.357767,1769605587.357767,map_start,map,map_start,map_start,map_start,0.000000,0.000000,1342,0,9293,29097,406,813,5,393,393,14,0,3,0.502263,0.000000,0.653717,57,0.482037,0,0.697056,inf,1,0.009690,0.001891,0.011590,0.344520
147.097627,1786670540.640889,1769605587.657733,1769605587.757716,map_start,map,map_start,map_start,map_start,0.000000,0.000000,1388,0,9316,29145,408,820,5,395,395,16,0,3,0.502263,0.000000,0.653717,58,0.470801,0,0.888917,inf,1,0.013743,0.002231,0.015984,0.344520
147.528347,1786670541.076173,1769605588.057707,1769605588.157675,map_start,map,map_start,map_start,map_start,0.000000,0.000000,1354,0,9331,29171,403,798,6,378,378,14,0,3,0.502263,0.000000,0.653717,51,0.470090,0,1.140971,inf,1,0.020079,0.002560,0.022650,0.358368
147.905644,1786670541.448736,1769605588.457821,1769605588.457821,map_start,map,map_start,map_start,map_start,0.000000,0.000000,1355,0,9354,29205,405,807,6,380,380,9,0,3,0.502263,0.000000,0.653717,46,0.474857,0,1.261327,inf,1,0.008063,0.001911,0.009985,0.384390
148.319632,1786670541.861295,1769605588.757704,1769605588.857796,map_start,map,map_start,map_start,map_start,0.000000,0.000000,1378,0,9388,29227,416,837,6,391,391,12,0,3,0.502263,0.000000,0.653717,57,0.478300,0,1.217476,inf,1,0.017720,0.004160,0.021899,0.378431
148.715833,1786670542.264016,1769605589.057736,1769605589.157800,map_start,map,map_start,map_start,map_start,0.000000,0.000000,1376,0,9399,29256,415,845,6,390,390,12,0,3,0.502263,0.000000,0.653717,62,0.472004,0,1.256728,inf,1,0.009654,0.002030,0.011692,0.373698
149.121128,1786670542.667794,1769605589.457788,1769605589.557742,map_start,map,map_start,map_start,map_start,0.000000,0.000000,1373,0,9432,29299,419,832,8,390,390,13,0,3,0.502263,0.000000,0.653717,57,0.481344,0,1.195651,inf,1,0.008195,0.001903,0.010107,0.373698
149.547798,1786670543.091846,1769605589.857743,1769605589.957817,map_start,map,map_start,map_start,map_start,0.000000,0.000000,1376,0,9509,29339,423,869,7,395,395,12,0,3,0.502263,0.000000,0.653717,55,0.472158,0,1.082514,inf,1,0.008447,0.001950,0.010406,0.385173
149.951337,1786670543.495915,1769605590.157790,1769605590.257746,map_start,map,map_start,map_start,map_start,0.000000,0.000000,1437,0,9559,29413,422,854,6,397,397,10,0,3,0.502263,0.000000,0.653717,55,0.473722,0,0.882101,inf,1,0.007654,0.001908,0.009569,0.408867
150.353710,1786670543.899762,1769605590.557717,1769605590.657762,map_start,map,map_start,map_start,map_start,0.000000,0.000000,1443,0,9583,29477,417,838,6,392,392,8,0,3,0.502263,0.000000,0.653717,56,0.474786,0,0.704271,inf,1,0.008567,0.002017,0.010592,0.403671
150.752412,1786670544.293661,1769605590.957735,1769605591.057769,map_start,map,map_start,map_start,map_start,0.000000,0.000000,1405,0,9612,29549,414,833,6,389,389,17,0,3,0.502263,0.000000,0.653717,58,0.472936,0,0.731432,inf,1,0.007677,0.001913,0.009595,0.401958
151.154720,1786670544.697143,1769605591.257786,1769605591.357717,map_start,map,map_start,map_start,map_start,0.000000,0.000000,1439,0,9639,29621,416,835,6,391,391,17,0,3,0.502263,0.000000,0.653717,56,0.470092,0,0.796522,inf,1,0.007941,0.001879,0.009826,0.397642
151.538628,1786670545.081109,1769605591.657715,1769605591.757840,map_start,map,map_start,map_start,map_start,0.000000,0.000000,1466,0,9670,29694,422,847,6,397,397,18,0,3,0.502263,0.000000,0.653717,62,0.481378,0,0.904809,inf,1,0.007932,0.002024,0.009964,0.403075
151.953503,1786670545.495698,1769605592.057910,1769605592.057910,map_start,map,map_start,map_start,map_start,0.000000,0.000000,1448,0,9715,29721,417,842,6,392,392,6,0,3,0.502263,0.000000,0.653717,69,0.471972,0,0.778118,inf,1,0.008416,0.001983,0.010409,0.384162
152.379058,1786670545.930155,1769605592.357788,1769605592.457696,map_start,map,map_start,map_start,map_start,0.000000,0.000000,1398,0,9740,29735,419,861,6,394,394,22,0,3,0.502263,0.000000,0.653717,70,0.467564,0,0.796589,inf,1,0.008300,0.002046,0.010354,0.411021
152.780789,1786670546.323023,1769605592.758149,1769605592.857887,map_start,map,map_start,map_start,map_start,0.000000,0.000000,1354,0,9733,29770,414,832,6,389,389,20,0,3,0.502263,0.000000,0.653717,68,0.473891,0,0.877470,inf,1,0.008166,0.002008,0.010181,0.425569
153.183712,1786670546.727130,1769605593.157719,1769605593.157719,map_start,map,map_start,map_start,map_start,0.000000,0.000000,1376,0,9793,29874,433,892,6,408,408,20,0,3,0.502263,0.000000,0.653717,83,0.484767,0,0.686039,inf,1,0.008281,0.001984,0.010271,0.402106
153.579734,1786670547.130601,1769605593.457689,1769605593.557641,map_start,map,map_start,map_start,map_start,0.000000,0.000000,1478,0,9875,29987,430,872,6,405,405,14,0,3,0.502263,0.000000,0.653717,69,0.473997,0,0.869295,inf,1,0.008553,0.002026,0.010585,0.396498
153.982147,1786670547.524303,1769605593.857726,1769605593.857726,map_start,map,map_start,map_start,map_start,0.000000,0.000000,1487,0,9895,30023,429,849,6,404,404,14,0,3,0.502263,0.000000,0.653717,72,0.457937,0,0.660084,inf,1,0.008548,0.002065,0.010622,0.396498
154.381558,1786670547.928293,1769605594.157705,1769605594.257727,map_start,map,map_start,map_start,map_start,0.000000,0.000000,1527,0,9929,30087,426,835,6,401,401,13,0,3,0.502263,0.000000,0.653717,70,0.457937,0,0.683613,inf,1,0.008657,0.002008,0.010670,0.403137
154.783796,1786670548.333082,1769605594.557922,1769605594.657861,map_start,map,map_start,map_start,map_start,0.000000,0.000000,1484,0,9942,30119,429,853,6,404,404,10,0,3,0.502263,0.000000,0.653717,64,0.460854,0,0.373274,inf,1,0.009256,0.002038,0.011303,0.398963
155.178895,1786670548.727808,1769605594.957733,1769605594.957733,map_start,map,map_start,map_start,map_start,0.000000,0.000000,1480,0,9952,30156,431,835,7,405,1,0,0,3,0.502263,0.000000,0.653717,57,0.472199,0,0.396249,inf,1,0.008697,0.002086,0.010789,0.402083
155.591594,1786670549.141200,1769605595.257835,1769605595.357837,map_start,map,map_start,map_start,map_start,0.000000,0.000000,1494,0,9995,30231,435,831,6,410,410,2,0,3,0.502263,0.000000,0.653717,60,0.473211,0,0.341324,inf,1,0.008900,0.002018,0.010925,0.395494
156.011281,1786670549.556492,1769605595.657705,1769605595.757875,map_start,map,map_start,map_start,map_start,0.000000,0.000000,1502,0,10009,30247,435,839,7,409,1,0,0,3,0.502263,0.000000,0.653717,60,0.472203,0,0.291822,inf,1,0.008990,0.002040,0.011052,0.412835
156.440977,1786670549.990081,1769605596.057781,1769605596.057781,map_start,map,map_start,map_start,map_start,0.000000,0.000000,1589,0,10051,30336,435,803,7,409,1,0,0,3,0.502263,0.000000,0.653717,59,0.485518,0,0.288017,inf,1,0.009049,0.002034,0.011090,0.419790
156.873676,1786670550.415017,1769605596.457730,1769605596.457730,map_start,map,map_start,map_start,map_start,0.000000,0.000000,1663,0,10083,30418,435,799,8,406,1,0,0,3,0.502263,0.000000,0.653717,62,0.465434,0,0.250490,inf,1,0.008990,0.002053,0.011050,0.429694
157.319353,1786670550.868940,1769605596.857802,1769605596.857802,map_start,map,map_start,map_start,map_start,0.000000,0.000000,1733,0,10100,30491,438,800,9,407,1,0,0,3,0.502263,0.000000,0.653717,53,0.490742,0,0.423017,inf,1,0.008929,0.002052,0.010987,0.432790
157.815879,1786670551.363748,1769605597.257958,1769605597.357632,map_start,map,map_start,map_start,map_start,0.000000,0.000000,1866,0,10137,30638,462,808,7,434,434,2,0,3,0.502263,0.000000,0.653717,60,0.474448,0,0.447965,inf,1,0.009290,0.002168,0.011466,0.446449
158.306299,1786670551.848336,1769605597.657772,1769605597.757706,map_start,map,map_start,map_start,map_start,0.000000,0.000000,1929,0,10169,32182,457,786,8,426,426,1,0,3,0.502263,0.000000,0.653717,59,0.478619,0,0.425514,inf,1,0.009007,0.002080,0.011094,0.496494
158.812765,1786670552.363542,1769605598.157797,1769605598.257716,map_start,map,map_start,map_start,map_start,0.000000,0.000000,1980,0,10196,32300,441,732,10,403,403,2,0,3,0.502263,0.000000,0.653717,55,0.474392,0,0.370309,inf,1,0.009296,0.002145,0.011449,0.490359
159.316241,1786670552.859340,1769605598.557688,1769605598.657699,map_start,map,map_start,map_start,map_start,0.000000,0.000000,2078,0,10246,32466,453,760,8,423,423,1,0,3,0.502263,0.000000,0.653717,61,0.495010,0,0.350225,inf,1,0.009355,0.002121,0.011484,0.505452
159.806386,1786670553.353578,1769605598.957703,1769605599.157871,map_start,map,map_start,map_start,map_start,0.000000,0.000000,2063,0,10253,32744,452,751,8,424,1,0,0,3,0.502263,0.000000,0.653717,62,0.482446,0,0.370240,inf,1,0.009932,0.002158,0.012096,0.503535
160.325897,1786670553.867361,1769605599.557765,1769605599.557765,map_start,map,map_start,map_start,map_start,0.000000,0.000000,2110,0,10270,32820,443,729,6,418,418,2,0,3,0.502263,0.000000,0.653717,59,0.461595,0,0.386457,inf,1,0.010134,0.002226,0.012367,0.491031
160.848190,1786670554.391811,1769605599.957789,1769605600.057757,map_start,map,map_start,map_start,map_start,0.000000,0.000000,2168,0,10314,32910,445,728,6,420,420,3,0,3,0.502263,0.000000,0.653717,58,0.461595,0,0.343506,inf,1,0.009841,0.002247,0.012095,0.519559
161.397539,1786670554.947369,1769605600.457728,1769605600.557732,map_start,map,map_start,map_start,map_start,0.000000,0.000000,2223,0,10341,32975,448,732,6,423,423,2,0,3,0.502263,0.000000,0.653717,62,0.484764,0,0.460597,inf,1,0.009825,0.002218,0.012051,0.521144
161.936980,1786670555.481055,1769605600.957729,1769605601.057891,map_start,map,map_start,map_start,map_start,0.000000,0.000000,2297,0,10378,33067,444,724,6,419,419,1,0,3,0.502263,0.000000,0.653717,46,0.493032,0,0.450926,inf,1,0.010169,0.002388,0.012564,0.550308
162.484349,1786670556.035193,1769605601.457807,1769605601.557799,map_start,map,map_start,map_start,map_start,0.000000,0.000000,2316,0,10389,33139,447,736,8,419,1,0,0,3,0.502263,0.000000,0.653717,42,0.466233,0,0.221685,inf,1,0.009879,0.002291,0.012178,0.548515
163.039568,1786670556.582314,1769605601.957685,1769605602.057699,map_start,map,map_start,map_start,map_start,0.000000,0.000000,2427,0,10416,33210,448,732,7,422,1,0,0,3,0.502263,0.000000,0.653717,50,0.466233,0,0.280142,inf,1,0.010033,0.002283,0.012322,0.548515
163.599298,1786670557.148062,1769605602.457817,1769605602.557771,map_start,map,map_start,map_start,map_start,0.000000,0.000000,2516,0,10432,33258,451,735,9,418,1,0,0,3,0.502263,0.000000,0.653717,48,0.466233,0,0.227470,inf,1,0.009885,0.002412,0.012305,0.555168
164.183352,1786670557.734649,1769605602.957683,1769605603.057839,map_start,map,map_start,map_start,map_start,0.000000,0.000000,2584,0,10469,33296,453,749,10,416,1,0,0,3,0.502263,0.000000,0.653717,55,0.466233,0,0.246691,inf,1,0.009837,0.002324,0.012168,0.559731
164.754978,1786670558.300334,1769605603.457743,1769605603.557716,map_start,map,map_start,map_start,map_start,0.000000,0.000000,2758,0,10504,33332,454,744,9,421,1,0,0,3,0.502263,0.000000,0.653717,54,0.471540,0,0.356117,inf,1,0.009683,0.002327,0.012017,0.582831
165.363423,1786670558.906569,1769605604.057723,1769605604.057723,map_start,map,map_start,map_start,map_start,0.000000,0.000000,2840,0,10507,33352,454,750,9,422,422,2,0,3,0.502263,0.000000,0.653717,47,0.471540,0,0.660721,inf,1,0.010164,0.002441,0.012611,0.572755
165.954111,1786670559.501411,1769605604.557724,1769605604.657696,map_start,map,map_start,map_start,map_start,0.000000,0.000000,2969,0,10532,33380,443,750,7,416,416,19,0,3,0.502263,0.000000,0.653717,68,0.468242,0,0.346623,inf,1,0.009730,0.002376,0.012114,0.607693
166.535012,1786670560.077489,1769605605.057757,1769605605.157701,map_start,map,map_start,map_start,map_start,0.000000,0.000000,3034,0,10524,33391,440,720,8,407,407,4,0,3,0.502263,0.000000,0.653717,50,0.471540,0,0.252311,inf,1,0.010305,0.002493,0.012814,0.590920
167.125434,1786670560.674660,1769605605.658170,1769605605.658170,map_start,map,map_start,map_start,map_start,0.000000,0.000000,3084,0,10528,33398,434,708,9,401,401,1,0,3,0.502263,0.000000,0.653717,45,0.477237,0,0.337587,inf,1,0.009914,0.002462,0.012385,0.581216
167.722084,1786670561.270390,1769605606.157831,1769605606.257732,map_start,map,map_start,map_start,map_start,0.000000,0.000000,3108,0,10524,33400,439,717,8,412,412,6,0,3,0.502263,0.000000,0.653717,52,0.473491,0,0.672991,inf,1,0.010267,0.002458,0.012733,0.590577
168.330219,1786670561.875761,1769605606.657804,1769605606.757712,map_start,map,map_start,map_start,map_start,0.000000,0.000000,3174,0,10539,33408,441,736,7,415,415,16,0,3,0.502263,0.000000,0.653717,64,0.470334,0,0.668705,inf,1,0.009980,0.002348,0.012335,0.596169
168.935155,1786670562.482511,1769605607.257840,1769605607.257840,map_start,map,map_start,map_start,map_start,0.000000,0.000000,3212,0,10532,33408,443,740,7,417,417,18,0,3,0.502263,0.000000,0.653717,59,0.469738,0,0.624457,inf,1,0.009788,0.002510,0.012305,0.603961
169.554021,1786670563.098971,1769605607.757941,1769605607.857772,map_start,map,map_start,map_start,map_start,0.000000,0.000000,3279,0,10547,33415,452,758,5,430,430,19,0,3,0.502263,0.000000,0.653717,70,0.457742,0,0.639982,inf,1,0.010042,0.002419,0.012468,0.603961
170.187121,1786670563.736601,1769605608.357856,1769605608.357856,map_start,map,map_start,map_start,map_start,0.000000,0.000000,2576,0,10556,35991,457,768,8,418,418,15,0,3,0.502263,0.000000,0.653717,68,0.472213,0,0.624372,inf,1,0.009978,0.002328,0.012313,0.619459
170.805481,1786670564.352514,1769605608.857882,1769605608.957715,map_start,map,map_start,map_start,map_start,0.000000,0.000000,3267,0,10593,38272,457,755,7,422,422,13,0,3,0.502263,0.000000,0.653717,52,0.475541,0,0.563623,inf,1,0.009786,0.002472,0.012265,0.634319
171.427806,1786670564.969842,1769605609.357964,1769605609.457717,map_start,map,map_start,map_start,map_start,0.000000,0.000000,3282,0,10617,38361,459,760,6,435,435,12,0,3,0.502263,0.000000,0.653717,62,0.474347,0,0.216994,inf,1,0.009544,0.002387,0.011938,0.617475
172.049603,1786670565.595473,1769605609.957731,1769605610.057779,map_start,map,map_start,map_start,map_start,0.000000,0.000000,3318,0,10641,38388,457,743,6,434,1,0,0,3,0.502263,0.000000,0.653717,49,0.481756,0,0.454523,inf,1,0.012511,0.002845,0.015372,0.622324
172.648606,1786670566.190972,1769605610.457870,1769605610.557752,map_start,map,map_start,map_start,map_start,0.000000,0.000000,3312,0,10658,38428,456,728,9,414,414,1,0,3,0.502263,0.000000,0.653717,39,0.483685,0,0.399148,inf,1,0.010034,0.002436,0.012477,0.622324
173.289665,1786670566.838053,1769605611.057912,1769605611.157694,map_start,map,map_start,map_start,map_start,0.000000,0.000000,3305,0,10657,38436,473,765,8,434,434,2,0,3,0.502263,0.000000,0.653717,45,0.483685,0,0.214859,inf,1,0.011081,0.002480,0.013569,0.599176
173.926425,1786670567.475530,1769605611.557917,1769605611.757763,map_start,map,map_start,map_start,map_start,0.000000,0.000000,3313,0,10714,38448,471,756,10,422,1,0,0,3,0.502263,0.000000,0.653717,45,0.483685,0,0.301612,inf,1,0.010519,0.002626,0.013154,0.640754
174.587836,1786670568.131458,1769605612.257859,1769605612.357746,map_start,map,map_start,map_start,map_start,0.000000,0.000000,3281,0,10794,38448,470,763,9,430,1,0,0,3,0.502263,0.000000,0.653717,39,0.484660,0,0.256781,inf,1,0.011028,0.002542,0.013577,0.660737
175.224915,1786670568.769415,1769605612.857847,1769605612.857847,map_start,map,map_start,map_start,map_start,0.000000,0.000000,3274,0,10887,38464,468,745,9,427,1,0,0,3,0.502263,0.000000,0.653717,33,0.472360,0,0.256044,inf,1,0.010323,0.002496,0.012826,0.660737
175.859215,1786670569.405881,1769605613.357855,1769605613.457703,map_start,map,map_start,map_start,map_start,0.000000,0.000000,3300,0,10880,38503,467,735,9,426,1,0,0,3,0.502263,0.000000,0.653717,35,0.483321,0,0.261125,inf,1,0.010840,0.002458,0.013303,0.638043
176.495316,1786670570.041288,1769605613.957702,1769605614.057902,map_start,map,map_start,map_start,map_start,0.000000,0.000000,3322,0,10868,38525,466,731,10,423,1,0,0,3,0.502263,0.000000,0.653717,29,0.484789,0,0.262758,inf,1,0.010258,0.002503,0.012769,0.634148
177.101512,1786670570.647905,1769605614.457723,1769605614.557679,map_start,map,map_start,map_start,map_start,0.000000,0.000000,3327,0,10857,38534,465,731,10,423,1,0,0,3,0.502263,0.000000,0.653717,27,0.484789,0,0.264696,inf,1,0.010771,0.002456,0.013233,0.636302
177.728339,1786670571.273854,1769605615.057758,1769605615.157707,map_start,map,map_start,map_start,map_start,0.000000,0.000000,3328,0,10847,38538,462,727,8,434,1,0,0,3,0.502263,0.000000,0.653717,25,0.484789,0,0.266646,inf,1,0.010869,0.002555,0.013432,0.606088
178.346398,1786670571.889942,1769605615.557720,1769605615.657704,map_start,map,map_start,map_start,map_start,0.000000,0.000000,3302,0,10844,38546,461,726,8,416,1,0,0,3,0.502263,0.000000,0.653717,25,0.483158,0,0.269708,inf,1,0.010536,0.002426,0.012968,0.626902
178.981577,1786670572.526741,1769605616.157734,1769605616.257691,map_start,map,map_start,map_start,map_start,0.000000,0.000000,3260,0,10829,38546,461,736,8,414,1,0,0,3,0.502263,0.000000,0.653717,28,0.483158,0,0.270128,inf,1,0.011477,0.002437,0.013923,0.617325
179.613652,1786670573.162379,1769605616.757759,1769605616.757759,map_start,map,map_start,map_start,map_start,0.000000,0.000000,3225,0,10811,38546,462,737,8,415,1,0,0,3,0.502263,0.000000,0.653717,29,0.483158,0,0.273446,inf,1,0.010910,0.002450,0.013368,0.635802
180.249497,1786670573.798469,1769605617.257720,1769605617.357741,map_start,map,map_start,map_start,map_start,0.000000,0.000000,3161,0,10784,38551,459,732,9,410,1,0,0,3,0.502263,0.000000,0.653717,27,0.484789,0,0.265554,inf,1,0.010853,0.002482,0.013343,0.632224
180.872905,1786670574.414728,1769605617.857968,1769605617.957795,map_start,map,map_start,map_start,map_start,0.000000,0.000000,3145,0,10769,38551,458,730,10,406,1,0,0,3,0.502263,0.000000,0.653717,26,0.484789,0,0.269044,inf,1,0.010825,0.002404,0.013234,0.635645
181.513483,1786670575.060594,1769605618.457737,1769605618.457737,map_start,map,map_start,map_start,map_start,0.000000,0.000000,3120,0,10769,38555,458,729,10,406,1,0,0,3,0.502263,0.000000,0.653717,25,0.484789,0,0.271320,inf,1,0.010944,0.002426,0.013376,0.623509
182.138316,1786670575.686259,1769605618.957717,1769605619.057728,map_start,map,map_start,map_start,map_start,0.000000,0.000000,3112,0,10764,38555,458,730,9,406,1,0,0,3,0.502263,0.000000,0.653717,27,0.484789,0,0.269398,inf,1,0.010678,0.002537,0.013222,0.640552
182.770414,1786670576.321289,1769605619.557665,1769605619.657711,map_start,map,map_start,map_start,map_start,0.000000,0.000000,3074,0,10750,38555,462,734,9,406,1,0,0,3,0.502263,0.000000,0.653717,30,0.484789,0,0.265732,inf,1,0.010708,0.002415,0.013130,0.632839
183.407242,1786670576.804243,1769605620.057702,1769605620.057702,map_start,map,map_start,map_start,map_start,0.000000,0.000000,3089,0,10754,38559,462,735,9,406,1,0,0,3,0.502263,0.000000,0.653717,30,0.484789,0,0.267417,inf,1,0.011028,0.002434,0.013469,0.632839
184.024401,1786670576.804243,1769605620.057702,1769605620.057702,map_start,map,map_start,map_start,map_start,0.000000,0.000000,3078,0,10752,38559,462,734,9,406,1,0,0,3,0.502263,0.000000,0.653717,30,0.484789,0,0.267417,inf,1,0.010747,0.002483,0.013239,0.636800
