stamp,component_count,main_size,small_component_index,small_component_size,nearest_distance_m,small_x,small_y,small_z,main_x,main_y,main_z,reason
1786670404.5556438,2,30,1,1,0.5228006908846298,0.46128571033477783,0.02590283378958702,-0.021075088530778885,0.13561952114105225,-0.38261184096336365,-0.001636567059904337,not_evaluated_this_snapshot
1786670404.9589484,2,30,1,1,0.5228006908846298,0.46128571033477783,0.02590283378958702,-0.021075088530778885,0.13561952114105225,-0.38261184096336365,-0.001636567059904337,not_evaluated_this_snapshot
1786670405.3714955,2,31,1,1,0.5228006908846298,0.46128571033477783,0.02590283378958702,-0.021075088530778885,0.13561952114105225,-0.38261184096336365,-0.001636567059904337,not_evaluated_this_snapshot
1786670405.7644286,2,34,1,1,1.4392157663804082,1.487779140472412,0.10933798551559448,-0.03312869742512703,0.13561952114105225,-0.38261184096336365,-0.001636567059904337,not_evaluated_this_snapshot
1786670406.1674724,2,35,1,1,1.4392157663804082,1.487779140472412,0.10933798551559448,-0.03312869742512703,0.13561952114105225,-0.38261184096336365,-0.001636567059904337,not_evaluated_this_snapshot
1786670406.570474,2,39,1,1,1.4392157663804082,1.487779140472412,0.10933798551559448,-0.03312869742512703,0.13561952114105225,-0.38261184096336365,-0.001636567059904337,not_evaluated_this_snapshot
1786670406.963296,2,41,1,1,2.4045696730532438,2.595677375793457,0.1014149934053421,-0.03536972776055336,4.995677471160889,0.23474833369255066,-0.10000002384185791,not_evaluated_this_snapshot
1786670407.3673625,2,39,1,1,2.4045696730532438,2.595677375793457,0.1014149934053421,-0.03536972776055336,4.995677471160889,0.23474833369255066,-0.10000002384185791,not_evaluated_this_snapshot
1786670408.1725671,2,37,1,1,2.54797654919617,3.7189173698425293,0.042355015873909,-0.042589202523231506,3.4522507190704346,-2.490978240966797,-0.10000002384185791,not_evaluated_this_snapshot
1786670408.5654187,2,26,1,1,2.5765968252847133,3.7189173698425293,0.042355015873909,-0.042589202523231506,3.2522506713867188,-2.490978240966797,-0.10000002384185791,not_evaluated_this_snapshot
1786670408.9784079,2,26,1,1,2.9611833826993714,4.818868637084961,0.040404342114925385,-0.01996961236000061,3.28556752204895,-2.491628408432007,-0.10000002384185791,not_evaluated_this_snapshot
1786670409.3809936,2,38,1,1,1.8519388412507827,5.1546783447265625,0.0012272874591872096,-0.021586555987596512,6.8975677490234375,-0.589569091796875,0.18571427464485168,not_evaluated_this_snapshot
1786670410.177381,2,37,1,1,3.1136153880686135,5.961489200592041,-0.017648188397288322,-0.024426495656371117,3.6948225498199463,-2.1509816646575928,-0.10000002384185791,not_evaluated_this_snapshot
1786670410.5801513,2,41,1,1,3.898751993787393,6.431768894195557,-0.01090158149600029,-0.02583802305161953,3.3157973289489746,-2.353013515472412,-0.10000002384185791,not_evaluated_this_snapshot
1786670412.5953224,2,51,1,1,3.965326186886428,8.47836971282959,0.011786178685724735,-0.03207271173596382,12.033589363098145,-1.7443879842758179,-0.02327975444495678,not_evaluated_this_snapshot
1786670413.4108107,2,51,1,1,3.2653124907648574,9.275609970092773,0.0036997338756918907,-0.03473564237356186,12.033589363098145,-1.7443879842758179,-0.036894287914037704,not_evaluated_this_snapshot
1786670418.649956,2,78,1,1,2.933721831101754,14.489684104919434,-0.056570883840322495,-0.05225442349910736,14.489684104919434,-2.9899041652679443,-0.10000002384185791,not_evaluated_this_snapshot
1786670419.4667916,2,76,1,1,3.012773955298985,15.27314281463623,0.39326345920562744,0.06708235293626785,15.939809799194336,-2.540070056915283,-0.10000002384185791,not_evaluated_this_snapshot
1786670419.8799293,2,75,1,1,3.34825756598102,15.720824241638184,0.40122246742248535,0.06913652271032333,15.9874906539917,-2.9321107864379883,-0.10000002384185791,not_evaluated_this_snapshot
1786670420.293211,2,76,1,1,3.3404030543807437,16.169614791870117,0.42041611671447754,0.07147662341594696,16.03628158569336,-2.912917137145996,-0.10000002384185791,not_evaluated_this_snapshot
1786670420.696914,2,75,1,1,2.9864387111737316,16.51479721069336,0.42363032698631287,0.07299105823040009,15.981463432312012,-2.5097031593322754,-0.10000002384185791,not_evaluated_this_snapshot
1786670421.1095963,2,74,1,1,3.2991626047712845,16.981779098510742,0.45580610632896423,0.07570287585258484,16.014955520629883,-2.693615198135376,-0.10000002384185791,not_evaluated_this_snapshot
1786670421.5121713,2,78,1,1,3.4117912832232444,17.309833526611328,0.464579701423645,0.07728200405836105,15.576499938964844,-2.4687538146972656,-0.10000002384185791,not_evaluated_this_snapshot
1786670421.9065292,2,80,1,1,3.761357984202694,17.754018783569336,0.48439887166023254,0.07960448414087296,16.02068519592285,-2.8489344120025635,-0.10000002384185791,not_evaluated_this_snapshot
1786670422.329807,2,83,1,1,3.880072280093736,18.088172912597656,0.48221492767333984,0.08094438910484314,15.554840087890625,-2.4511184692382812,-0.10000002384185791,not_evaluated_this_snapshot
1786670422.7221773,2,82,1,1,4.190755412579908,18.538177490234375,0.4961554706096649,0.0831538587808609,16.004844665527344,-2.8371777534484863,-0.10000002384185791,not_evaluated_this_snapshot
1786670423.1245193,2,85,1,1,3.963399758347149,18.87577247619629,0.5056915283203125,0.08478733897209167,21.009105682373047,-2.827641725540161,0.30000001192092896,not_evaluated_this_snapshot
1786670423.5270078,2,77,1,1,3.7455547492729813,19.33091926574707,0.5141322612762451,0.08688654005527496,21.009105682373047,-2.827641725540161,0.30000001192092896,not_evaluated_this_snapshot
1786670423.939671,2,87,1,2,2.4468478964210894,5.661285877227783,2.9592361450195312,0.30000001192092896,3.3230044841766357,3.6800029277801514,0.29999998211860657,visibility_direction_rejected
1786670424.343168,2,90,1,2,2.4468478964210894,5.661285877227783,2.9592361450195312,0.30000001192092896,3.3230044841766357,3.6800029277801514,0.29999998211860657,visibility_direction_rejected
1786670424.735734,2,90,1,2,2.4468478964210894,5.661285877227783,2.9592361450195312,0.30000001192092896,3.3230044841766357,3.6800029277801514,0.29999998211860657,visibility_direction_rejected
1786670425.1387641,2,81,1,2,2.4468478964210894,5.661285877227783,2.9592361450195312,0.30000001192092896,3.3230044841766357,3.6800029277801514,0.29999998211860657,visibility_direction_rejected
1786670425.5414574,2,79,1,2,2.4468478964210894,5.661285877227783,2.9592361450195312,0.30000001192092896,3.3230044841766357,3.6800029277801514,0.29999998211860657,visibility_direction_rejected
1786670425.9337857,2,76,1,2,2.4468478964210894,5.661285877227783,2.9592361450195312,0.30000001192092896,3.3230044841766357,3.6800029277801514,0.29999998211860657,visibility_direction_rejected
1786670426.3268929,2,77,1,2,2.4468478964210894,5.661285877227783,2.9592361450195312,0.30000001192092896,3.3230044841766357,3.6800029277801514,0.29999998211860657,visibility_direction_rejected
1786670426.7300088,2,78,1,2,2.4468478964210894,5.661285877227783,2.9592361450195312,0.30000001192092896,3.3230044841766357,3.6800029277801514,0.29999998211860657,visibility_direction_rejected
1786670427.143406,2,81,1,2,2.4468478964210894,5.661285877227783,2.9592361450195312,0.30000001192092896,3.3230044841766357,3.6800029277801514,0.29999998211860657,visibility_direction_rejected
1786670427.5359783,2,87,1,2,2.4468478964210894,5.661285877227783,2.9592361450195312,0.30000001192092896,3.3230044841766357,3.6800029277801514,0.29999998211860657,visibility_direction_rejected
1786670427.959648,2,91,1,2,2.4468478964210894,5.661285877227783,2.9592361450195312,0.30000001192092896,3.3230044841766357,3.6800029277801514,0.29999998211860657,visibility_direction_rejected
1786670428.3833082,2,87,1,2,2.4468478964210894,5.661285877227783,2.9592361450195312,0.30000001192092896,3.3230044841766357,3.6800029277801514,0.29999998211860657,visibility_direction_rejected
1786670428.7666483,2,85,1,2,2.4468478964210894,5.661285877227783,2.9592361450195312,0.30000001192092896,3.3230044841766357,3.6800029277801514,0.29999998211860657,visibility_direction_rejected
1786670429.1702986,2,87,1,2,2.4468478964210894,5.661285877227783,2.9592361450195312,0.30000001192092896,3.3230044841766357,3.6800029277801514,0.29999998211860657,visibility_direction_rejected
1786670429.575184,2,84,1,2,2.4468478964210894,5.661285877227783,2.9592361450195312,0.30000001192092896,3.3230044841766357,3.6800029277801514,0.29999998211860657,visibility_direction_rejected
1786670429.9787967,2,92,1,2,2.4468478964210894,5.661285877227783,2.9592361450195312,0.30000001192092896,3.3230044841766357,3.6800029277801514,0.29999998211860657,visibility_direction_rejected
1786670430.3815308,2,92,1,2,2.4468478964210894,5.661285877227783,2.9592361450195312,0.30000001192092896,3.3230044841766357,3.6800029277801514,0.29999998211860657,visibility_direction_rejected
1786670431.1868925,2,90,1,2,2.4468478964210894,5.661285877227783,2.9592361450195312,0.30000001192092896,3.3230044841766357,3.6800029277801514,0.29999998211860657,visibility_direction_rejected
1786670431.5796463,2,93,1,2,2.4468478964210894,5.661285877227783,2.9592361450195312,0.30000001192092896,3.3230044841766357,3.6800029277801514,0.29999998211860657,visibility_direction_rejected
1786670431.9923165,2,95,1,2,2.4468478964210894,5.661285877227783,2.9592361450195312,0.30000001192092896,3.3230044841766357,3.6800029277801514,0.29999998211860657,visibility_direction_rejected
1786670432.3852692,2,86,1,2,2.4468478964210894,5.661285877227783,2.9592361450195312,0.30000001192092896,3.3230044841766357,3.6800029277801514,0.29999998211860657,visibility_direction_rejected
1786670432.7892442,3,94,1,3,2.0399921788575894,33.234378814697266,-0.21413123607635498,0.10732194781303406,32.43437957763672,-2.0807979106903076,0.30000001192092896,visibility_direction_rejected
1786670432.7892442,3,94,2,2,2.4468478964210894,5.661285877227783,2.9592361450195312,0.30000001192092896,3.3230044841766357,3.6800029277801514,0.29999998211860657,visibility_direction_rejected
1786670433.1816547,3,105,1,4,1.4591098803098261,33.261871337890625,-0.2063143253326416,0.10732194781303406,33.28936767578125,-1.6651639938354492,0.1091216504573822,visibility_direction_rejected
1786670433.1816547,3,105,2,2,2.4468478964210894,5.661285877227783,2.9592361450195312,0.30000001192092896,3.3230044841766357,3.6800029277801514,0.29999998211860657,visibility_direction_rejected
1786670433.5844357,5,88,1,4,1.528267602004812,33.251827239990234,-0.20133449137210846,0.10732194781303406,32.831729888916016,-1.6580414772033691,0.30000001192092896,visibility_direction_rejected
1786670433.5844357,5,88,2,3,0.8070753628462287,9.231731414794922,5.941958427429199,0.11040092259645462,8.525525093078613,5.552806377410889,0.07570287585258484,visibility_direction_rejected
1786670433.5844357,5,88,3,2,2.4468478964210894,5.661285877227783,2.9592361450195312,0.30000001192092896,3.3230044841766357,3.6800029277801514,0.29999998211860657,visibility_direction_rejected
1786670433.5844357,5,88,4,2,4.571682217306449,35.26055145263672,6.738397598266602,0.1091216504573822,30.727214813232422,6.738397598266602,0.699999988079071,not_evaluated_this_snapshot
1786670433.967366,6,81,1,6,1.8912167440421863,21.667163848876953,8.674481391906738,1.1000001430511475,22.333744049072266,6.904630661010742,1.100000023841858,visibility_static_rejected
1786670433.967366,6,81,2,2,2.4468478964210894,5.661285877227783,2.9592361450195312,0.30000001192092896,3.3230044841766357,3.6800029277801514,0.29999998211860657,visibility_direction_rejected
1786670433.967366,6,81,3,2,1.0922100005672648,19.249404907226562,6.756628036499023,0.30000001192092896,19.944889068603516,7.019733428955078,1.100000023841858,visibility_direction_rejected
1786670433.967366,6,81,4,2,4.838085057268007,27.122304916381836,6.341823577880859,0.699999988079071,22.333744049072266,6.904630661010742,1.100000023841858,not_evaluated_this_snapshot
1786670433.967366,6,81,5,1,1.2435127360987033,29.800411224365234,0.9046305418014526,0.1123540922999382,31.000411987304688,0.6379638910293579,0.30000001192092896,not_evaluated_this_snapshot
1786670434.3804176,6,70,1,9,1.5807641339117529,21.667163848876953,8.674481391906738,1.1000001430511475,21.862232208251953,7.325124740600586,0.30000001192092896,visibility_static_rejected
1786670434.3804176,6,70,2,2,2.4468478964210894,5.661285877227783,2.9592361450195312,0.30000001192092896,3.3230044841766357,3.6800029277801514,0.29999998211860657,visibility_direction_rejected
1786670434.3804176,6,70,3,2,1.8684372466194366,33.24885940551758,-0.1333276480436325,0.142817884683609,34.39556884765625,-1.608208417892456,0.11380212008953094,visibility_direction_rejected
1786670434.3804176,6,70,4,2,1.075625089847278,20.79556655883789,6.391791343688965,0.30000001192092896,20.40329360961914,6.994361877441406,1.100000023841858,visibility_direction_rejected
1786670434.3804176,6,70,5,2,6.46219713988208,36.79556655883789,4.391791820526123,0.11380212008953094,34.39556884765625,-1.608208417892456,0.11380212008953094,not_evaluated_this_snapshot
1786670434.7727838,5,76,1,7,0.028617490321505807,12.709263801574707,9.562278747558594,0.10732194781303406,12.693933486938477,9.577876091003418,0.08886483311653137,visibility_direction_rejected
1786670434.7727838,5,76,2,3,0.6918980717553233,27.109262466430664,6.362278461456299,0.699999988079071,26.852270126342773,5.859607696533203,0.30000001192092896,visibility_direction_rejected
1786670434.7727838,5,76,3,2,2.4468478964210894,5.661285877227783,2.9592361450195312,0.30000001192092896,3.3230044841766357,3.6800029277801514,0.29999998211860657,visibility_direction_rejected
1786670434.7727838,5,76,4,2,1.0791869641601661,20.83746337890625,6.414585113525391,0.30000001192092896,20.40329360961914,6.994361877441406,1.100000023841858,visibility_direction_rejected
1786670435.1555738,6,63,1,11,1.9480596402828259,22.820858001708984,8.780754089355469,1.5,22.27296257019043,6.954625129699707,1.100000023841858,visibility_direction_rejected
1786670435.1555738,6,63,2,7,0.020288002709763758,12.699625015258789,9.571667671203613,0.10732194781303406,12.693933486938477,9.577876091003418,0.08886483311653137,visibility_direction_rejected
1786670435.1555738,6,63,3,2,2.4468478964210894,5.661285877227783,2.9592361450195312,0.30000001192092896,3.3230044841766357,3.6800029277801514,0.29999998211860657,visibility_direction_rejected
1786670435.1555738,6,63,4,2,1.0634000843518543,20.80629539489746,6.421291828155518,0.30000001192092896,20.40329360961914,6.994361877441406,1.100000023841858,visibility_direction_rejected
1786670435.1555738,6,63,5,2,1.9090428237010668,10.775127410888672,-0.10533475875854492,0.30000001192092896,10.775127410888672,-1.9720014333724976,-0.10000002384185791,visibility_direction_rejected
1786670435.568486,6,68,1,9,2.5252125098206446,22.823129653930664,9.210418701171875,0.10732194781303406,22.27296257019043,6.954625129699707,1.100000023841858,visibility_direction_rejected
1786670435.568486,6,68,2,4,1.8385673623729297,11.240409851074219,-0.08691585063934326,-0.10000002384185791,12.033589363098145,-1.7443879842758179,-0.036894287914037704,visibility_direction_rejected
1786670435.568486,6,68,3,3,0.020288002709763758,12.699625015258789,9.571667671203613,0.10732194781303406,12.693933486938477,9.577876091003418,0.08886483311653137,visibility_direction_rejected
1786670435.568486,6,68,4,2,2.4468478964210894,5.661285877227783,2.9592361450195312,0.30000001192092896,3.3230044841766357,3.6800029277801514,0.29999998211860657,visibility_direction_rejected
1786670435.568486,6,68,5,2,2.0649573408302775,13.90855598449707,6.399027347564697,-0.03473564237356186,15.640409469604492,7.513084411621094,0.11891715973615646,visibility_direction_rejected
1786670435.9613118,5,71,1,15,1.7549684965905907,11.68375015258789,-0.057963013648986816,0.30000001192092896,12.033589363098145,-1.7443879842758179,-0.036894287914037704,visibility_direction_rejected
1786670435.9613118,5,71,2,3,0.020288002709763758,12.699625015258789,9.571667671203613,0.10732194781303406,12.693933486938477,9.577876091003418,0.08886483311653137,visibility_direction_rejected
1786670435.9613118,5,71,3,3,0.26666688919067383,11.68375015258789,6.0753703117370605,0.699999988079071,11.68375015258789,6.342037200927734,0.699999988079071,visibility_direction_rejected
1786670435.9613118,5,71,4,2,2.4468478964210894,5.661285877227783,2.9592361450195312,0.30000001192092896,3.3230044841766357,3.6800029277801514,0.29999998211860657,not_evaluated_this_snapshot
1786670436.3542554,3,70,1,15,1.7463877784007888,12.017416000366211,-0.030879616737365723,0.30000001192092896,12.033589363098145,-1.7443879842758179,-0.036894287914037704,visibility_direction_rejected
1786670436.3542554,3,70,2,2,2.4468478964210894,5.661285877227783,2.9592361450195312,0.30000001192092896,3.3230044841766357,3.6800029277801514,0.29999998211860657,not_evaluated_this_snapshot
1786670436.7468314,2,91,1,2,2.4468478964210894,5.661285877227783,2.9592361450195312,0.30000001192092896,3.3230044841766357,3.6800029277801514,0.29999998211860657,not_evaluated_this_snapshot
1786670437.1499205,2,91,1,2,2.4468478964210894,5.661285877227783,2.9592361450195312,0.30000001192092896,3.3230044841766357,3.6800029277801514,0.29999998211860657,not_evaluated_this_snapshot
1786670437.5529823,2,88,1,2,2.4468478964210894,5.661285877227783,2.9592361450195312,0.30000001192092896,3.3230044841766357,3.6800029277801514,0.29999998211860657,not_evaluated_this_snapshot
1786670437.9354296,2,92,1,2,2.4468478964210894,5.661285877227783,2.9592361450195312,0.30000001192092896,3.3230044841766357,3.6800029277801514,0.29999998211860657,not_evaluated_this_snapshot
1786670438.3379076,3,84,1,6,0.7371137079499585,34.45944595336914,0.6115556359291077,0.30000001192092896,34.192779541015625,1.2782223224639893,0.13332316279411316,not_evaluated_this_snapshot
1786670438.3379076,3,84,2,2,2.4468478964210894,5.661285877227783,2.9592361450195312,0.30000001192092896,3.3230044841766357,3.6800029277801514,0.29999998211860657,not_evaluated_this_snapshot
1786670438.740406,2,97,1,2,2.4468478964210894,5.661285877227783,2.9592361450195312,0.30000001192092896,3.3230044841766357,3.6800029277801514,0.29999998211860657,not_evaluated_this_snapshot
1786670439.1430364,3,88,1,11,1.066666603088379,14.824529647827148,6.5461106300354,0.1391744762659073,14.824529647827148,7.612777233123779,0.1391744762659073,visibility_direction_rejected
1786670439.1430364,3,88,2,2,2.4468478964210894,5.661285877227783,2.9592361450195312,0.30000001192092896,3.3230044841766357,3.6800029277801514,0.29999998211860657,not_evaluated_this_snapshot
1786670439.5260313,3,86,1,11,0.9508036067935712,15.526201248168945,6.656593322753906,0.14243800938129425,15.653587341308594,7.598531246185303,0.11891715973615646,visibility_direction_rejected
1786670439.5260313,3,86,2,2,2.4468478964210894,5.661285877227783,2.9592361450195312,0.30000001192092896,3.3230044841766357,3.6800029277801514,0.29999998211860657,not_evaluated_this_snapshot
1786670439.9590993,2,102,1,2,2.4468478964210894,5.661285877227783,2.9592361450195312,0.30000001192092896,3.3230044841766357,3.6800029277801514,0.29999998211860657,not_evaluated_this_snapshot
1786670440.3615875,3,100,1,2,2.4468478964210894,5.661285877227783,2.9592361450195312,0.30000001192092896,3.3230044841766357,3.6800029277801514,0.29999998211860657,not_evaluated_this_snapshot
1786670440.3615875,3,100,2,2,2.100021610656681,13.917600631713867,6.426852226257324,-0.03473564237356186,15.653587341308594,7.598531246185303,0.11891715973615646,visibility_direction_rejected
1786670440.7952616,3,112,1,2,2.4468478964210894,5.661285877227783,2.9592361450195312,0.30000001192092896,3.3230044841766357,3.6800029277801514,0.29999998211860657,not_evaluated_this_snapshot
1786670440.7952616,3,112,2,2,2.100021610656681,13.917600631713867,6.426852226257324,-0.03473564237356186,15.653587341308594,7.598531246185303,0.11891715973615646,visibility_direction_rejected
1786670441.1982794,3,100,1,2,2.4468478964210894,5.661285877227783,2.9592361450195312,0.30000001192092896,3.3230044841766357,3.6800029277801514,0.29999998211860657,not_evaluated_this_snapshot
1786670441.1982794,3,100,2,2,2.100021610656681,13.917600631713867,6.426852226257324,-0.03473564237356186,15.653587341308594,7.598531246185303,0.11891715973615646,visibility_direction_rejected
1786670441.6021152,3,104,1,2,2.4468478964210894,5.661285877227783,2.9592361450195312,0.30000001192092896,3.3230044841766357,3.6800029277801514,0.29999998211860657,not_evaluated_this_snapshot
1786670441.6021152,3,104,2,2,2.100021610656681,13.917600631713867,6.426852226257324,-0.03473564237356186,15.653587341308594,7.598531246185303,0.11891715973615646,visibility_direction_rejected
1786670441.9851792,3,104,1,2,2.4468478964210894,5.661285877227783,2.9592361450195312,0.30000001192092896,3.3230044841766357,3.6800029277801514,0.29999998211860657,not_evaluated_this_snapshot
1786670441.9851792,3,104,2,2,2.100021610656681,13.917600631713867,6.426852226257324,-0.03473564237356186,15.653587341308594,7.598531246185303,0.11891715973615646,visibility_direction_rejected
1786670442.3875651,3,103,1,2,2.4468478964210894,5.661285877227783,2.9592361450195312,0.30000001192092896,3.3230044841766357,3.6800029277801514,0.29999998211860657,not_evaluated_this_snapshot
1786670442.3875651,3,103,2,2,2.100021610656681,13.917600631713867,6.426852226257324,-0.03473564237356186,15.653587341308594,7.598531246185303,0.11891715973615646,visibility_direction_rejected
1786670442.7907338,3,107,1,2,2.4468478964210894,5.661285877227783,2.9592361450195312,0.30000001192092896,3.3230044841766357,3.6800029277801514,0.29999998211860657,not_evaluated_this_snapshot
1786670442.7907338,3,107,2,2,2.100021610656681,13.917600631713867,6.426852226257324,-0.03473564237356186,15.653587341308594,7.598531246185303,0.11891715973615646,visibility_direction_rejected
1786670443.203216,3,112,1,2,2.4468478964210894,5.661285877227783,2.9592361450195312,0.30000001192092896,3.3230044841766357,3.6800029277801514,0.29999998211860657,not_evaluated_this_snapshot
1786670443.203216,3,112,2,2,2.100021610656681,13.917600631713867,6.426852226257324,-0.03473564237356186,15.653587341308594,7.598531246185303,0.11891715973615646,visibility_direction_rejected
1786670443.6164074,5,111,1,7,0.301127615010655,17.29366683959961,7.552463054656982,1.100000023841858,17.099624633789062,7.438333988189697,0.8999999761581421,visibility_direction_rejected
1786670443.6164074,5,111,2,2,2.4468478964210894,5.661285877227783,2.9592361450195312,0.30000001192092896,3.3230044841766357,3.6800029277801514,0.29999998211860657,not_evaluated_this_snapshot
1786670443.6164074,5,111,3,2,2.100021610656681,13.917600631713867,6.426852226257324,-0.03473564237356186,15.653587341308594,7.598531246185303,0.11891715973615646,visibility_direction_rejected
1786670443.6164074,5,111,4,2,3.020008585954315,28.391498565673828,0.7689850330352783,0.30000001192092896,31.29375457763672,-0.06609693914651871,0.30000001192092896,not_evaluated_this_snapshot
1786670444.0089283,4,111,1,6,1.7539575382005776,18.658166885375977,6.902318000793457,0.30000001192092896,17.099624633789062,7.438333988189697,0.8999999761581421,visibility_direction_rejected
1786670444.0089283,4,111,2,2,2.4468478964210894,5.661285877227783,2.9592361450195312,0.30000001192092896,3.3230044841766357,3.6800029277801514,0.29999998211860657,not_evaluated_this_snapshot
1786670444.0089283,4,111,3,2,2.100021610656681,13.917600631713867,6.426852226257324,-0.03473564237356186,15.653587341308594,7.598531246185303,0.11891715973615646,visibility_direction_rejected
1786670444.421779,4,115,1,6,2.293916823417577,22.007408142089844,7.335905075073242,1.1000001430511475,22.83097267150879,9.2328462600708,0.10732194781303406,visibility_direction_rejected
1786670444.421779,4,115,2,2,2.4468478964210894,5.661285877227783,2.9592361450195312,0.30000001192092896,3.3230044841766357,3.6800029277801514,0.29999998211860657,not_evaluated_this_snapshot
1786670444.421779,4,115,3,2,2.100021610656681,13.917600631713867,6.426852226257324,-0.03473564237356186,15.653587341308594,7.598531246185303,0.11891715973615646,visibility_direction_rejected
1786670444.8244886,3,130,1,2,2.4468478964210894,5.661285877227783,2.9592361450195312,0.30000001192092896,3.3230044841766357,3.6800029277801514,0.29999998211860657,not_evaluated_this_snapshot
1786670444.8244886,3,130,2,2,2.100021610656681,13.917600631713867,6.426852226257324,-0.03473564237356186,15.653587341308594,7.598531246185303,0.11891715973615646,visibility_direction_rejected
1786670445.2882087,4,126,1,2,2.4468478964210894,5.661285877227783,2.9592361450195312,0.30000001192092896,3.3230044841766357,3.6800029277801514,0.29999998211860657,not_evaluated_this_snapshot
1786670445.2882087,4,126,2,2,2.100021610656681,13.917600631713867,6.426852226257324,-0.03473564237356186,15.653587341308594,7.598531246185303,0.11891715973615646,visibility_direction_rejected
1786670445.2882087,4,126,3,1,1.2085419573710439,39.74900436401367,5.171082019805908,0.1041591465473175,40.815670013427734,5.704415321350098,0.30000001192092896,not_evaluated_this_snapshot
1786670445.6104767,4,127,1,2,2.4468478964210894,5.661285877227783,2.9592361450195312,0.30000001192092896,3.3230044841766357,3.6800029277801514,0.29999998211860657,not_evaluated_this_snapshot
1786670445.6104767,4,127,2,2,2.100021610656681,13.917600631713867,6.426852226257324,-0.03473564237356186,15.653587341308594,7.598531246185303,0.11891715973615646,visibility_direction_rejected
1786670445.6104767,4,127,3,1,1.1162506186803345,39.88514709472656,5.487345218658447,0.1073121652007103,40.951812744140625,5.220678329467773,0.30000001192092896,not_evaluated_this_snapshot
1786670446.0134635,3,122,1,2,2.4468478964210894,5.661285877227783,2.9592361450195312,0.30000001192092896,3.3230044841766357,3.6800029277801514,0.29999998211860657,not_evaluated_this_snapshot
1786670446.0134635,3,122,2,2,2.100021610656681,13.917600631713867,6.426852226257324,-0.03473564237356186,15.653587341308594,7.598531246185303,0.11891715973615646,visibility_direction_rejected
1786670446.415936,4,131,1,2,2.4468478964210894,5.661285877227783,2.9592361450195312,0.30000001192092896,3.3230044841766357,3.6800029277801514,0.29999998211860657,not_evaluated_this_snapshot
1786670446.415936,4,131,2,2,2.100021610656681,13.917600631713867,6.426852226257324,-0.03473564237356186,15.653587341308594,7.598531246185303,0.11891715973615646,visibility_direction_rejected
1786670446.415936,4,131,3,1,1.2740817834814417,40.259151458740234,6.353869438171387,0.11595286428928375,40.87361145019531,5.253028869628906,0.30000001192092896,not_evaluated_this_snapshot
1786670446.8188326,3,126,1,2,2.4468478964210894,5.661285877227783,2.9592361450195312,0.30000001192092896,3.3230044841766357,3.6800029277801514,0.29999998211860657,not_evaluated_this_snapshot
1786670446.8188326,3,126,2,2,2.100021610656681,13.917600631713867,6.426852226257324,-0.03473564237356186,15.653587341308594,7.598531246185303,0.11891715973615646,visibility_direction_rejected
1786670447.2313957,3,127,1,2,2.4468478964210894,5.661285877227783,2.9592361450195312,0.30000001192092896,3.3230044841766357,3.6800029277801514,0.29999998211860657,not_evaluated_this_snapshot
1786670447.2313957,3,127,2,2,2.100021610656681,13.917600631713867,6.426852226257324,-0.03473564237356186,15.653587341308594,7.598531246185303,0.11891715973615646,visibility_direction_rejected
1786670447.623852,3,125,1,2,2.4468478964210894,5.661285877227783,2.9592361450195312,0.30000001192092896,3.3230044841766357,3.6800029277801514,0.29999998211860657,not_evaluated_this_snapshot
1786670447.623852,3,125,2,2,2.100021610656681,13.917600631713867,6.426852226257324,-0.03473564237356186,15.653587341308594,7.598531246185303,0.11891715973615646,visibility_direction_rejected
1786670448.0165687,3,124,1,2,2.4468478964210894,5.661285877227783,2.9592361450195312,0.30000001192092896,3.3230044841766357,3.6800029277801514,0.29999998211860657,not_evaluated_this_snapshot
1786670448.0165687,3,124,2,2,2.100021610656681,13.917600631713867,6.426852226257324,-0.03473564237356186,15.653587341308594,7.598531246185303,0.11891715973615646,visibility_direction_rejected
1786670448.4195778,3,125,1,2,2.4468478964210894,5.661285877227783,2.9592361450195312,0.30000001192092896,3.3230044841766357,3.6800029277801514,0.29999998211860657,not_evaluated_this_snapshot
1786670448.4195778,3,125,2,2,2.100021610656681,13.917600631713867,6.426852226257324,-0.03473564237356186,15.653587341308594,7.598531246185303,0.11891715973615646,visibility_direction_rejected
1786670448.8219981,3,127,1,2,2.4468478964210894,5.661285877227783,2.9592361450195312,0.30000001192092896,3.3230044841766357,3.6800029277801514,0.29999998211860657,not_evaluated_this_snapshot
1786670448.8219981,3,127,2,2,2.100021610656681,13.917600631713867,6.426852226257324,-0.03473564237356186,15.653587341308594,7.598531246185303,0.11891715973615646,visibility_direction_rejected
1786670449.2548065,5,140,1,3,1.7056638689219585,22.007408142089844,7.335905075073242,1.1000001430511475,22.820858001708984,8.780754089355469,1.5,visibility_direction_rejected
1786670449.2548065,5,140,2,3,1.9004827552637282,22.185148239135742,7.034985542297363,1.100000023841858,22.820858001708984,8.780754089355469,1.5,visibility_direction_rejected
1786670449.2548065,5,140,3,2,2.4468478964210894,5.661285877227783,2.9592361450195312,0.30000001192092896,3.3230044841766357,3.6800029277801514,0.29999998211860657,not_evaluated_this_snapshot
1786670449.2548065,5,140,4,2,2.100021610656681,13.917600631713867,6.426852226257324,-0.03473564237356186,15.653587341308594,7.598531246185303,0.11891715973615646,visibility_direction_rejected
1786670449.6374438,5,140,1,3,1.7056638689219585,22.007408142089844,7.335905075073242,1.1000001430511475,22.820858001708984,8.780754089355469,1.5,visibility_direction_rejected
1786670449.6374438,5,140,2,3,1.9090430443384245,21.165945053100586,7.529050827026367,0.30000001192092896,21.165945053100586,9.262384414672852,1.100000023841858,visibility_static_rejected
1786670449.6374438,5,140,3,2,2.4468478964210894,5.661285877227783,2.9592361450195312,0.30000001192092896,3.3230044841766357,3.6800029277801514,0.29999998211860657,not_evaluated_this_snapshot
1786670449.6374438,5,140,4,2,2.100021610656681,13.917600631713867,6.426852226257324,-0.03473564237356186,15.653587341308594,7.598531246185303,0.11891715973615646,visibility_direction_rejected
1786670450.0398808,7,127,1,3,1.2250662798161287,16.69962501525879,9.571667671203613,0.699999988079071,15.624528884887695,9.746110916137695,0.1391744762659073,visibility_direction_rejected
1786670450.0398808,7,127,2,3,1.9081538396067024,22.290306091308594,6.992021083831787,1.100000023841858,22.820858001708984,8.780754089355469,1.5,visibility_direction_rejected
1786670450.0398808,7,127,3,2,2.4468478964210894,5.661285877227783,2.9592361450195312,0.30000001192092896,3.3230044841766357,3.6800029277801514,0.29999998211860657,not_evaluated_this_snapshot
1786670450.0398808,7,127,4,2,1.7056638689219585,22.007408142089844,7.335905075073242,1.1000001430511475,22.820858001708984,8.780754089355469,1.5,visibility_direction_rejected
1786670450.0398808,7,127,5,2,2.100021610656681,13.917600631713867,6.426852226257324,-0.03473564237356186,15.653587341308594,7.598531246185303,0.11891715973615646,visibility_direction_rejected
1786670450.0398808,7,127,6,2,0.1506408742923707,38.10614013671875,1.6513949632644653,0.29999998211860657,38.02363967895508,1.5253539085388184,0.30000001192092896,visibility_direction_rejected
1786670450.442406,7,133,1,3,1.2250662798161287,16.69962501525879,9.571667671203613,0.699999988079071,15.624528884887695,9.746110916137695,0.1391744762659073,visibility_direction_rejected
1786670450.442406,7,133,2,3,1.9102058391383316,21.275638580322266,7.5036420822143555,0.30000001192092896,21.342304229736328,9.236974716186523,1.100000023841858,visibility_static_rejected
1786670450.442406,7,133,3,2,2.4468478964210894,5.661285877227783,2.9592361450195312,0.30000001192092896,3.3230044841766357,3.6800029277801514,0.29999998211860657,not_evaluated_this_snapshot
1786670450.442406,7,133,4,2,1.7056638689219585,22.007408142089844,7.335905075073242,1.1000001430511475,22.820858001708984,8.780754089355469,1.5,visibility_direction_rejected
1786670450.442406,7,133,5,2,2.100021610656681,13.917600631713867,6.426852226257324,-0.03473564237356186,15.653587341308594,7.598531246185303,0.11891715973615646,visibility_direction_rejected
1786670450.442406,7,133,6,2,0.15086908722132367,38.10614013671875,1.6513949632644653,0.29999998211860657,38.07563781738281,1.5036414861679077,0.30000001192092896,visibility_direction_rejected
1786670450.8358257,6,134,1,3,1.2250662798161287,16.69962501525879,9.571667671203613,0.699999988079071,15.624528884887695,9.746110916137695,0.1391744762659073,visibility_direction_rejected
1786670450.8358257,6,134,2,2,2.4468478964210894,5.661285877227783,2.9592361450195312,0.30000001192092896,3.3230044841766357,3.6800029277801514,0.29999998211860657,not_evaluated_this_snapshot
1786670450.8358257,6,134,3,2,0.4840244348675227,22.007408142089844,7.335905075073242,1.1000001430511475,22.3197021484375,6.966104984283447,1.100000023841858,visibility_direction_rejected
1786670450.8358257,6,134,4,2,2.100021610656681,13.917600631713867,6.426852226257324,-0.03473564237356186,15.653587341308594,7.598531246185303,0.11891715973615646,visibility_direction_rejected
1786670450.8358257,6,134,5,2,0.16096854647768322,38.10614013671875,1.6513949632644653,0.29999998211860657,38.053035736083984,1.4994384050369263,0.30000001192092896,visibility_direction_rejected
1786670451.2386763,7,137,1,3,1.2250662798161287,16.69962501525879,9.571667671203613,0.699999988079071,15.624528884887695,9.746110916137695,0.1391744762659073,visibility_direction_rejected
1786670451.2386763,7,137,2,2,2.4468478964210894,5.661285877227783,2.9592361450195312,0.30000001192092896,3.3230044841766357,3.6800029277801514,0.29999998211860657,not_evaluated_this_snapshot
1786670451.2386763,7,137,3,2,0.49580543348731576,22.007408142089844,7.335905075073242,1.1000001430511475,22.320310592651367,6.951307773590088,1.100000023841858,visibility_direction_rejected
1786670451.2386763,7,137,4,2,2.100021610656681,13.917600631713867,6.426852226257324,-0.03473564237356186,15.653587341308594,7.598531246185303,0.11891715973615646,visibility_direction_rejected
1786670451.2386763,7,137,5,2,0.17482072419701136,38.10614013671875,1.6513949632644653,0.29999998211860657,38.053646087646484,1.484641671180725,0.30000001192092896,visibility_direction_rejected
1786670451.2386763,7,137,6,1,0.4020212397105331,41.79001998901367,10.877324104309082,0.1604539304971695,42.11109924316406,10.67969799041748,0.30000001192092896,not_evaluated_this_snapshot
1786670451.6415167,6,133,1,3,1.2250662798161287,16.69962501525879,9.571667671203613,0.699999988079071,15.624528884887695,9.746110916137695,0.1391744762659073,visibility_direction_rejected
1786670451.6415167,6,133,2,2,2.4468478964210894,5.661285877227783,2.9592361450195312,0.30000001192092896,3.3230044841766357,3.6800029277801514,0.29999998211860657,not_evaluated_this_snapshot
1786670451.6415167,6,133,3,2,0.5100715654748684,22.007408142089844,7.335905075073242,1.1000001430511475,22.334985733032227,6.944924354553223,1.100000023841858,visibility_direction_rejected
1786670451.6415167,6,133,4,2,2.100021610656681,13.917600631713867,6.426852226257324,-0.03473564237356186,15.653587341308594,7.598531246185303,0.11891715973615646,visibility_direction_rejected
1786670451.6415167,6,133,5,2,0.17721893045968445,38.10614013671875,1.6513949632644653,0.29999998211860657,38.068321228027344,1.4782583713531494,0.29999998211860657,visibility_direction_rejected
1786670452.0442386,7,136,1,3,1.2250662798161287,16.69962501525879,9.571667671203613,0.699999988079071,15.624528884887695,9.746110916137695,0.1391744762659073,visibility_direction_rejected
1786670452.0442386,7,136,2,2,2.4468478964210894,5.661285877227783,2.9592361450195312,0.30000001192092896,3.3230044841766357,3.6800029277801514,0.29999998211860657,not_evaluated_this_snapshot
1786670452.0442386,7,136,3,2,0.5206161526561227,22.007408142089844,7.335905075073242,1.1000001430511475,22.35189437866211,6.945558547973633,1.100000023841858,visibility_direction_rejected
1786670452.0442386,7,136,4,2,2.100021610656681,13.917600631713867,6.426852226257324,-0.03473564237356186,15.653587341308594,7.598531246185303,0.11891715973615646,not_evaluated_this_snapshot
1786670452.0442386,7,136,5,2,0.17721893045968445,38.10614013671875,1.6513949632644653,0.29999998211860657,38.068321228027344,1.4782583713531494,0.29999998211860657,visibility_direction_rejected
1786670452.0442386,7,136,6,1,0.7603760987196874,41.93693161010742,11.749995231628418,0.1688261777162552,42.07627487182617,12.485895156860352,0.29999998211860657,not_evaluated_this_snapshot
1786670452.4467654,6,145,1,3,1.2250662798161287,16.69962501525879,9.571667671203613,0.699999988079071,15.624528884887695,9.746110916137695,0.1391744762659073,visibility_direction_rejected
1786670452.4467654,6,145,2,2,2.4468478964210894,5.661285877227783,2.9592361450195312,0.30000001192092896,3.3230044841766357,3.6800029277801514,0.29999998211860657,not_evaluated_this_snapshot
1786670452.4467654,6,145,3,2,0.5340723133730424,22.007408142089844,7.335905075073242,1.1000001430511475,22.366249084472656,6.940346717834473,1.100000023841858,visibility_direction_rejected
1786670452.4467654,6,145,4,2,2.100021610656681,13.917600631713867,6.426852226257324,-0.03473564237356186,15.653587341308594,7.598531246185303,0.11891715973615646,not_evaluated_this_snapshot
1786670452.4467654,6,145,5,2,0.17721893045968445,38.10614013671875,1.6513949632644653,0.29999998211860657,38.068321228027344,1.4782583713531494,0.29999998211860657,visibility_direction_rejected
1786670452.8602586,6,142,1,3,1.2250662798161287,16.69962501525879,9.571667671203613,0.699999988079071,15.624528884887695,9.746110916137695,0.1391744762659073,visibility_direction_rejected
1786670452.8602586,6,142,2,2,2.4468478964210894,5.661285877227783,2.9592361450195312,0.30000001192092896,3.3230044841766357,3.6800029277801514,0.29999998211860657,not_evaluated_this_snapshot
1786670452.8602586,6,142,3,2,0.536061567384174,22.007408142089844,7.335905075073242,1.1000001430511475,22.373830795288086,6.944629669189453,1.100000023841858,visibility_direction_rejected
1786670452.8602586,6,142,4,2,2.100021610656681,13.917600631713867,6.426852226257324,-0.03473564237356186,15.653587341308594,7.598531246185303,0.11891715973615646,not_evaluated_this_snapshot
1786670452.8602586,6,142,5,2,0.17721893045968445,38.10614013671875,1.6513949632644653,0.29999998211860657,38.068321228027344,1.4782583713531494,0.29999998211860657,visibility_direction_rejected
1786670453.2629437,6,150,1,3,1.2250662798161287,16.69962501525879,9.571667671203613,0.699999988079071,15.624528884887695,9.746110916137695,0.1391744762659073,visibility_direction_rejected
1786670453.2629437,6,150,2,2,2.4468478964210894,5.661285877227783,2.9592361450195312,0.30000001192092896,3.3230044841766357,3.6800029277801514,0.29999998211860657,not_evaluated_this_snapshot
1786670453.2629437,6,150,3,2,0.539878712870498,22.007408142089844,7.335905075073242,1.1000001430511475,22.377944946289062,6.943258285522461,1.1000001430511475,visibility_direction_rejected
1786670453.2629437,6,150,4,2,2.100021610656681,13.917600631713867,6.426852226257324,-0.03473564237356186,15.653587341308594,7.598531246185303,0.11891715973615646,not_evaluated_this_snapshot
1786670453.2629437,6,150,5,2,0.17721893045968445,38.10614013671875,1.6513949632644653,0.29999998211860657,38.068321228027344,1.4782583713531494,0.29999998211860657,visibility_direction_rejected
1786670453.6754894,7,150,1,3,1.2250662798161287,16.69962501525879,9.571667671203613,0.699999988079071,15.624528884887695,9.746110916137695,0.1391744762659073,visibility_direction_rejected
1786670453.6754894,7,150,2,3,0.16697683258800305,22.44371223449707,-5.688011169433594,0.29999998211860657,22.45213508605957,-5.854775428771973,0.29999998211860657,visibility_direction_rejected
1786670453.6754894,7,150,3,2,2.4468478964210894,5.661285877227783,2.9592361450195312,0.30000001192092896,3.3230044841766357,3.6800029277801514,0.29999998211860657,not_evaluated_this_snapshot
1786670453.6754894,7,150,4,2,0.539878712870498,22.007408142089844,7.335905075073242,1.1000001430511475,22.377944946289062,6.943258285522461,1.1000001430511475,visibility_direction_rejected
1786670453.6754894,7,150,5,2,2.100021610656681,13.917600631713867,6.426852226257324,-0.03473564237356186,15.653587341308594,7.598531246185303,0.11891715973615646,not_evaluated_this_snapshot
1786670453.6754894,7,150,6,2,0.17721893045968445,38.10614013671875,1.6513949632644653,0.29999998211860657,38.068321228027344,1.4782583713531494,0.29999998211860657,visibility_direction_rejected
1786670454.0780125,6,155,1,3,1.2250662798161287,16.69962501525879,9.571667671203613,0.699999988079071,15.624528884887695,9.746110916137695,0.1391744762659073,visibility_direction_rejected
1786670454.0780125,6,155,2,2,2.4468478964210894,5.661285877227783,2.9592361450195312,0.30000001192092896,3.3230044841766357,3.6800029277801514,0.29999998211860657,not_evaluated_this_snapshot
1786670454.0780125,6,155,3,2,0.539878712870498,22.007408142089844,7.335905075073242,1.1000001430511475,22.377944946289062,6.943258285522461,1.1000001430511475,visibility_direction_rejected
1786670454.0780125,6,155,4,2,2.100021610656681,13.917600631713867,6.426852226257324,-0.03473564237356186,15.653587341308594,7.598531246185303,0.11891715973615646,not_evaluated_this_snapshot
1786670454.0780125,6,155,5,2,0.17721893045968445,38.10614013671875,1.6513949632644653,0.29999998211860657,38.068321228027344,1.4782583713531494,0.29999998211860657,visibility_direction_rejected
1786670454.4806104,6,155,1,3,1.2250662798161287,16.69962501525879,9.571667671203613,0.699999988079071,15.624528884887695,9.746110916137695,0.1391744762659073,visibility_direction_rejected
1786670454.4806104,6,155,2,2,2.4468478964210894,5.661285877227783,2.9592361450195312,0.30000001192092896,3.3230044841766357,3.6800029277801514,0.29999998211860657,not_evaluated_this_snapshot
1786670454.4806104,6,155,3,2,0.539878712870498,22.007408142089844,7.335905075073242,1.1000001430511475,22.377944946289062,6.943258285522461,1.1000001430511475,visibility_direction_rejected
1786670454.4806104,6,155,4,2,2.100021610656681,13.917600631713867,6.426852226257324,-0.03473564237356186,15.653587341308594,7.598531246185303,0.11891715973615646,not_evaluated_this_snapshot
1786670454.4806104,6,155,5,2,0.17721893045968445,38.10614013671875,1.6513949632644653,0.29999998211860657,38.068321228027344,1.4782583713531494,0.29999998211860657,visibility_direction_rejected
1786670454.874504,6,150,1,3,1.2250662798161287,16.69962501525879,9.571667671203613,0.699999988079071,15.624528884887695,9.746110916137695,0.1391744762659073,visibility_direction_rejected
1786670454.874504,6,150,2,2,2.4468478964210894,5.661285877227783,2.9592361450195312,0.30000001192092896,3.3230044841766357,3.6800029277801514,0.29999998211860657,not_evaluated_this_snapshot
1786670454.874504,6,150,3,2,0.539878712870498,22.007408142089844,7.335905075073242,1.1000001430511475,22.377944946289062,6.943258285522461,1.1000001430511475,visibility_direction_rejected
1786670454.874504,6,150,4,2,2.100021610656681,13.917600631713867,6.426852226257324,-0.03473564237356186,15.653587341308594,7.598531246185303,0.11891715973615646,not_evaluated_this_snapshot
1786670454.874504,6,150,5,2,0.16051417109982144,40.98398208618164,4.313149929046631,0.30000001192092896,40.82405090332031,4.2994818687438965,0.30000001192092896,visibility_direction_rejected
1786670455.2770567,6,153,1,3,1.2250662798161287,16.69962501525879,9.571667671203613,0.699999988079071,15.624528884887695,9.746110916137695,0.1391744762659073,visibility_direction_rejected
1786670455.2770567,6,153,2,2,2.4468478964210894,5.661285877227783,2.9592361450195312,0.30000001192092896,3.3230044841766357,3.6800029277801514,0.29999998211860657,not_evaluated_this_snapshot
1786670455.2770567,6,153,3,2,0.539878712870498,22.007408142089844,7.335905075073242,1.1000001430511475,22.377944946289062,6.943258285522461,1.1000001430511475,visibility_direction_rejected
1786670455.2770567,6,153,4,2,2.100021610656681,13.917600631713867,6.426852226257324,-0.03473564237356186,15.653587341308594,7.598531246185303,0.11891715973615646,not_evaluated_this_snapshot
1786670455.2770567,6,153,5,2,0.1350094540349265,40.98398208618164,4.313149929046631,0.30000001192092896,40.85106658935547,4.289463996887207,0.30000001192092896,visibility_direction_rejected
1786670455.6698036,6,151,1,3,1.2250662798161287,16.69962501525879,9.571667671203613,0.699999988079071,15.624528884887695,9.746110916137695,0.1391744762659073,visibility_direction_rejected
1786670455.6698036,6,151,2,2,2.4468478964210894,5.661285877227783,2.9592361450195312,0.30000001192092896,3.3230044841766357,3.6800029277801514,0.29999998211860657,not_evaluated_this_snapshot
1786670455.6698036,6,151,3,2,0.539878712870498,22.007408142089844,7.335905075073242,1.1000001430511475,22.377944946289062,6.943258285522461,1.1000001430511475,visibility_direction_rejected
1786670455.6698036,6,151,4,2,2.100021610656681,13.917600631713867,6.426852226257324,-0.03473564237356186,15.653587341308594,7.598531246185303,0.11891715973615646,not_evaluated_this_snapshot
1786670455.6698036,6,151,5,2,0.13192333174524673,40.98398208618164,4.313149929046631,0.30000001192092896,40.853416442871094,4.294271945953369,0.30000001192092896,visibility_direction_rejected
1786670456.063323,6,152,1,3,1.2250662798161287,16.69962501525879,9.571667671203613,0.699999988079071,15.624528884887695,9.746110916137695,0.1391744762659073,visibility_direction_rejected
1786670456.063323,6,152,2,2,2.4468478964210894,5.661285877227783,2.9592361450195312,0.30000001192092896,3.3230044841766357,3.6800029277801514,0.29999998211860657,not_evaluated_this_snapshot
1786670456.063323,6,152,3,2,0.539878712870498,22.007408142089844,7.335905075073242,1.1000001430511475,22.377944946289062,6.943258285522461,1.1000001430511475,visibility_direction_rejected
1786670456.063323,6,152,4,2,2.100021610656681,13.917600631713867,6.426852226257324,-0.03473564237356186,15.653587341308594,7.598531246185303,0.11891715973615646,not_evaluated_this_snapshot
1786670456.063323,6,152,5,2,0.13702178023950878,40.98398208618164,4.313149929046631,0.30000001192092896,40.849178314208984,4.288595676422119,0.30000001192092896,visibility_direction_rejected
1786670456.4570124,6,154,1,3,1.2250662798161287,16.69962501525879,9.571667671203613,0.699999988079071,15.624528884887695,9.746110916137695,0.1391744762659073,visibility_direction_rejected
1786670456.4570124,6,154,2,2,2.4468478964210894,5.661285877227783,2.9592361450195312,0.30000001192092896,3.3230044841766357,3.6800029277801514,0.29999998211860657,not_evaluated_this_snapshot
1786670456.4570124,6,154,3,2,0.539878712870498,22.007408142089844,7.335905075073242,1.1000001430511475,22.377944946289062,6.943258285522461,1.1000001430511475,visibility_direction_rejected
1786670456.4570124,6,154,4,2,2.100021610656681,13.917600631713867,6.426852226257324,-0.03473564237356186,15.653587341308594,7.598531246185303,0.11891715973615646,not_evaluated_this_snapshot
1786670456.4570124,6,154,5,2,0.1466690228215175,40.98398208618164,4.313149929046631,0.30000001192092896,40.839454650878906,4.288177490234375,0.29999998211860657,visibility_direction_rejected
1786670456.8594925,6,155,1,3,1.2250662798161287,16.69962501525879,9.571667671203613,0.699999988079071,15.624528884887695,9.746110916137695,0.1391744762659073,visibility_direction_rejected
1786670456.8594925,6,155,2,2,2.4468478964210894,5.661285877227783,2.9592361450195312,0.30000001192092896,3.3230044841766357,3.6800029277801514,0.29999998211860657,not_evaluated_this_snapshot
1786670456.8594925,6,155,3,2,0.539878712870498,22.007408142089844,7.335905075073242,1.1000001430511475,22.377944946289062,6.943258285522461,1.1000001430511475,visibility_direction_rejected
1786670456.8594925,6,155,4,2,2.100021610656681,13.917600631713867,6.426852226257324,-0.03473564237356186,15.653587341308594,7.598531246185303,0.11891715973615646,not_evaluated_this_snapshot
1786670456.8594925,6,155,5,2,0.1466690228215175,40.98398208618164,4.313149929046631,0.30000001192092896,40.839454650878906,4.288177490234375,0.29999998211860657,visibility_direction_rejected
1786670457.2519429,6,157,1,3,1.2250662798161287,16.69962501525879,9.571667671203613,0.699999988079071,15.624528884887695,9.746110916137695,0.1391744762659073,visibility_direction_rejected
1786670457.2519429,6,157,2,2,2.4468478964210894,5.661285877227783,2.9592361450195312,0.30000001192092896,3.3230044841766357,3.6800029277801514,0.29999998211860657,not_evaluated_this_snapshot
1786670457.2519429,6,157,3,2,0.539878712870498,22.007408142089844,7.335905075073242,1.1000001430511475,22.377944946289062,6.943258285522461,1.1000001430511475,visibility_direction_rejected
1786670457.2519429,6,157,4,2,2.100021610656681,13.917600631713867,6.426852226257324,-0.03473564237356186,15.653587341308594,7.598531246185303,0.11891715973615646,not_evaluated_this_snapshot
1786670457.2519429,6,157,5,2,0.1466690228215175,40.98398208618164,4.313149929046631,0.30000001192092896,40.839454650878906,4.288177490234375,0.29999998211860657,visibility_direction_rejected
1786670457.6651747,6,160,1,3,1.2250662798161287,16.69962501525879,9.571667671203613,0.699999988079071,15.624528884887695,9.746110916137695,0.1391744762659073,visibility_direction_rejected
1786670457.6651747,6,160,2,2,2.4468478964210894,5.661285877227783,2.9592361450195312,0.30000001192092896,3.3230044841766357,3.6800029277801514,0.29999998211860657,not_evaluated_this_snapshot
1786670457.6651747,6,160,3,2,0.539878712870498,22.007408142089844,7.335905075073242,1.1000001430511475,22.377944946289062,6.943258285522461,1.1000001430511475,visibility_direction_rejected
1786670457.6651747,6,160,4,2,2.100021610656681,13.917600631713867,6.426852226257324,-0.03473564237356186,15.653587341308594,7.598531246185303,0.11891715973615646,not_evaluated_this_snapshot
1786670457.6651747,6,160,5,2,0.1466690228215175,40.98398208618164,4.313149929046631,0.30000001192092896,40.839454650878906,4.288177490234375,0.29999998211860657,visibility_direction_rejected
1786670458.0679953,6,159,1,3,1.2250662798161287,16.69962501525879,9.571667671203613,0.699999988079071,15.624528884887695,9.746110916137695,0.1391744762659073,visibility_direction_rejected
1786670458.0679953,6,159,2,2,2.4468478964210894,5.661285877227783,2.9592361450195312,0.30000001192092896,3.3230044841766357,3.6800029277801514,0.29999998211860657,not_evaluated_this_snapshot
1786670458.0679953,6,159,3,2,0.539878712870498,22.007408142089844,7.335905075073242,1.1000001430511475,22.377944946289062,6.943258285522461,1.1000001430511475,visibility_direction_rejected
1786670458.0679953,6,159,4,2,2.100021610656681,13.917600631713867,6.426852226257324,-0.03473564237356186,15.653587341308594,7.598531246185303,0.11891715973615646,not_evaluated_this_snapshot
1786670458.0679953,6,159,5,2,0.1466690228215175,40.98398208618164,4.313149929046631,0.30000001192092896,40.839454650878906,4.288177490234375,0.29999998211860657,visibility_direction_rejected
1786670458.461838,6,152,1,3,1.2250662798161287,16.69962501525879,9.571667671203613,0.699999988079071,15.624528884887695,9.746110916137695,0.1391744762659073,visibility_direction_rejected
1786670458.461838,6,152,2,2,2.4468478964210894,5.661285877227783,2.9592361450195312,0.30000001192092896,3.3230044841766357,3.6800029277801514,0.29999998211860657,not_evaluated_this_snapshot
1786670458.461838,6,152,3,2,0.539878712870498,22.007408142089844,7.335905075073242,1.1000001430511475,22.377944946289062,6.943258285522461,1.1000001430511475,visibility_direction_rejected
1786670458.461838,6,152,4,2,2.100021610656681,13.917600631713867,6.426852226257324,-0.03473564237356186,15.653587341308594,7.598531246185303,0.11891715973615646,not_evaluated_this_snapshot
1786670458.461838,6,152,5,2,0.1466690228215175,40.98398208618164,4.313149929046631,0.30000001192092896,40.839454650878906,4.288177490234375,0.29999998211860657,visibility_direction_rejected
1786670458.8550217,6,153,1,3,1.2250662798161287,16.69962501525879,9.571667671203613,0.699999988079071,15.624528884887695,9.746110916137695,0.1391744762659073,visibility_direction_rejected
1786670458.8550217,6,153,2,2,2.4468478964210894,5.661285877227783,2.9592361450195312,0.30000001192092896,3.3230044841766357,3.6800029277801514,0.29999998211860657,not_evaluated_this_snapshot
1786670458.8550217,6,153,3,2,0.539878712870498,22.007408142089844,7.335905075073242,1.1000001430511475,22.377944946289062,6.943258285522461,1.1000001430511475,visibility_direction_rejected
1786670458.8550217,6,153,4,2,2.100021610656681,13.917600631713867,6.426852226257324,-0.03473564237356186,15.653587341308594,7.598531246185303,0.11891715973615646,not_evaluated_this_snapshot
1786670458.8550217,6,153,5,2,0.1466690228215175,40.98398208618164,4.313149929046631,0.30000001192092896,40.839454650878906,4.288177490234375,0.29999998211860657,visibility_direction_rejected
1786670459.257914,6,158,1,3,1.2250662798161287,16.69962501525879,9.571667671203613,0.699999988079071,15.624528884887695,9.746110916137695,0.1391744762659073,visibility_direction_rejected
1786670459.257914,6,158,2,2,2.4468478964210894,5.661285877227783,2.9592361450195312,0.30000001192092896,3.3230044841766357,3.6800029277801514,0.29999998211860657,not_evaluated_this_snapshot
1786670459.257914,6,158,3,2,0.539878712870498,22.007408142089844,7.335905075073242,1.1000001430511475,22.377944946289062,6.943258285522461,1.1000001430511475,visibility_direction_rejected
1786670459.257914,6,158,4,2,2.100021610656681,13.917600631713867,6.426852226257324,-0.03473564237356186,15.653587341308594,7.598531246185303,0.11891715973615646,not_evaluated_this_snapshot
1786670459.257914,6,158,5,2,0.1466690228215175,40.98398208618164,4.313149929046631,0.30000001192092896,40.839454650878906,4.288177490234375,0.29999998211860657,visibility_direction_rejected
1786670459.661393,7,160,1,3,1.2250662798161287,16.69962501525879,9.571667671203613,0.699999988079071,15.624528884887695,9.746110916137695,0.1391744762659073,visibility_direction_rejected
1786670459.661393,7,160,2,2,2.4468478964210894,5.661285877227783,2.9592361450195312,0.30000001192092896,3.3230044841766357,3.6800029277801514,0.29999998211860657,not_evaluated_this_snapshot
1786670459.661393,7,160,3,2,0.539878712870498,22.007408142089844,7.335905075073242,1.1000001430511475,22.377944946289062,6.943258285522461,1.1000001430511475,visibility_direction_rejected
1786670459.661393,7,160,4,2,2.100021610656681,13.917600631713867,6.426852226257324,-0.03473564237356186,15.653587341308594,7.598531246185303,0.11891715973615646,not_evaluated_this_snapshot
1786670459.661393,7,160,5,2,0.1466690228215175,40.98398208618164,4.313149929046631,0.30000001192092896,40.839454650878906,4.288177490234375,0.29999998211860657,visibility_direction_rejected
1786670459.661393,7,160,6,2,0.8110342305765095,47.62803649902344,24.730897903442383,0.30000001192092896,46.82803726196289,24.86423110961914,0.30000001192092896,visibility_direction_rejected
1786670460.0437095,5,164,1,3,1.2250662798161287,16.69962501525879,9.571667671203613,0.699999988079071,15.624528884887695,9.746110916137695,0.1391744762659073,visibility_direction_rejected
1786670460.0437095,5,164,2,2,2.4468478964210894,5.661285877227783,2.9592361450195312,0.30000001192092896,3.3230044841766357,3.6800029277801514,0.29999998211860657,not_evaluated_this_snapshot
1786670460.0437095,5,164,3,2,2.100021610656681,13.917600631713867,6.426852226257324,-0.03473564237356186,15.653587341308594,7.598531246185303,0.11891715973615646,not_evaluated_this_snapshot
1786670460.0437095,5,164,4,2,0.1466690228215175,40.98398208618164,4.313149929046631,0.30000001192092896,40.839454650878906,4.288177490234375,0.29999998211860657,visibility_direction_rejected
1786670460.4681833,6,164,1,3,1.2250662798161287,16.69962501525879,9.571667671203613,0.699999988079071,15.624528884887695,9.746110916137695,0.1391744762659073,visibility_direction_rejected
1786670460.4681833,6,164,2,2,2.4468478964210894,5.661285877227783,2.9592361450195312,0.30000001192092896,3.3230044841766357,3.6800029277801514,0.29999998211860657,not_evaluated_this_snapshot
1786670460.4681833,6,164,3,2,2.100021610656681,13.917600631713867,6.426852226257324,-0.03473564237356186,15.653587341308594,7.598531246185303,0.11891715973615646,not_evaluated_this_snapshot
1786670460.4681833,6,164,4,2,0.1466690228215175,40.98398208618164,4.313149929046631,0.30000001192092896,40.839454650878906,4.288177490234375,0.29999998211860657,visibility_direction_rejected
1786670460.4681833,6,164,5,1,1.4982262468860252,40.48548889160156,20.14647674560547,0.049860939383506775,40.75215530395508,21.613143920898438,-0.10000002384185791,not_evaluated_this_snapshot
1786670460.8516822,6,163,1,3,1.2250662798161287,16.69962501525879,9.571667671203613,0.699999988079071,15.624528884887695,9.746110916137695,0.1391744762659073,visibility_direction_rejected
1786670460.8516822,6,163,2,2,2.4468478964210894,5.661285877227783,2.9592361450195312,0.30000001192092896,3.3230044841766357,3.6800029277801514,0.29999998211860657,not_evaluated_this_snapshot
1786670460.8516822,6,163,3,2,0.32200370732751155,19.91927146911621,7.095032215118408,1.100000023841858,20.222776412963867,6.987462997436523,1.100000023841858,visibility_direction_rejected
1786670460.8516822,6,163,4,2,2.100021610656681,13.917600631713867,6.426852226257324,-0.03473564237356186,15.653587341308594,7.598531246185303,0.11891715973615646,not_evaluated_this_snapshot
1786670460.8516822,6,163,5,2,0.1466690228215175,40.98398208618164,4.313149929046631,0.30000001192092896,40.839454650878906,4.288177490234375,0.29999998211860657,visibility_direction_rejected
1786670461.2646804,6,166,1,3,1.2250662798161287,16.69962501525879,9.571667671203613,0.699999988079071,15.624528884887695,9.746110916137695,0.1391744762659073,visibility_direction_rejected
1786670461.2646804,6,166,2,2,2.4468478964210894,5.661285877227783,2.9592361450195312,0.30000001192092896,3.3230044841766357,3.6800029277801514,0.29999998211860657,not_evaluated_this_snapshot
1786670461.2646804,6,166,3,2,0.2490674476675426,19.91927146911621,7.095032215118408,1.100000023841858,20.149831771850586,7.000816822052002,1.100000023841858,visibility_direction_rejected
1786670461.2646804,6,166,4,2,2.100021610656681,13.917600631713867,6.426852226257324,-0.03473564237356186,15.653587341308594,7.598531246185303,0.11891715973615646,not_evaluated_this_snapshot
1786670461.2646804,6,166,5,2,0.1466690228215175,40.98398208618164,4.313149929046631,0.30000001192092896,40.839454650878906,4.288177490234375,0.29999998211860657,visibility_direction_rejected
1786670461.6672604,6,170,1,3,1.2250662798161287,16.69962501525879,9.571667671203613,0.699999988079071,15.624528884887695,9.746110916137695,0.1391744762659073,visibility_direction_rejected
1786670461.6672604,6,170,2,2,2.4468478964210894,5.661285877227783,2.9592361450195312,0.30000001192092896,3.3230044841766357,3.6800029277801514,0.29999998211860657,not_evaluated_this_snapshot
1786670461.6672604,6,170,3,2,0.17210234595454937,19.91927146911621,7.095032215118408,1.100000023841858,20.07208251953125,7.015861511230469,1.100000023841858,visibility_direction_rejected
1786670461.6672604,6,170,4,2,2.100021610656681,13.917600631713867,6.426852226257324,-0.03473564237356186,15.653587341308594,7.598531246185303,0.11891715973615646,not_evaluated_this_snapshot
1786670461.6672604,6,170,5,2,0.1466690228215175,40.98398208618164,4.313149929046631,0.30000001192092896,40.839454650878906,4.288177490234375,0.29999998211860657,visibility_direction_rejected
1786670462.0497305,6,173,1,3,1.2250662798161287,16.69962501525879,9.571667671203613,0.699999988079071,15.624528884887695,9.746110916137695,0.1391744762659073,visibility_direction_rejected
1786670462.0497305,6,173,2,2,2.4468478964210894,5.661285877227783,2.9592361450195312,0.30000001192092896,3.3230044841766357,3.6800029277801514,0.29999998211860657,not_evaluated_this_snapshot
1786670462.0497305,6,173,3,2,0.16938818272664832,19.91927146911621,7.095032215118408,1.100000023841858,20.061912536621094,7.003676414489746,1.100000023841858,visibility_direction_rejected
1786670462.0497305,6,173,4,2,2.100021610656681,13.917600631713867,6.426852226257324,-0.03473564237356186,15.653587341308594,7.598531246185303,0.11891715973615646,not_evaluated_this_snapshot
1786670462.0497305,6,173,5,2,0.1466690228215175,40.98398208618164,4.313149929046631,0.30000001192092896,40.839454650878906,4.288177490234375,0.29999998211860657,visibility_direction_rejected
1786670462.472483,6,170,1,3,1.2250662798161287,16.69962501525879,9.571667671203613,0.699999988079071,15.624528884887695,9.746110916137695,0.1391744762659073,visibility_direction_rejected
1786670462.472483,6,170,2,2,2.4468478964210894,5.661285877227783,2.9592361450195312,0.30000001192092896,3.3230044841766357,3.6800029277801514,0.29999998211860657,not_evaluated_this_snapshot
1786670462.472483,6,170,3,2,0.137371854617485,19.91927146911621,7.095032215118408,1.100000023841858,20.01422882080078,6.995764255523682,1.100000023841858,visibility_direction_rejected
1786670462.472483,6,170,4,2,2.100021610656681,13.917600631713867,6.426852226257324,-0.03473564237356186,15.653587341308594,7.598531246185303,0.11891715973615646,not_evaluated_this_snapshot
1786670462.472483,6,170,5,2,0.1466690228215175,40.98398208618164,4.313149929046631,0.30000001192092896,40.839454650878906,4.288177490234375,0.29999998211860657,visibility_direction_rejected
1786670462.8748844,6,173,1,3,1.2250662798161287,16.69962501525879,9.571667671203613,0.699999988079071,15.624528884887695,9.746110916137695,0.1391744762659073,visibility_direction_rejected
1786670462.8748844,6,173,2,2,2.4468478964210894,5.661285877227783,2.9592361450195312,0.30000001192092896,3.3230044841766357,3.6800029277801514,0.29999998211860657,not_evaluated_this_snapshot
1786670462.8748844,6,173,3,2,0.11663066099488659,19.91927146911621,7.095032215118408,1.100000023841858,20.021413803100586,7.038732528686523,1.100000023841858,visibility_direction_rejected
1786670462.8748844,6,173,4,2,2.100021610656681,13.917600631713867,6.426852226257324,-0.03473564237356186,15.653587341308594,7.598531246185303,0.11891715973615646,not_evaluated_this_snapshot
1786670462.8748844,6,173,5,2,0.1466690228215175,40.98398208618164,4.313149929046631,0.30000001192092896,40.839454650878906,4.288177490234375,0.29999998211860657,visibility_direction_rejected
1786670463.287584,6,176,1,3,1.2250662798161287,16.69962501525879,9.571667671203613,0.699999988079071,15.624528884887695,9.746110916137695,0.1391744762659073,visibility_direction_rejected
1786670463.287584,6,176,2,2,2.4468478964210894,5.661285877227783,2.9592361450195312,0.30000001192092896,3.3230044841766357,3.6800029277801514,0.29999998211860657,not_evaluated_this_snapshot
1786670463.287584,6,176,3,2,0.07778740163040353,19.91927146911621,7.095032215118408,1.100000023841858,19.99106788635254,7.065096378326416,1.100000023841858,visibility_direction_rejected
1786670463.287584,6,176,4,2,2.100021610656681,13.917600631713867,6.426852226257324,-0.03473564237356186,15.653587341308594,7.598531246185303,0.11891715973615646,not_evaluated_this_snapshot
1786670463.287584,6,176,5,2,0.1466690228215175,40.98398208618164,4.313149929046631,0.30000001192092896,40.839454650878906,4.288177490234375,0.29999998211860657,visibility_direction_rejected
1786670463.679958,7,171,1,5,1.9319841327827785,22.377944946289062,6.943258285522461,1.1000001430511475,22.820858001708984,8.780754089355469,1.5,visibility_direction_rejected
1786670463.679958,7,171,2,3,1.2250662798161287,16.69962501525879,9.571667671203613,0.699999988079071,15.624528884887695,9.746110916137695,0.1391744762659073,visibility_direction_rejected
1786670463.679958,7,171,3,2,2.4468478964210894,5.661285877227783,2.9592361450195312,0.30000001192092896,3.3230044841766357,3.6800029277801514,0.29999998211860657,not_evaluated_this_snapshot
1786670463.679958,7,171,4,2,1.7056638689219585,22.007408142089844,7.335905075073242,1.1000001430511475,22.820858001708984,8.780754089355469,1.5,visibility_direction_rejected
1786670463.679958,7,171,5,2,2.100021610656681,13.917600631713867,6.426852226257324,-0.03473564237356186,15.653587341308594,7.598531246185303,0.11891715973615646,not_evaluated_this_snapshot
1786670463.679958,7,171,6,2,0.1466690228215175,40.98398208618164,4.313149929046631,0.30000001192092896,40.839454650878906,4.288177490234375,0.29999998211860657,visibility_direction_rejected
1786670464.4756477,7,171,1,6,1.9319841327827785,22.377944946289062,6.943258285522461,1.1000001430511475,22.820858001708984,8.780754089355469,1.5,visibility_direction_rejected
1786670464.4756477,7,171,2,3,1.2250662798161287,16.69962501525879,9.571667671203613,0.699999988079071,15.624528884887695,9.746110916137695,0.1391744762659073,visibility_direction_rejected
1786670464.4756477,7,171,3,2,2.4468478964210894,5.661285877227783,2.9592361450195312,0.30000001192092896,3.3230044841766357,3.6800029277801514,0.29999998211860657,not_evaluated_this_snapshot
1786670464.4756477,7,171,4,2,1.7056638689219585,22.007408142089844,7.335905075073242,1.1000001430511475,22.820858001708984,8.780754089355469,1.5,visibility_direction_rejected
1786670464.4756477,7,171,5,2,2.100021610656681,13.917600631713867,6.426852226257324,-0.03473564237356186,15.653587341308594,7.598531246185303,0.11891715973615646,not_evaluated_this_snapshot
1786670464.4756477,7,171,6,2,0.1466690228215175,40.98398208618164,4.313149929046631,0.30000001192092896,40.839454650878906,4.288177490234375,0.29999998211860657,visibility_direction_rejected
1786670464.8886838,7,173,1,6,1.9319841327827785,22.377944946289062,6.943258285522461,1.1000001430511475,22.820858001708984,8.780754089355469,1.5,visibility_direction_rejected
1786670464.8886838,7,173,2,3,1.2250662798161287,16.69962501525879,9.571667671203613,0.699999988079071,15.624528884887695,9.746110916137695,0.1391744762659073,visibility_direction_rejected
1786670464.8886838,7,173,3,2,2.4468478964210894,5.661285877227783,2.9592361450195312,0.30000001192092896,3.3230044841766357,3.6800029277801514,0.29999998211860657,not_evaluated_this_snapshot
1786670464.8886838,7,173,4,2,1.7056638689219585,22.007408142089844,7.335905075073242,1.1000001430511475,22.820858001708984,8.780754089355469,1.5,visibility_direction_rejected
1786670464.8886838,7,173,5,2,2.100021610656681,13.917600631713867,6.426852226257324,-0.03473564237356186,15.653587341308594,7.598531246185303,0.11891715973615646,not_evaluated_this_snapshot
1786670464.8886838,7,173,6,2,0.1466690228215175,40.98398208618164,4.313149929046631,0.30000001192092896,40.839454650878906,4.288177490234375,0.29999998211860657,visibility_direction_rejected
1786670465.2812736,7,175,1,5,1.9319841327827785,22.377944946289062,6.943258285522461,1.1000001430511475,22.820858001708984,8.780754089355469,1.5,visibility_direction_rejected
1786670465.2812736,7,175,2,3,1.1222316539241497,16.69962501525879,9.571667671203613,0.699999988079071,17.814130783081055,9.703124046325684,0.699999988079071,visibility_direction_rejected
1786670465.2812736,7,175,3,2,2.4468478964210894,5.661285877227783,2.9592361450195312,0.30000001192092896,3.3230044841766357,3.6800029277801514,0.29999998211860657,not_evaluated_this_snapshot
1786670465.2812736,7,175,4,2,1.7056638689219585,22.007408142089844,7.335905075073242,1.1000001430511475,22.820858001708984,8.780754089355469,1.5,visibility_direction_rejected
1786670465.2812736,7,175,5,2,2.100021610656681,13.917600631713867,6.426852226257324,-0.03473564237356186,15.653587341308594,7.598531246185303,0.11891715973615646,not_evaluated_this_snapshot
1786670465.2812736,7,175,6,2,0.1466690228215175,40.98398208618164,4.313149929046631,0.30000001192092896,40.839454650878906,4.288177490234375,0.29999998211860657,visibility_direction_rejected
1786670465.6739285,7,167,1,7,1.9319841327827785,22.377944946289062,6.943258285522461,1.1000001430511475,22.820858001708984,8.780754089355469,1.5,visibility_direction_rejected
1786670465.6739285,7,167,2,3,0.9963217717454259,16.69962501525879,9.571667671203613,0.699999988079071,17.694549560546875,9.624414443969727,0.699999988079071,visibility_direction_rejected
1786670465.6739285,7,167,3,2,2.4468478964210894,5.661285877227783,2.9592361450195312,0.30000001192092896,3.3230044841766357,3.6800029277801514,0.29999998211860657,not_evaluated_this_snapshot
1786670465.6739285,7,167,4,2,1.7056638689219585,22.007408142089844,7.335905075073242,1.1000001430511475,22.820858001708984,8.780754089355469,1.5,visibility_direction_rejected
1786670465.6739285,7,167,5,2,2.100021610656681,13.917600631713867,6.426852226257324,-0.03473564237356186,15.653587341308594,7.598531246185303,0.11891715973615646,not_evaluated_this_snapshot
1786670465.6739285,7,167,6,2,0.1466690228215175,40.98398208618164,4.313149929046631,0.30000001192092896,40.839454650878906,4.288177490234375,0.29999998211860657,visibility_direction_rejected
1786670466.0664318,6,180,1,3,0.3800685184635216,17.099624633789062,7.438333988189697,0.8999999761581421,17.232316970825195,7.733028411865234,1.100000023841858,visibility_direction_rejected
1786670466.0664318,6,180,2,2,2.4468478964210894,5.661285877227783,2.9592361450195312,0.30000001192092896,3.3230044841766357,3.6800029277801514,0.29999998211860657,not_evaluated_this_snapshot
1786670466.0664318,6,180,3,2,0.03567562707517213,19.91927146911621,7.095032215118408,1.100000023841858,19.95378303527832,7.104071140289307,1.100000023841858,visibility_direction_rejected
1786670466.0664318,6,180,4,2,2.100021610656681,13.917600631713867,6.426852226257324,-0.03473564237356186,15.653587341308594,7.598531246185303,0.11891715973615646,not_evaluated_this_snapshot
1786670466.0664318,6,180,5,2,0.1466690228215175,40.98398208618164,4.313149929046631,0.30000001192092896,40.839454650878906,4.288177490234375,0.29999998211860657,visibility_direction_rejected
1786670466.469166,6,189,1,3,0.3239054583146289,17.099624633789062,7.438333988189697,0.8999999761581421,17.189809799194336,7.67662239074707,1.100000023841858,visibility_direction_rejected
1786670466.469166,6,189,2,2,2.4468478964210894,5.661285877227783,2.9592361450195312,0.30000001192092896,3.3230044841766357,3.6800029277801514,0.29999998211860657,not_evaluated_this_snapshot
1786670466.469166,6,189,3,2,0.03567562707517213,19.91927146911621,7.095032215118408,1.100000023841858,19.95378303527832,7.104071140289307,1.100000023841858,visibility_direction_rejected
1786670466.469166,6,189,4,2,2.100021610656681,13.917600631713867,6.426852226257324,-0.03473564237356186,15.653587341308594,7.598531246185303,0.11891715973615646,not_evaluated_this_snapshot
1786670466.469166,6,189,5,2,0.1466690228215175,40.98398208618164,4.313149929046631,0.30000001192092896,40.839454650878906,4.288177490234375,0.29999998211860657,visibility_direction_rejected
1786670466.8824978,6,188,1,3,0.2814710466637994,17.099624633789062,7.438333988189697,0.8999999761581421,17.22196388244629,7.59408712387085,1.100000023841858,visibility_direction_rejected
1786670466.8824978,6,188,2,2,2.4468478964210894,5.661285877227783,2.9592361450195312,0.30000001192092896,3.3230044841766357,3.6800029277801514,0.29999998211860657,not_evaluated_this_snapshot
1786670466.8824978,6,188,3,2,0.03567562707517213,19.91927146911621,7.095032215118408,1.100000023841858,19.95378303527832,7.104071140289307,1.100000023841858,visibility_direction_rejected
1786670466.8824978,6,188,4,2,2.100021610656681,13.917600631713867,6.426852226257324,-0.03473564237356186,15.653587341308594,7.598531246185303,0.11891715973615646,not_evaluated_this_snapshot
1786670466.8824978,6,188,5,2,0.1466690228215175,40.98398208618164,4.313149929046631,0.30000001192092896,40.839454650878906,4.288177490234375,0.29999998211860657,visibility_direction_rejected
1786670467.2849827,6,190,1,3,0.2796137354428689,17.099624633789062,7.438333988189697,0.8999999761581421,17.155044555664062,7.6257171630859375,1.100000023841858,visibility_direction_rejected
1786670467.2849827,6,190,2,2,2.4468478964210894,5.661285877227783,2.9592361450195312,0.30000001192092896,3.3230044841766357,3.6800029277801514,0.29999998211860657,not_evaluated_this_snapshot
1786670467.2849827,6,190,3,2,0.03567562707517213,19.91927146911621,7.095032215118408,1.100000023841858,19.95378303527832,7.104071140289307,1.100000023841858,visibility_direction_rejected
1786670467.2849827,6,190,4,2,2.100021610656681,13.917600631713867,6.426852226257324,-0.03473564237356186,15.653587341308594,7.598531246185303,0.11891715973615646,not_evaluated_this_snapshot
1786670467.2849827,6,190,5,2,0.1466690228215175,40.98398208618164,4.313149929046631,0.30000001192092896,40.839454650878906,4.288177490234375,0.29999998211860657,visibility_direction_rejected
1786670467.6978638,6,193,1,3,0.26149003829795203,17.099624633789062,7.438333988189697,0.8999999761581421,17.137027740478516,7.602583885192871,1.100000023841858,visibility_direction_rejected
1786670467.6978638,6,193,2,2,2.4468478964210894,5.661285877227783,2.9592361450195312,0.30000001192092896,3.3230044841766357,3.6800029277801514,0.29999998211860657,not_evaluated_this_snapshot
1786670467.6978638,6,193,3,2,0.03567562707517213,19.91927146911621,7.095032215118408,1.100000023841858,19.95378303527832,7.104071140289307,1.100000023841858,visibility_direction_rejected
1786670467.6978638,6,193,4,2,2.100021610656681,13.917600631713867,6.426852226257324,-0.03473564237356186,15.653587341308594,7.598531246185303,0.11891715973615646,not_evaluated_this_snapshot
1786670467.6978638,6,193,5,2,0.1466690228215175,40.98398208618164,4.313149929046631,0.30000001192092896,40.839454650878906,4.288177490234375,0.29999998211860657,visibility_direction_rejected
1786670468.1303856,5,194,1,2,2.4468478964210894,5.661285877227783,2.9592361450195312,0.30000001192092896,3.3230044841766357,3.6800029277801514,0.29999998211860657,not_evaluated_this_snapshot
1786670468.1303856,5,194,2,2,0.03567562707517213,19.91927146911621,7.095032215118408,1.100000023841858,19.95378303527832,7.104071140289307,1.100000023841858,visibility_direction_rejected
1786670468.1303856,5,194,3,2,2.100021610656681,13.917600631713867,6.426852226257324,-0.03473564237356186,15.653587341308594,7.598531246185303,0.11891715973615646,not_evaluated_this_snapshot
1786670468.1303856,5,194,4,2,0.1466690228215175,40.98398208618164,4.313149929046631,0.30000001192092896,40.839454650878906,4.288177490234375,0.29999998211860657,visibility_direction_rejected
1786670468.5429265,5,200,1,2,2.4468478964210894,5.661285877227783,2.9592361450195312,0.30000001192092896,3.3230044841766357,3.6800029277801514,0.29999998211860657,not_evaluated_this_snapshot
1786670468.5429265,5,200,2,2,0.03567562707517213,19.91927146911621,7.095032215118408,1.100000023841858,19.95378303527832,7.104071140289307,1.100000023841858,visibility_direction_rejected
1786670468.5429265,5,200,3,2,2.100021610656681,13.917600631713867,6.426852226257324,-0.03473564237356186,15.653587341308594,7.598531246185303,0.11891715973615646,not_evaluated_this_snapshot
1786670468.5429265,5,200,4,2,0.1466690228215175,40.98398208618164,4.313149929046631,0.30000001192092896,40.839454650878906,4.288177490234375,0.29999998211860657,visibility_direction_rejected
1786670468.9657938,5,205,1,2,2.4468478964210894,5.661285877227783,2.9592361450195312,0.30000001192092896,3.3230044841766357,3.6800029277801514,0.29999998211860657,not_evaluated_this_snapshot
1786670468.9657938,5,205,2,2,0.03567562707517213,19.91927146911621,7.095032215118408,1.100000023841858,19.95378303527832,7.104071140289307,1.100000023841858,visibility_direction_rejected
1786670468.9657938,5,205,3,2,2.100021610656681,13.917600631713867,6.426852226257324,-0.03473564237356186,15.653587341308594,7.598531246185303,0.11891715973615646,not_evaluated_this_snapshot
1786670468.9657938,5,205,4,2,0.1466690228215175,40.98398208618164,4.313149929046631,0.30000001192092896,40.839454650878906,4.288177490234375,0.29999998211860657,visibility_direction_rejected
1786670469.3586648,6,204,1,2,2.4468478964210894,5.661285877227783,2.9592361450195312,0.30000001192092896,3.3230044841766357,3.6800029277801514,0.29999998211860657,not_evaluated_this_snapshot
1786670469.3586648,6,204,2,2,0.03567562707517213,19.91927146911621,7.095032215118408,1.100000023841858,19.95378303527832,7.104071140289307,1.100000023841858,visibility_direction_rejected
1786670469.3586648,6,204,3,2,1.1631237393617324,13.917600631713867,6.426852226257324,-0.03473564237356186,14.447736740112305,7.46148681640625,0.0019222968257963657,not_evaluated_this_snapshot
1786670469.3586648,6,204,4,2,0.1466690228215175,40.98398208618164,4.313149929046631,0.30000001192092896,40.839454650878906,4.288177490234375,0.29999998211860657,visibility_direction_rejected
1786670469.3586648,6,204,5,2,1.9319841327827785,22.377944946289062,6.943258285522461,1.1000001430511475,22.820858001708984,8.780754089355469,1.5,visibility_direction_rejected
1786670469.7620876,6,203,1,2,2.4468478964210894,5.661285877227783,2.9592361450195312,0.30000001192092896,3.3230044841766357,3.6800029277801514,0.29999998211860657,not_evaluated_this_snapshot
1786670469.7620876,6,203,2,2,0.03567562707517213,19.91927146911621,7.095032215118408,1.100000023841858,19.95378303527832,7.104071140289307,1.100000023841858,visibility_direction_rejected
1786670469.7620876,6,203,3,2,1.1479576326526169,13.917600631713867,6.426852226257324,-0.03473564237356186,14.29046630859375,7.511948585510254,0.0019222968257963657,not_evaluated_this_snapshot
1786670469.7620876,6,203,4,2,0.1466690228215175,40.98398208618164,4.313149929046631,0.30000001192092896,40.839454650878906,4.288177490234375,0.29999998211860657,visibility_direction_rejected
1786670469.7620876,6,203,5,2,1.9319841327827785,22.377944946289062,6.943258285522461,1.1000001430511475,22.820858001708984,8.780754089355469,1.5,visibility_direction_rejected
1786670470.174746,6,208,1,2,2.4468478964210894,5.661285877227783,2.9592361450195312,0.30000001192092896,3.3230044841766357,3.6800029277801514,0.29999998211860657,not_evaluated_this_snapshot
1786670470.174746,6,208,2,2,0.03567562707517213,19.91927146911621,7.095032215118408,1.100000023841858,19.95378303527832,7.104071140289307,1.100000023841858,visibility_direction_rejected
1786670470.174746,6,208,3,2,1.1753188136331085,13.917600631713867,6.426852226257324,-0.03473564237356186,14.17878246307373,7.572196960449219,0.0019222968257963657,visibility_direction_rejected
1786670470.174746,6,208,4,2,0.1466690228215175,40.98398208618164,4.313149929046631,0.30000001192092896,40.839454650878906,4.288177490234375,0.29999998211860657,visibility_direction_rejected
1786670470.174746,6,208,5,2,0.31802924138244787,22.377944946289062,6.943258285522461,1.1000001430511475,22.35541534423828,6.626028060913086,1.100000023841858,visibility_direction_rejected
1786670470.608291,6,209,1,2,2.4468478964210894,5.661285877227783,2.9592361450195312,0.30000001192092896,3.3230044841766357,3.6800029277801514,0.29999998211860657,not_evaluated_this_snapshot
1786670470.608291,6,209,2,2,0.03567562707517213,19.91927146911621,7.095032215118408,1.100000023841858,19.95378303527832,7.104071140289307,1.100000023841858,visibility_direction_rejected
1786670470.608291,6,209,3,2,0.6197530675501772,13.917600631713867,6.426852226257324,-0.03473564237356186,13.622922897338867,6.97099494934082,-0.0005655601853504777,visibility_direction_rejected
1786670470.608291,6,209,4,2,0.1466690228215175,40.98398208618164,4.313149929046631,0.30000001192092896,40.839454650878906,4.288177490234375,0.29999998211860657,visibility_direction_rejected
1786670470.608291,6,209,5,2,1.9319841327827785,22.377944946289062,6.943258285522461,1.1000001430511475,22.820858001708984,8.780754089355469,1.5,visibility_direction_rejected
1786670471.032582,6,204,1,2,2.4468478964210894,5.661285877227783,2.9592361450195312,0.30000001192092896,3.3230044841766357,3.6800029277801514,0.29999998211860657,not_evaluated_this_snapshot
1786670471.032582,6,204,2,2,0.03567562707517213,19.91927146911621,7.095032215118408,1.100000023841858,19.95378303527832,7.104071140289307,1.100000023841858,visibility_direction_rejected
1786670471.032582,6,204,3,2,1.0571699165677388,13.917600631713867,6.426852226257324,-0.03473564237356186,12.933237075805664,6.810951232910156,-0.0015004895394667983,visibility_direction_rejected
1786670471.032582,6,204,4,2,0.1466690228215175,40.98398208618164,4.313149929046631,0.30000001192092896,40.839454650878906,4.288177490234375,0.29999998211860657,visibility_direction_rejected
1786670471.032582,6,204,5,2,1.9319841327827785,22.377944946289062,6.943258285522461,1.1000001430511475,22.820858001708984,8.780754089355469,1.5,visibility_direction_rejected
1786670471.4665792,6,206,1,2,2.4468478964210894,5.661285877227783,2.9592361450195312,0.30000001192092896,3.3230044841766357,3.6800029277801514,0.29999998211860657,not_evaluated_this_snapshot
1786670471.4665792,6,206,2,2,0.03567562707517213,19.91927146911621,7.095032215118408,1.100000023841858,19.95378303527832,7.104071140289307,1.100000023841858,visibility_direction_rejected
1786670471.4665792,6,206,3,2,2.100021610656681,13.917600631713867,6.426852226257324,-0.03473564237356186,15.653587341308594,7.598531246185303,0.11891715973615646,visibility_direction_rejected
1786670471.4665792,6,206,4,2,0.1466690228215175,40.98398208618164,4.313149929046631,0.30000001192092896,40.839454650878906,4.288177490234375,0.29999998211860657,visibility_direction_rejected
1786670471.4665792,6,206,5,2,1.9319841327827785,22.377944946289062,6.943258285522461,1.1000001430511475,22.820858001708984,8.780754089355469,1.5,visibility_direction_rejected
1786670471.9102714,6,217,1,2,2.4468478964210894,5.661285877227783,2.9592361450195312,0.30000001192092896,3.3230044841766357,3.6800029277801514,0.29999998211860657,not_evaluated_this_snapshot
1786670471.9102714,6,217,2,2,0.03567562707517213,19.91927146911621,7.095032215118408,1.100000023841858,19.95378303527832,7.104071140289307,1.100000023841858,visibility_direction_rejected
1786670471.9102714,6,217,3,2,2.100021610656681,13.917600631713867,6.426852226257324,-0.03473564237356186,15.653587341308594,7.598531246185303,0.11891715973615646,visibility_direction_rejected
1786670471.9102714,6,217,4,2,0.1466690228215175,40.98398208618164,4.313149929046631,0.30000001192092896,40.839454650878906,4.288177490234375,0.29999998211860657,visibility_direction_rejected
1786670471.9102714,6,217,5,2,1.9319841327827785,22.377944946289062,6.943258285522461,1.1000001430511475,22.820858001708984,8.780754089355469,1.5,visibility_direction_rejected
1786670472.363784,6,214,1,2,2.4468478964210894,5.661285877227783,2.9592361450195312,0.30000001192092896,3.3230044841766357,3.6800029277801514,0.29999998211860657,not_evaluated_this_snapshot
1786670472.363784,6,214,2,2,0.03567562707517213,19.91927146911621,7.095032215118408,1.100000023841858,19.95378303527832,7.104071140289307,1.100000023841858,visibility_direction_rejected
1786670472.363784,6,214,3,2,2.100021610656681,13.917600631713867,6.426852226257324,-0.03473564237356186,15.653587341308594,7.598531246185303,0.11891715973615646,visibility_direction_rejected
1786670472.363784,6,214,4,2,0.1466690228215175,40.98398208618164,4.313149929046631,0.30000001192092896,40.839454650878906,4.288177490234375,0.29999998211860657,visibility_direction_rejected
1786670472.363784,6,214,5,2,1.9319841327827785,22.377944946289062,6.943258285522461,1.1000001430511475,22.820858001708984,8.780754089355469,1.5,visibility_direction_rejected
1786670472.837142,6,215,1,2,2.4468478964210894,5.661285877227783,2.9592361450195312,0.30000001192092896,3.3230044841766357,3.6800029277801514,0.29999998211860657,not_evaluated_this_snapshot
1786670472.837142,6,215,2,2,0.03567562707517213,19.91927146911621,7.095032215118408,1.100000023841858,19.95378303527832,7.104071140289307,1.100000023841858,visibility_direction_rejected
1786670472.837142,6,215,3,2,2.100021610656681,13.917600631713867,6.426852226257324,-0.03473564237356186,15.653587341308594,7.598531246185303,0.11891715973615646,visibility_direction_rejected
1786670472.837142,6,215,4,2,0.1466690228215175,40.98398208618164,4.313149929046631,0.30000001192092896,40.839454650878906,4.288177490234375,0.29999998211860657,visibility_direction_rejected
1786670472.837142,6,215,5,2,1.9319841327827785,22.377944946289062,6.943258285522461,1.1000001430511475,22.820858001708984,8.780754089355469,1.5,visibility_direction_rejected
1786670473.3101602,6,217,1,2,2.4468478964210894,5.661285877227783,2.9592361450195312,0.30000001192092896,3.3230044841766357,3.6800029277801514,0.29999998211860657,not_evaluated_this_snapshot
1786670473.3101602,6,217,2,2,0.03567562707517213,19.91927146911621,7.095032215118408,1.100000023841858,19.95378303527832,7.104071140289307,1.100000023841858,visibility_direction_rejected
1786670473.3101602,6,217,3,2,2.100021610656681,13.917600631713867,6.426852226257324,-0.03473564237356186,15.653587341308594,7.598531246185303,0.11891715973615646,visibility_direction_rejected
1786670473.3101602,6,217,4,2,0.1466690228215175,40.98398208618164,4.313149929046631,0.30000001192092896,40.839454650878906,4.288177490234375,0.29999998211860657,visibility_direction_rejected
1786670473.3101602,6,217,5,2,1.9319841327827785,22.377944946289062,6.943258285522461,1.1000001430511475,22.820858001708984,8.780754089355469,1.5,visibility_direction_rejected
1786670473.7931013,6,212,1,2,2.4468478964210894,5.661285877227783,2.9592361450195312,0.30000001192092896,3.3230044841766357,3.6800029277801514,0.29999998211860657,not_evaluated_this_snapshot
1786670473.7931013,6,212,2,2,0.03567562707517213,19.91927146911621,7.095032215118408,1.100000023841858,19.95378303527832,7.104071140289307,1.100000023841858,visibility_direction_rejected
1786670473.7931013,6,212,3,2,2.100021610656681,13.917600631713867,6.426852226257324,-0.03473564237356186,15.653587341308594,7.598531246185303,0.11891715973615646,visibility_direction_rejected
1786670473.7931013,6,212,4,2,0.1466690228215175,40.98398208618164,4.313149929046631,0.30000001192092896,40.839454650878906,4.288177490234375,0.29999998211860657,visibility_direction_rejected
1786670473.7931013,6,212,5,2,1.9319841327827785,22.377944946289062,6.943258285522461,1.1000001430511475,22.820858001708984,8.780754089355469,1.5,visibility_direction_rejected
1786670474.286249,6,213,1,2,2.4468478964210894,5.661285877227783,2.9592361450195312,0.30000001192092896,3.3230044841766357,3.6800029277801514,0.29999998211860657,not_evaluated_this_snapshot
1786670474.286249,6,213,2,2,0.03567562707517213,19.91927146911621,7.095032215118408,1.100000023841858,19.95378303527832,7.104071140289307,1.100000023841858,visibility_direction_rejected
1786670474.286249,6,213,3,2,2.0948578722439195,13.917600631713867,6.426852226257324,-0.03473564237356186,15.782393455505371,7.379766941070557,0.01940099522471428,visibility_direction_rejected
1786670474.286249,6,213,4,2,0.1466690228215175,40.98398208618164,4.313149929046631,0.30000001192092896,40.839454650878906,4.288177490234375,0.29999998211860657,visibility_direction_rejected
1786670474.286249,6,213,5,2,1.9319841327827785,22.377944946289062,6.943258285522461,1.1000001430511475,22.820858001708984,8.780754089355469,1.5,visibility_direction_rejected
1786670474.7693238,6,208,1,2,2.4468478964210894,5.661285877227783,2.9592361450195312,0.30000001192092896,3.3230044841766357,3.6800029277801514,0.29999998211860657,not_evaluated_this_snapshot
1786670474.7693238,6,208,2,2,0.03567562707517213,19.91927146911621,7.095032215118408,1.100000023841858,19.95378303527832,7.104071140289307,1.100000023841858,visibility_direction_rejected
1786670474.7693238,6,208,3,2,2.064070010526864,13.917600631713867,6.426852226257324,-0.03473564237356186,15.73760986328125,7.3989739418029785,0.01940099522471428,visibility_direction_rejected
1786670474.7693238,6,208,4,2,0.1466690228215175,40.98398208618164,4.313149929046631,0.30000001192092896,40.839454650878906,4.288177490234375,0.29999998211860657,visibility_direction_rejected
1786670474.7693238,6,208,5,2,1.9319841327827785,22.377944946289062,6.943258285522461,1.1000001430511475,22.820858001708984,8.780754089355469,1.5,visibility_direction_rejected
1786670475.2825902,6,209,1,2,2.4468478964210894,5.661285877227783,2.9592361450195312,0.30000001192092896,3.3230044841766357,3.6800029277801514,0.29999998211860657,not_evaluated_this_snapshot
1786670475.2825902,6,209,2,2,1.7056638689219585,22.007408142089844,7.335905075073242,1.1000001430511475,22.820858001708984,8.780754089355469,1.5,visibility_direction_rejected
1786670475.2825902,6,209,3,2,2.0434168026669624,13.917600631713867,6.426852226257324,-0.03473564237356186,15.703303337097168,7.418763160705566,0.01940099522471428,visibility_direction_rejected
1786670475.2825902,6,209,4,2,0.1466690228215175,40.98398208618164,4.313149929046631,0.30000001192092896,40.839454650878906,4.288177490234375,0.29999998211860657,visibility_direction_rejected
1786670475.2825902,6,209,5,2,1.9319841327827785,22.377944946289062,6.943258285522461,1.1000001430511475,22.820858001708984,8.780754089355469,1.5,visibility_direction_rejected
1786670475.7959292,6,207,1,2,2.4468478964210894,5.661285877227783,2.9592361450195312,0.30000001192092896,3.3230044841766357,3.6800029277801514,0.29999998211860657,not_evaluated_this_snapshot
1786670475.7959292,6,207,2,2,1.7056638689219585,22.007408142089844,7.335905075073242,1.1000001430511475,22.820858001708984,8.780754089355469,1.5,visibility_direction_rejected
1786670475.7959292,6,207,3,2,2.0688729067189824,13.917600631713867,6.426852226257324,-0.03473564237356186,15.718521118164062,7.443705081939697,0.01940099522471428,visibility_direction_rejected
1786670475.7959292,6,207,4,2,0.1466690228215175,40.98398208618164,4.313149929046631,0.30000001192092896,40.839454650878906,4.288177490234375,0.29999998211860657,visibility_direction_rejected
1786670475.7959292,6,207,5,2,1.9319841327827785,22.377944946289062,6.943258285522461,1.1000001430511475,22.820858001708984,8.780754089355469,1.5,visibility_direction_rejected
1786670476.308977,6,205,1,2,2.4468478964210894,5.661285877227783,2.9592361450195312,0.30000001192092896,3.3230044841766357,3.6800029277801514,0.29999998211860657,not_evaluated_this_snapshot
1786670476.308977,6,205,2,2,1.7056638689219585,22.007408142089844,7.335905075073242,1.1000001430511475,22.820858001708984,8.780754089355469,1.5,visibility_direction_rejected
1786670476.308977,6,205,3,2,2.072179501909557,13.917600631713867,6.426852226257324,-0.03473564237356186,15.706316947937012,7.471596717834473,0.01940099522471428,visibility_direction_rejected
1786670476.308977,6,205,4,2,0.1466690228215175,40.98398208618164,4.313149929046631,0.30000001192092896,40.839454650878906,4.288177490234375,0.29999998211860657,visibility_direction_rejected
1786670476.308977,6,205,5,2,1.9319841327827785,22.377944946289062,6.943258285522461,1.1000001430511475,22.820858001708984,8.780754089355469,1.5,visibility_direction_rejected
1786670476.832321,6,212,1,2,2.4468478964210894,5.661285877227783,2.9592361450195312,0.30000001192092896,3.3230044841766357,3.6800029277801514,0.29999998211860657,not_evaluated_this_snapshot
1786670476.832321,6,212,2,2,1.7056638689219585,22.007408142089844,7.335905075073242,1.1000001430511475,22.820858001708984,8.780754089355469,1.5,visibility_direction_rejected
1786670476.832321,6,212,3,2,2.072179501909557,13.917600631713867,6.426852226257324,-0.03473564237356186,15.706316947937012,7.471596717834473,0.01940099522471428,visibility_direction_rejected
1786670476.832321,6,212,4,2,0.1466690228215175,40.98398208618164,4.313149929046631,0.30000001192092896,40.839454650878906,4.288177490234375,0.29999998211860657,visibility_direction_rejected
1786670476.832321,6,212,5,2,1.847190033744898,22.377944946289062,6.943258285522461,1.1000001430511475,23.97531509399414,7.412853240966797,0.30000001192092896,visibility_direction_rejected
1786670477.3555307,6,214,1,2,2.4468478964210894,5.661285877227783,2.9592361450195312,0.30000001192092896,3.3230044841766357,3.6800029277801514,0.29999998211860657,not_evaluated_this_snapshot
1786670477.3555307,6,214,2,2,1.7056638689219585,22.007408142089844,7.335905075073242,1.1000001430511475,22.820858001708984,8.780754089355469,1.5,visibility_direction_rejected
1786670477.3555307,6,214,3,2,2.072179501909557,13.917600631713867,6.426852226257324,-0.03473564237356186,15.706316947937012,7.471596717834473,0.01940099522471428,visibility_direction_rejected
1786670477.3555307,6,214,4,2,0.1466690228215175,40.98398208618164,4.313149929046631,0.30000001192092896,40.839454650878906,4.288177490234375,0.29999998211860657,visibility_direction_rejected
1786670477.3555307,6,214,5,2,1.9250976461375404,22.377944946289062,6.943258285522461,1.1000001430511475,24.227462768554688,7.477378845214844,1.100000023841858,visibility_direction_rejected
1786670477.8890471,6,220,1,2,2.4468478964210894,5.661285877227783,2.9592361450195312,0.30000001192092896,3.3230044841766357,3.6800029277801514,0.29999998211860657,not_evaluated_this_snapshot
1786670477.8890471,6,220,2,2,1.7056638689219585,22.007408142089844,7.335905075073242,1.1000001430511475,22.820858001708984,8.780754089355469,1.5,visibility_direction_rejected
1786670477.8890471,6,220,3,2,2.072179501909557,13.917600631713867,6.426852226257324,-0.03473564237356186,15.706316947937012,7.471596717834473,0.01940099522471428,visibility_direction_rejected
1786670477.8890471,6,220,4,2,0.1466690228215175,40.98398208618164,4.313149929046631,0.30000001192092896,40.839454650878906,4.288177490234375,0.29999998211860657,visibility_direction_rejected
1786670477.8890471,6,220,5,2,1.9010905950247063,22.377944946289062,6.943258285522461,1.1000001430511475,24.194225311279297,7.504748344421387,1.100000023841858,visibility_direction_rejected
1786670478.4223883,6,219,1,2,2.4468478964210894,5.661285877227783,2.9592361450195312,0.30000001192092896,3.3230044841766357,3.6800029277801514,0.29999998211860657,not_evaluated_this_snapshot
1786670478.4223883,6,219,2,2,1.7056638689219585,22.007408142089844,7.335905075073242,1.1000001430511475,22.820858001708984,8.780754089355469,1.5,visibility_direction_rejected
1786670478.4223883,6,219,3,2,2.072179501909557,13.917600631713867,6.426852226257324,-0.03473564237356186,15.706316947937012,7.471596717834473,0.01940099522471428,visibility_direction_rejected
1786670478.4223883,6,219,4,2,0.1466690228215175,40.98398208618164,4.313149929046631,0.30000001192092896,40.839454650878906,4.288177490234375,0.29999998211860657,visibility_direction_rejected
1786670478.4223883,6,219,5,2,1.8518931570110682,22.377944946289062,6.943258285522461,1.1000001430511475,24.132484436035156,7.535794734954834,1.100000023841858,visibility_direction_rejected
1786670478.9356415,6,214,1,2,2.4468478964210894,5.661285877227783,2.9592361450195312,0.30000001192092896,3.3230044841766357,3.6800029277801514,0.29999998211860657,not_evaluated_this_snapshot
1786670478.9356415,6,214,2,2,1.7056638689219585,22.007408142089844,7.335905075073242,1.1000001430511475,22.820858001708984,8.780754089355469,1.5,visibility_direction_rejected
1786670478.9356415,6,214,3,2,2.072179501909557,13.917600631713867,6.426852226257324,-0.03473564237356186,15.706316947937012,7.471596717834473,0.01940099522471428,visibility_direction_rejected
1786670478.9356415,6,214,4,2,0.1466690228215175,40.98398208618164,4.313149929046631,0.30000001192092896,40.839454650878906,4.288177490234375,0.29999998211860657,visibility_direction_rejected
1786670478.9356415,6,214,5,2,1.88482666437192,22.377944946289062,6.943258285522461,1.1000001430511475,24.156497955322266,7.567214012145996,1.100000023841858,visibility_direction_rejected
1786670479.479147,8,221,1,4,1.4673404391860176,8.931827545166016,7.566355228424072,0.30000001192092896,10.398494720458984,7.610800266265869,0.30000001192092896,visibility_direction_rejected
1786670479.479147,8,221,2,2,2.4468478964210894,5.661285877227783,2.9592361450195312,0.30000001192092896,3.3230044841766357,3.6800029277801514,0.29999998211860657,not_evaluated_this_snapshot
1786670479.479147,8,221,3,2,1.7056638689219585,22.007408142089844,7.335905075073242,1.1000001430511475,22.820858001708984,8.780754089355469,1.5,visibility_direction_rejected
1786670479.479147,8,221,4,2,2.072179501909557,13.917600631713867,6.426852226257324,-0.03473564237356186,15.706316947937012,7.471596717834473,0.01940099522471428,visibility_direction_rejected
1786670479.479147,8,221,5,2,0.1530966991750624,32.763511657714844,11.759404182434082,0.0972118005156517,32.753665924072266,11.638230323791504,0.19026316702365875,visibility_direction_rejected
1786670479.479147,8,221,6,2,0.1466690228215175,40.98398208618164,4.313149929046631,0.30000001192092896,40.839454650878906,4.288177490234375,0.29999998211860657,not_evaluated_this_snapshot
1786670479.479147,8,221,7,2,1.9011409587702344,22.377944946289062,6.943258285522461,1.1000001430511475,24.163129806518555,7.5970563888549805,1.100000023841858,visibility_direction_rejected
1786670480.1031463,7,235,1,2,2.4468478964210894,5.661285877227783,2.9592361450195312,0.30000001192092896,3.3230044841766357,3.6800029277801514,0.29999998211860657,not_evaluated_this_snapshot
1786670480.1031463,7,235,2,2,1.7056638689219585,22.007408142089844,7.335905075073242,1.1000001430511475,22.820858001708984,8.780754089355469,1.5,visibility_direction_rejected
1786670480.1031463,7,235,3,2,2.072179501909557,13.917600631713867,6.426852226257324,-0.03473564237356186,15.706316947937012,7.471596717834473,0.01940099522471428,visibility_direction_rejected
1786670480.1031463,7,235,4,2,0.1530966991750624,32.763511657714844,11.759404182434082,0.0972118005156517,32.753665924072266,11.638230323791504,0.19026316702365875,visibility_direction_rejected
1786670480.1031463,7,235,5,2,0.1466690228215175,40.98398208618164,4.313149929046631,0.30000001192092896,40.839454650878906,4.288177490234375,0.29999998211860657,not_evaluated_this_snapshot
1786670480.1031463,7,235,6,2,1.558051260925506,22.377944946289062,6.943258285522461,1.1000001430511475,23.623233795166016,7.789886474609375,0.699999988079071,visibility_direction_rejected
1786670480.7372773,7,234,1,2,2.4468478964210894,5.661285877227783,2.9592361450195312,0.30000001192092896,3.3230044841766357,3.6800029277801514,0.29999998211860657,not_evaluated_this_snapshot
1786670480.7372773,7,234,2,2,1.7056638689219585,22.007408142089844,7.335905075073242,1.1000001430511475,22.820858001708984,8.780754089355469,1.5,visibility_direction_rejected
1786670480.7372773,7,234,3,2,2.072179501909557,13.917600631713867,6.426852226257324,-0.03473564237356186,15.706316947937012,7.471596717834473,0.01940099522471428,visibility_direction_rejected
1786670480.7372773,7,234,4,2,0.1530966991750624,32.763511657714844,11.759404182434082,0.0972118005156517,32.753665924072266,11.638230323791504,0.19026316702365875,visibility_direction_rejected
1786670480.7372773,7,234,5,2,0.1466690228215175,40.98398208618164,4.313149929046631,0.30000001192092896,40.839454650878906,4.288177490234375,0.29999998211860657,not_evaluated_this_snapshot
1786670480.7372773,7,234,6,2,1.6250264517130522,22.377944946289062,6.943258285522461,1.1000001430511475,23.684894561767578,7.822231292724609,0.699999988079071,visibility_direction_rejected
1786670481.411549,7,234,1,2,2.4468478964210894,5.661285877227783,2.9592361450195312,0.30000001192092896,3.3230044841766357,3.6800029277801514,0.29999998211860657,not_evaluated_this_snapshot
1786670481.411549,7,234,2,2,1.7056638689219585,22.007408142089844,7.335905075073242,1.1000001430511475,22.820858001708984,8.780754089355469,1.5,visibility_direction_rejected
1786670481.411549,7,234,3,2,2.072179501909557,13.917600631713867,6.426852226257324,-0.03473564237356186,15.706316947937012,7.471596717834473,0.01940099522471428,visibility_direction_rejected
1786670481.411549,7,234,4,2,0.1530966991750624,32.763511657714844,11.759404182434082,0.0972118005156517,32.753665924072266,11.638230323791504,0.19026316702365875,visibility_direction_rejected
1786670481.411549,7,234,5,2,0.1466690228215175,40.98398208618164,4.313149929046631,0.30000001192092896,40.839454650878906,4.288177490234375,0.29999998211860657,not_evaluated_this_snapshot
1786670481.411549,7,234,6,2,1.5884081177253258,22.377944946289062,6.943258285522461,1.1000001430511475,23.615190505981445,7.85554313659668,0.699999988079071,visibility_direction_rejected
1786670482.1061394,8,249,1,2,2.4468478964210894,5.661285877227783,2.9592361450195312,0.30000001192092896,3.3230044841766357,3.6800029277801514,0.29999998211860657,not_evaluated_this_snapshot
1786670482.1061394,8,249,2,2,1.7056638689219585,22.007408142089844,7.335905075073242,1.1000001430511475,22.820858001708984,8.780754089355469,1.5,visibility_direction_rejected
1786670482.1061394,8,249,3,2,2.072179501909557,13.917600631713867,6.426852226257324,-0.03473564237356186,15.706316947937012,7.471596717834473,0.01940099522471428,visibility_direction_rejected
1786670482.1061394,8,249,4,2,0.1530966991750624,32.763511657714844,11.759404182434082,0.0972118005156517,32.753665924072266,11.638230323791504,0.19026316702365875,visibility_direction_rejected
1786670482.1061394,8,249,5,2,0.1466690228215175,40.98398208618164,4.313149929046631,0.30000001192092896,40.839454650878906,4.288177490234375,0.29999998211860657,not_evaluated_this_snapshot
1786670482.1061394,8,249,6,2,1.604860754455147,22.377944946289062,6.943258285522461,1.1000001430511475,23.612293243408203,7.887695789337158,0.699999988079071,visibility_direction_rejected
1786670482.1061394,8,249,7,1,1.0121905920041407,22.136934280395508,28.11748695373535,0.006468872539699078,22.44776725769043,27.160106658935547,-0.10000002384185791,not_evaluated_this_snapshot
1786670482.8004677,8,230,1,2,2.4468478964210894,5.661285877227783,2.9592361450195312,0.30000001192092896,3.3230044841766357,3.6800029277801514,0.29999998211860657,not_evaluated_this_snapshot
1786670482.8004677,8,230,2,2,1.7056638689219585,22.007408142089844,7.335905075073242,1.1000001430511475,22.820858001708984,8.780754089355469,1.5,visibility_direction_rejected
1786670482.8004677,8,230,3,2,2.072179501909557,13.917600631713867,6.426852226257324,-0.03473564237356186,15.706316947937012,7.471596717834473,0.01940099522471428,visibility_direction_rejected
1786670482.8004677,8,230,4,2,0.1530966991750624,32.763511657714844,11.759404182434082,0.0972118005156517,32.753665924072266,11.638230323791504,0.19026316702365875,visibility_direction_rejected
1786670482.8004677,8,230,5,2,0.1466690228215175,40.98398208618164,4.313149929046631,0.30000001192092896,40.839454650878906,4.288177490234375,0.29999998211860657,not_evaluated_this_snapshot
1786670482.8004677,8,230,6,2,1.6450769541104953,22.377944946289062,6.943258285522461,1.1000001430511475,23.63776397705078,7.922612190246582,0.699999988079071,visibility_direction_rejected
1786670482.8004677,8,230,7,1,1.0926950184157749,21.47298240661621,28.195608139038086,0.005468835588544607,20.708065032958984,27.42245864868164,-0.10000002384185791,not_evaluated_this_snapshot
1786670483.4845943,7,234,1,2,2.4468478964210894,5.661285877227783,2.9592361450195312,0.30000001192092896,3.3230044841766357,3.6800029277801514,0.29999998211860657,not_evaluated_this_snapshot
1786670483.4845943,7,234,2,2,1.7056638689219585,22.007408142089844,7.335905075073242,1.1000001430511475,22.820858001708984,8.780754089355469,1.5,visibility_direction_rejected
1786670483.4845943,7,234,3,2,2.072179501909557,13.917600631713867,6.426852226257324,-0.03473564237356186,15.706316947937012,7.471596717834473,0.01940099522471428,visibility_direction_rejected
1786670483.4845943,7,234,4,2,0.1530966991750624,32.763511657714844,11.759404182434082,0.0972118005156517,32.753665924072266,11.638230323791504,0.19026316702365875,visibility_direction_rejected
1786670483.4845943,7,234,5,2,0.1466690228215175,40.98398208618164,4.313149929046631,0.30000001192092896,40.839454650878906,4.288177490234375,0.29999998211860657,not_evaluated_this_snapshot
1786670483.4845943,7,234,6,2,1.6924467191738,22.377944946289062,6.943258285522461,1.1000001430511475,23.6734619140625,7.956180572509766,0.699999988079071,visibility_direction_rejected
1786670484.1487029,7,236,1,2,2.4468478964210894,5.661285877227783,2.9592361450195312,0.30000001192092896,3.3230044841766357,3.6800029277801514,0.29999998211860657,not_evaluated_this_snapshot
1786670484.1487029,7,236,2,2,1.1639562655133977,22.007408142089844,7.335905075073242,1.1000001430511475,22.796432495117188,8.191612243652344,1.100000023841858,visibility_direction_rejected
1786670484.1487029,7,236,3,2,2.072179501909557,13.917600631713867,6.426852226257324,-0.03473564237356186,15.706316947937012,7.471596717834473,0.01940099522471428,visibility_direction_rejected
1786670484.1487029,7,236,4,2,0.1530966991750624,32.763511657714844,11.759404182434082,0.0972118005156517,32.753665924072266,11.638230323791504,0.19026316702365875,visibility_direction_rejected
1786670484.1487029,7,236,5,2,0.1466690228215175,40.98398208618164,4.313149929046631,0.30000001192092896,40.839454650878906,4.288177490234375,0.29999998211860657,not_evaluated_this_snapshot
1786670484.1487029,7,236,6,2,1.3166318518487738,22.377944946289062,6.943258285522461,1.1000001430511475,22.796432495117188,8.191612243652344,1.100000023841858,visibility_direction_rejected
1786670484.752465,7,234,1,2,2.4468478964210894,5.661285877227783,2.9592361450195312,0.30000001192092896,3.3230044841766357,3.6800029277801514,0.29999998211860657,not_evaluated_this_snapshot
1786670484.752465,7,234,2,2,1.2297620833161464,22.007408142089844,7.335905075073242,1.1000001430511475,22.856887817382812,8.225117683410645,1.100000023841858,visibility_direction_rejected
1786670484.752465,7,234,3,2,2.072179501909557,13.917600631713867,6.426852226257324,-0.03473564237356186,15.706316947937012,7.471596717834473,0.01940099522471428,visibility_direction_rejected
1786670484.752465,7,234,4,2,0.1530966991750624,32.763511657714844,11.759404182434082,0.0972118005156517,32.753665924072266,11.638230323791504,0.19026316702365875,visibility_direction_rejected
1786670484.752465,7,234,5,2,0.1466690228215175,40.98398208618164,4.313149929046631,0.30000001192092896,40.839454650878906,4.288177490234375,0.29999998211860657,not_evaluated_this_snapshot
1786670484.752465,7,234,6,2,1.3684114109893248,22.377944946289062,6.943258285522461,1.1000001430511475,22.856887817382812,8.225117683410645,1.100000023841858,visibility_direction_rejected
1786670485.3361137,7,241,1,2,2.4468478964210894,5.661285877227783,2.9592361450195312,0.30000001192092896,3.3230044841766357,3.6800029277801514,0.29999998211860657,not_evaluated_this_snapshot
1786670485.3361137,7,241,2,2,1.298048485974184,22.007408142089844,7.335905075073242,1.1000001430511475,22.920249938964844,8.258753776550293,1.100000023841858,visibility_direction_rejected
1786670485.3361137,7,241,3,2,2.072179501909557,13.917600631713867,6.426852226257324,-0.03473564237356186,15.706316947937012,7.471596717834473,0.01940099522471428,visibility_direction_rejected
1786670485.3361137,7,241,4,2,0.1530966991750624,32.763511657714844,11.759404182434082,0.0972118005156517,32.753665924072266,11.638230323791504,0.19026316702365875,visibility_direction_rejected
1786670485.3361137,7,241,5,2,0.1466690228215175,40.98398208618164,4.313149929046631,0.30000001192092896,40.839454650878906,4.288177490234375,0.29999998211860657,not_evaluated_this_snapshot
1786670485.3361137,7,241,6,2,1.422892508939326,22.377944946289062,6.943258285522461,1.1000001430511475,22.920249938964844,8.258753776550293,1.100000023841858,visibility_direction_rejected
1786670485.9305117,7,248,1,2,2.4468478964210894,5.661285877227783,2.9592361450195312,0.30000001192092896,3.3230044841766357,3.6800029277801514,0.29999998211860657,not_evaluated_this_snapshot
1786670485.9305117,7,248,2,2,1.3120577837151886,22.007408142089844,7.335905075073242,1.1000001430511475,22.90870475769043,8.289403915405273,1.100000023841858,visibility_direction_rejected
1786670485.9305117,7,248,3,2,2.072179501909557,13.917600631713867,6.426852226257324,-0.03473564237356186,15.706316947937012,7.471596717834473,0.01940099522471428,visibility_direction_rejected
1786670485.9305117,7,248,4,2,0.1530966991750624,32.763511657714844,11.759404182434082,0.0972118005156517,32.753665924072266,11.638230323791504,0.19026316702365875,visibility_direction_rejected
1786670485.9305117,7,248,5,2,0.1466690228215175,40.98398208618164,4.313149929046631,0.30000001192092896,40.839454650878906,4.288177490234375,0.29999998211860657,not_evaluated_this_snapshot
1786670485.9305117,7,248,6,2,1.4470017395467853,22.377944946289062,6.943258285522461,1.1000001430511475,22.90870475769043,8.289403915405273,1.100000023841858,visibility_direction_rejected
1786670486.4938931,7,247,1,2,2.4468478964210894,5.661285877227783,2.9592361450195312,0.30000001192092896,3.3230044841766357,3.6800029277801514,0.29999998211860657,not_evaluated_this_snapshot
1786670486.4938931,7,247,2,2,1.3104762541795785,22.007408142089844,7.335905075073242,1.1000001430511475,22.872787475585938,8.320012092590332,1.100000023841858,visibility_direction_rejected
1786670486.4938931,7,247,3,2,2.072179501909557,13.917600631713867,6.426852226257324,-0.03473564237356186,15.706316947937012,7.471596717834473,0.01940099522471428,visibility_direction_rejected
1786670486.4938931,7,247,4,2,0.1530966991750624,32.763511657714844,11.759404182434082,0.0972118005156517,32.753665924072266,11.638230323791504,0.19026316702365875,visibility_direction_rejected
1786670486.4938931,7,247,5,2,0.1466690228215175,40.98398208618164,4.313149929046631,0.30000001192092896,40.839454650878906,4.288177490234375,0.29999998211860657,not_evaluated_this_snapshot
1786670486.4938931,7,247,6,2,1.4629833129864536,22.377944946289062,6.943258285522461,1.1000001430511475,22.872787475585938,8.320012092590332,1.100000023841858,visibility_direction_rejected
1786670487.0472794,8,249,1,3,1.131588753098959,22.837278366088867,27.87606430053711,-0.10000002384185791,22.832918167114258,29.007644653320312,-0.10000002384185791,visibility_direction_rejected
1786670487.0472794,8,249,2,2,2.4468478964210894,5.661285877227783,2.9592361450195312,0.30000001192092896,3.3230044841766357,3.6800029277801514,0.29999998211860657,visibility_direction_rejected
1786670487.0472794,8,249,3,2,1.3417060884996261,22.007408142089844,7.335905075073242,1.1000001430511475,22.888259887695312,8.347970008850098,1.100000023841858,visibility_direction_rejected
1786670487.0472794,8,249,4,2,2.072179501909557,13.917600631713867,6.426852226257324,-0.03473564237356186,15.706316947937012,7.471596717834473,0.01940099522471428,visibility_direction_rejected
1786670487.0472794,8,249,5,2,0.1530966991750624,32.763511657714844,11.759404182434082,0.0972118005156517,32.753665924072266,11.638230323791504,0.19026316702365875,visibility_direction_rejected
1786670487.0472794,8,249,6,2,0.1466690228215175,40.98398208618164,4.313149929046631,0.30000001192092896,40.839454650878906,4.288177490234375,0.29999998211860657,not_evaluated_this_snapshot
1786670487.0472794,8,249,7,2,1.4945355014440365,22.377944946289062,6.943258285522461,1.1000001430511475,22.888259887695312,8.347970008850098,1.100000023841858,visibility_direction_rejected
1786670487.6005936,7,256,1,2,2.4468478964210894,5.661285877227783,2.9592361450195312,0.30000001192092896,3.3230044841766357,3.6800029277801514,0.29999998211860657,visibility_direction_rejected
1786670487.6005936,7,256,2,2,1.5365565708697841,19.91927146911621,7.095032215118408,1.100000023841858,19.600296020507812,8.543914794921875,0.699999988079071,visibility_direction_rejected
1786670487.6005936,7,256,3,2,2.072179501909557,13.917600631713867,6.426852226257324,-0.03473564237356186,15.706316947937012,7.471596717834473,0.01940099522471428,visibility_direction_rejected
1786670487.6005936,7,256,4,2,0.1530966991750624,32.763511657714844,11.759404182434082,0.0972118005156517,32.753665924072266,11.638230323791504,0.19026316702365875,visibility_direction_rejected
1786670487.6005936,7,256,5,2,0.1466690228215175,40.98398208618164,4.313149929046631,0.30000001192092896,40.839454650878906,4.288177490234375,0.29999998211860657,not_evaluated_this_snapshot
1786670487.6005936,7,256,6,2,1.9319841327827785,22.377944946289062,6.943258285522461,1.1000001430511475,22.820858001708984,8.780754089355469,1.5,visibility_direction_rejected
1786670488.1639392,7,261,1,2,2.4468478964210894,5.661285877227783,2.9592361450195312,0.30000001192092896,3.3230044841766357,3.6800029277801514,0.29999998211860657,visibility_direction_rejected
1786670488.1639392,7,261,2,2,1.5445507830764778,19.91927146911621,7.095032215118408,1.100000023841858,19.849212646484375,8.585243225097656,0.699999988079071,visibility_direction_rejected
1786670488.1639392,7,261,3,2,2.072179501909557,13.917600631713867,6.426852226257324,-0.03473564237356186,15.706316947937012,7.471596717834473,0.01940099522471428,visibility_direction_rejected
1786670488.1639392,7,261,4,2,0.1530966991750624,32.763511657714844,11.759404182434082,0.0972118005156517,32.753665924072266,11.638230323791504,0.19026316702365875,visibility_direction_rejected
1786670488.1639392,7,261,5,2,0.1466690228215175,40.98398208618164,4.313149929046631,0.30000001192092896,40.839454650878906,4.288177490234375,0.29999998211860657,not_evaluated_this_snapshot
1786670488.1639392,7,261,6,2,1.9319841327827785,22.377944946289062,6.943258285522461,1.1000001430511475,22.820858001708984,8.780754089355469,1.5,visibility_direction_rejected
1786670488.7074413,7,254,1,2,2.4468478964210894,5.661285877227783,2.9592361450195312,0.30000001192092896,3.3230044841766357,3.6800029277801514,0.29999998211860657,visibility_direction_rejected
1786670488.7074413,7,254,2,2,1.568582574780098,19.91927146911621,7.095032215118408,1.100000023841858,19.758663177490234,8.603228569030762,0.699999988079071,visibility_direction_rejected
1786670488.7074413,7,254,3,2,2.072179501909557,13.917600631713867,6.426852226257324,-0.03473564237356186,15.706316947937012,7.471596717834473,0.01940099522471428,visibility_direction_rejected
1786670488.7074413,7,254,4,2,0.1530966991750624,32.763511657714844,11.759404182434082,0.0972118005156517,32.753665924072266,11.638230323791504,0.19026316702365875,visibility_direction_rejected
1786670488.7074413,7,254,5,2,0.1466690228215175,40.98398208618164,4.313149929046631,0.30000001192092896,40.839454650878906,4.288177490234375,0.29999998211860657,not_evaluated_this_snapshot
1786670488.7074413,7,254,6,2,1.9319841327827785,22.377944946289062,6.943258285522461,1.1000001430511475,22.820858001708984,8.780754089355469,1.5,visibility_direction_rejected
1786670489.2610924,7,260,1,2,2.4468478964210894,5.661285877227783,2.9592361450195312,0.30000001192092896,3.3230044841766357,3.6800029277801514,0.29999998211860657,visibility_direction_rejected
1786670489.2610924,7,260,2,2,1.584798900403903,19.91927146911621,7.095032215118408,1.100000023841858,19.663681030273438,8.607070922851562,0.699999988079071,visibility_direction_rejected
1786670489.2610924,7,260,3,2,2.072179501909557,13.917600631713867,6.426852226257324,-0.03473564237356186,15.706316947937012,7.471596717834473,0.01940099522471428,visibility_direction_rejected
1786670489.2610924,7,260,4,2,0.1530966991750624,32.763511657714844,11.759404182434082,0.0972118005156517,32.753665924072266,11.638230323791504,0.19026316702365875,visibility_direction_rejected
1786670489.2610924,7,260,5,2,0.1466690228215175,40.98398208618164,4.313149929046631,0.30000001192092896,40.839454650878906,4.288177490234375,0.29999998211860657,not_evaluated_this_snapshot
1786670489.2610924,7,260,6,2,1.9319841327827785,22.377944946289062,6.943258285522461,1.1000001430511475,22.820858001708984,8.780754089355469,1.5,visibility_direction_rejected
1786670489.8043036,7,269,1,2,2.4468478964210894,5.661285877227783,2.9592361450195312,0.30000001192092896,3.3230044841766357,3.6800029277801514,0.29999998211860657,visibility_direction_rejected
1786670489.8043036,7,269,2,2,1.5824954591495406,19.91927146911621,7.095032215118408,1.100000023841858,19.629613876342773,8.598491668701172,0.699999988079071,visibility_direction_rejected
1786670489.8043036,7,269,3,2,2.072179501909557,13.917600631713867,6.426852226257324,-0.03473564237356186,15.706316947937012,7.471596717834473,0.01940099522471428,visibility_direction_rejected
1786670489.8043036,7,269,4,2,0.1530966991750624,32.763511657714844,11.759404182434082,0.0972118005156517,32.753665924072266,11.638230323791504,0.19026316702365875,visibility_direction_rejected
1786670489.8043036,7,269,5,2,0.1466690228215175,40.98398208618164,4.313149929046631,0.30000001192092896,40.839454650878906,4.288177490234375,0.29999998211860657,not_evaluated_this_snapshot
1786670489.8043036,7,269,6,2,1.9319841327827785,22.377944946289062,6.943258285522461,1.1000001430511475,22.820858001708984,8.780754089355469,1.5,visibility_direction_rejected
1786670490.377935,7,269,1,2,2.4468478964210894,5.661285877227783,2.9592361450195312,0.30000001192092896,3.3230044841766357,3.6800029277801514,0.29999998211860657,visibility_direction_rejected
1786670490.377935,7,269,2,2,1.5678032739776684,19.91927146911621,7.095032215118408,1.100000023841858,19.633615493774414,8.583792686462402,0.699999988079071,visibility_direction_rejected
1786670490.377935,7,269,3,2,2.072179501909557,13.917600631713867,6.426852226257324,-0.03473564237356186,15.706316947937012,7.471596717834473,0.01940099522471428,visibility_direction_rejected
1786670490.377935,7,269,4,2,0.1530966991750624,32.763511657714844,11.759404182434082,0.0972118005156517,32.753665924072266,11.638230323791504,0.19026316702365875,visibility_direction_rejected
1786670490.377935,7,269,5,2,0.1466690228215175,40.98398208618164,4.313149929046631,0.30000001192092896,40.839454650878906,4.288177490234375,0.29999998211860657,not_evaluated_this_snapshot
1786670490.377935,7,269,6,2,1.9319841327827785,22.377944946289062,6.943258285522461,1.1000001430511475,22.820858001708984,8.780754089355469,1.5,visibility_direction_rejected
1786670490.9415514,7,272,1,2,2.4468478964210894,5.661285877227783,2.9592361450195312,0.30000001192092896,3.3230044841766357,3.6800029277801514,0.29999998211860657,visibility_direction_rejected
1786670490.9415514,7,272,2,2,1.5626968836781807,19.91927146911621,7.095032215118408,1.100000023841858,19.61150550842285,8.57398509979248,0.699999988079071,visibility_direction_rejected
1786670490.9415514,7,272,3,2,2.072179501909557,13.917600631713867,6.426852226257324,-0.03473564237356186,15.706316947937012,7.471596717834473,0.01940099522471428,visibility_direction_rejected
1786670490.9415514,7,272,4,2,0.1530966991750624,32.763511657714844,11.759404182434082,0.0972118005156517,32.753665924072266,11.638230323791504,0.19026316702365875,visibility_direction_rejected
1786670490.9415514,7,272,5,2,0.1466690228215175,40.98398208618164,4.313149929046631,0.30000001192092896,40.839454650878906,4.288177490234375,0.29999998211860657,not_evaluated_this_snapshot
1786670490.9415514,7,272,6,2,1.9319841327827785,22.377944946289062,6.943258285522461,1.1000001430511475,22.820858001708984,8.780754089355469,1.5,visibility_direction_rejected
1786670491.525301,7,277,1,2,2.4468478964210894,5.661285877227783,2.9592361450195312,0.30000001192092896,3.3230044841766357,3.6800029277801514,0.29999998211860657,visibility_direction_rejected
1786670491.525301,7,277,2,2,1.5513713642799438,19.91927146911621,7.095032215118408,1.100000023841858,19.629255294799805,8.565625190734863,0.699999988079071,visibility_direction_rejected
1786670491.525301,7,277,3,2,2.072179501909557,13.917600631713867,6.426852226257324,-0.03473564237356186,15.706316947937012,7.471596717834473,0.01940099522471428,visibility_direction_rejected
1786670491.525301,7,277,4,2,0.1530966991750624,32.763511657714844,11.759404182434082,0.0972118005156517,32.753665924072266,11.638230323791504,0.19026316702365875,visibility_direction_rejected
1786670491.525301,7,277,5,2,0.1466690228215175,40.98398208618164,4.313149929046631,0.30000001192092896,40.839454650878906,4.288177490234375,0.29999998211860657,not_evaluated_this_snapshot
1786670491.525301,7,277,6,2,1.9319841327827785,22.377944946289062,6.943258285522461,1.1000001430511475,22.820858001708984,8.780754089355469,1.5,visibility_direction_rejected
1786670492.0687563,7,269,1,2,2.4468478964210894,5.661285877227783,2.9592361450195312,0.30000001192092896,3.3230044841766357,3.6800029277801514,0.29999998211860657,visibility_direction_rejected
1786670492.0687563,7,269,2,2,1.5513713642799438,19.91927146911621,7.095032215118408,1.100000023841858,19.629255294799805,8.565625190734863,0.699999988079071,visibility_direction_rejected
1786670492.0687563,7,269,3,2,2.072179501909557,13.917600631713867,6.426852226257324,-0.03473564237356186,15.706316947937012,7.471596717834473,0.01940099522471428,visibility_direction_rejected
1786670492.0687563,7,269,4,2,0.1530966991750624,32.763511657714844,11.759404182434082,0.0972118005156517,32.753665924072266,11.638230323791504,0.19026316702365875,visibility_direction_rejected
1786670492.0687563,7,269,5,2,0.1466690228215175,40.98398208618164,4.313149929046631,0.30000001192092896,40.839454650878906,4.288177490234375,0.29999998211860657,not_evaluated_this_snapshot
1786670492.0687563,7,269,6,2,1.9319841327827785,22.377944946289062,6.943258285522461,1.1000001430511475,22.820858001708984,8.780754089355469,1.5,visibility_direction_rejected
1786670492.612129,7,272,1,2,2.4468478964210894,5.661285877227783,2.9592361450195312,0.30000001192092896,3.3230044841766357,3.6800029277801514,0.29999998211860657,visibility_direction_rejected
1786670492.612129,7,272,2,2,1.5513713642799438,19.91927146911621,7.095032215118408,1.100000023841858,19.629255294799805,8.565625190734863,0.699999988079071,visibility_direction_rejected
1786670492.612129,7,272,3,2,2.072179501909557,13.917600631713867,6.426852226257324,-0.03473564237356186,15.706316947937012,7.471596717834473,0.01940099522471428,visibility_direction_rejected
1786670492.612129,7,272,4,2,0.1530966991750624,32.763511657714844,11.759404182434082,0.0972118005156517,32.753665924072266,11.638230323791504,0.19026316702365875,visibility_direction_rejected
1786670492.612129,7,272,5,2,0.1466690228215175,40.98398208618164,4.313149929046631,0.30000001192092896,40.839454650878906,4.288177490234375,0.29999998211860657,not_evaluated_this_snapshot
1786670492.612129,7,272,6,2,1.9319841327827785,22.377944946289062,6.943258285522461,1.1000001430511475,22.820858001708984,8.780754089355469,1.5,visibility_direction_rejected
1786670493.1453133,7,278,1,2,2.4468478964210894,5.661285877227783,2.9592361450195312,0.30000001192092896,3.3230044841766357,3.6800029277801514,0.29999998211860657,visibility_direction_rejected
1786670493.1453133,7,278,2,2,1.5513713642799438,19.91927146911621,7.095032215118408,1.100000023841858,19.629255294799805,8.565625190734863,0.699999988079071,visibility_direction_rejected
1786670493.1453133,7,278,3,2,2.072179501909557,13.917600631713867,6.426852226257324,-0.03473564237356186,15.706316947937012,7.471596717834473,0.01940099522471428,visibility_direction_rejected
1786670493.1453133,7,278,4,2,0.1530966991750624,32.763511657714844,11.759404182434082,0.0972118005156517,32.753665924072266,11.638230323791504,0.19026316702365875,visibility_direction_rejected
1786670493.1453133,7,278,5,2,0.1466690228215175,40.98398208618164,4.313149929046631,0.30000001192092896,40.839454650878906,4.288177490234375,0.29999998211860657,not_evaluated_this_snapshot
1786670493.1453133,7,278,6,2,1.9319841327827785,22.377944946289062,6.943258285522461,1.1000001430511475,22.820858001708984,8.780754089355469,1.5,visibility_direction_rejected
1786670493.6785128,7,281,1,2,2.4468478964210894,5.661285877227783,2.9592361450195312,0.30000001192092896,3.3230044841766357,3.6800029277801514,0.29999998211860657,visibility_direction_rejected
1786670493.6785128,7,281,2,2,1.5513713642799438,19.91927146911621,7.095032215118408,1.100000023841858,19.629255294799805,8.565625190734863,0.699999988079071,visibility_direction_rejected
1786670493.6785128,7,281,3,2,2.072179501909557,13.917600631713867,6.426852226257324,-0.03473564237356186,15.706316947937012,7.471596717834473,0.01940099522471428,visibility_direction_rejected
1786670493.6785128,7,281,4,2,0.1530966991750624,32.763511657714844,11.759404182434082,0.0972118005156517,32.753665924072266,11.638230323791504,0.19026316702365875,visibility_direction_rejected
1786670493.6785128,7,281,5,2,0.1466690228215175,40.98398208618164,4.313149929046631,0.30000001192092896,40.839454650878906,4.288177490234375,0.29999998211860657,not_evaluated_this_snapshot
1786670493.6785128,7,281,6,2,1.9319841327827785,22.377944946289062,6.943258285522461,1.1000001430511475,22.820858001708984,8.780754089355469,1.5,visibility_direction_rejected
1786670494.2018986,7,280,1,2,2.4468478964210894,5.661285877227783,2.9592361450195312,0.30000001192092896,3.3230044841766357,3.6800029277801514,0.29999998211860657,visibility_direction_rejected
1786670494.2018986,7,280,2,2,1.5513713642799438,19.91927146911621,7.095032215118408,1.100000023841858,19.629255294799805,8.565625190734863,0.699999988079071,visibility_direction_rejected
1786670494.2018986,7,280,3,2,2.072179501909557,13.917600631713867,6.426852226257324,-0.03473564237356186,15.706316947937012,7.471596717834473,0.01940099522471428,visibility_direction_rejected
1786670494.2018986,7,280,4,2,0.1530966991750624,32.763511657714844,11.759404182434082,0.0972118005156517,32.753665924072266,11.638230323791504,0.19026316702365875,visibility_direction_rejected
1786670494.2018986,7,280,5,2,0.1466690228215175,40.98398208618164,4.313149929046631,0.30000001192092896,40.839454650878906,4.288177490234375,0.29999998211860657,not_evaluated_this_snapshot
1786670494.2018986,7,280,6,2,1.9319841327827785,22.377944946289062,6.943258285522461,1.1000001430511475,22.820858001708984,8.780754089355469,1.5,visibility_direction_rejected
1786670494.7150562,7,279,1,2,2.4468478964210894,5.661285877227783,2.9592361450195312,0.30000001192092896,3.3230044841766357,3.6800029277801514,0.29999998211860657,visibility_direction_rejected
1786670494.7150562,7,279,2,2,1.5513713642799438,19.91927146911621,7.095032215118408,1.100000023841858,19.629255294799805,8.565625190734863,0.699999988079071,visibility_direction_rejected
1786670494.7150562,7,279,3,2,2.072179501909557,13.917600631713867,6.426852226257324,-0.03473564237356186,15.706316947937012,7.471596717834473,0.01940099522471428,visibility_direction_rejected
1786670494.7150562,7,279,4,2,0.1530966991750624,32.763511657714844,11.759404182434082,0.0972118005156517,32.753665924072266,11.638230323791504,0.19026316702365875,not_evaluated_this_snapshot
1786670494.7150562,7,279,5,2,0.1466690228215175,40.98398208618164,4.313149929046631,0.30000001192092896,40.839454650878906,4.288177490234375,0.29999998211860657,not_evaluated_this_snapshot
1786670494.7150562,7,279,6,2,1.9319841327827785,22.377944946289062,6.943258285522461,1.1000001430511475,22.820858001708984,8.780754089355469,1.5,visibility_direction_rejected
1786670495.21828,7,282,1,2,2.4468478964210894,5.661285877227783,2.9592361450195312,0.30000001192092896,3.3230044841766357,3.6800029277801514,0.29999998211860657,visibility_direction_rejected
1786670495.21828,7,282,2,2,1.5513713642799438,19.91927146911621,7.095032215118408,1.100000023841858,19.629255294799805,8.565625190734863,0.699999988079071,visibility_direction_rejected
1786670495.21828,7,282,3,2,2.072179501909557,13.917600631713867,6.426852226257324,-0.03473564237356186,15.706316947937012,7.471596717834473,0.01940099522471428,visibility_direction_rejected
1786670495.21828,7,282,4,2,0.1530966991750624,32.763511657714844,11.759404182434082,0.0972118005156517,32.753665924072266,11.638230323791504,0.19026316702365875,not_evaluated_this_snapshot
1786670495.21828,7,282,5,2,0.1466690228215175,40.98398208618164,4.313149929046631,0.30000001192092896,40.839454650878906,4.288177490234375,0.29999998211860657,not_evaluated_this_snapshot
1786670495.21828,7,282,6,2,1.9319841327827785,22.377944946289062,6.943258285522461,1.1000001430511475,22.820858001708984,8.780754089355469,1.5,visibility_direction_rejected
1786670495.7222664,7,286,1,2,2.4468478964210894,5.661285877227783,2.9592361450195312,0.30000001192092896,3.3230044841766357,3.6800029277801514,0.29999998211860657,visibility_direction_rejected
1786670495.7222664,7,286,2,2,1.5513713642799438,19.91927146911621,7.095032215118408,1.100000023841858,19.629255294799805,8.565625190734863,0.699999988079071,visibility_direction_rejected
1786670495.7222664,7,286,3,2,2.072179501909557,13.917600631713867,6.426852226257324,-0.03473564237356186,15.706316947937012,7.471596717834473,0.01940099522471428,visibility_direction_rejected
1786670495.7222664,7,286,4,2,0.1530966991750624,32.763511657714844,11.759404182434082,0.0972118005156517,32.753665924072266,11.638230323791504,0.19026316702365875,not_evaluated_this_snapshot
1786670495.7222664,7,286,5,2,0.1466690228215175,40.98398208618164,4.313149929046631,0.30000001192092896,40.839454650878906,4.288177490234375,0.29999998211860657,not_evaluated_this_snapshot
1786670495.7222664,7,286,6,2,1.9319841327827785,22.377944946289062,6.943258285522461,1.1000001430511475,22.820858001708984,8.780754089355469,1.5,visibility_direction_rejected
1786670496.215313,7,283,1,2,2.4468478964210894,5.661285877227783,2.9592361450195312,0.30000001192092896,3.3230044841766357,3.6800029277801514,0.29999998211860657,visibility_direction_rejected
1786670496.215313,7,283,2,2,1.7056638689219585,22.007408142089844,7.335905075073242,1.1000001430511475,22.820858001708984,8.780754089355469,1.5,visibility_direction_rejected
1786670496.215313,7,283,3,2,2.072179501909557,13.917600631713867,6.426852226257324,-0.03473564237356186,15.706316947937012,7.471596717834473,0.01940099522471428,visibility_direction_rejected
1786670496.215313,7,283,4,2,0.1530966991750624,32.763511657714844,11.759404182434082,0.0972118005156517,32.753665924072266,11.638230323791504,0.19026316702365875,not_evaluated_this_snapshot
1786670496.215313,7,283,5,2,0.1466690228215175,40.98398208618164,4.313149929046631,0.30000001192092896,40.839454650878906,4.288177490234375,0.29999998211860657,not_evaluated_this_snapshot
1786670496.215313,7,283,6,2,1.9319841327827785,22.377944946289062,6.943258285522461,1.1000001430511475,22.820858001708984,8.780754089355469,1.5,visibility_direction_rejected
1786670496.6683712,7,283,1,2,2.4468478964210894,5.661285877227783,2.9592361450195312,0.30000001192092896,3.3230044841766357,3.6800029277801514,0.29999998211860657,visibility_direction_rejected
1786670496.6683712,7,283,2,2,1.7056638689219585,22.007408142089844,7.335905075073242,1.1000001430511475,22.820858001708984,8.780754089355469,1.5,visibility_direction_rejected
1786670496.6683712,7,283,3,2,2.072179501909557,13.917600631713867,6.426852226257324,-0.03473564237356186,15.706316947937012,7.471596717834473,0.01940099522471428,visibility_direction_rejected
1786670496.6683712,7,283,4,2,0.1530966991750624,32.763511657714844,11.759404182434082,0.0972118005156517,32.753665924072266,11.638230323791504,0.19026316702365875,not_evaluated_this_snapshot
1786670496.6683712,7,283,5,2,0.1466690228215175,40.98398208618164,4.313149929046631,0.30000001192092896,40.839454650878906,4.288177490234375,0.29999998211860657,not_evaluated_this_snapshot
1786670496.6683712,7,283,6,2,1.9319841327827785,22.377944946289062,6.943258285522461,1.1000001430511475,22.820858001708984,8.780754089355469,1.5,visibility_direction_rejected
1786670497.1110528,7,290,1,2,2.4468478964210894,5.661285877227783,2.9592361450195312,0.30000001192092896,3.3230044841766357,3.6800029277801514,0.29999998211860657,visibility_direction_rejected
1786670497.1110528,7,290,2,2,1.294866847370096,22.007408142089844,7.335905075073242,1.1000001430511475,22.88295555114746,8.289895057678223,1.100000023841858,visibility_direction_rejected
1786670497.1110528,7,290,3,2,2.072179501909557,13.917600631713867,6.426852226257324,-0.03473564237356186,15.706316947937012,7.471596717834473,0.01940099522471428,visibility_direction_rejected
1786670497.1110528,7,290,4,2,0.1530966991750624,32.763511657714844,11.759404182434082,0.0972118005156517,32.753665924072266,11.638230323791504,0.19026316702365875,not_evaluated_this_snapshot
1786670497.1110528,7,290,5,2,0.1466690228215175,40.98398208618164,4.313149929046631,0.30000001192092896,40.839454650878906,4.288177490234375,0.29999998211860657,not_evaluated_this_snapshot
1786670497.1110528,7,290,6,2,1.4382163631184106,22.377944946289062,6.943258285522461,1.1000001430511475,22.88295555114746,8.289895057678223,1.100000023841858,visibility_direction_rejected
1786670497.5638824,7,290,1,2,2.4468478964210894,5.661285877227783,2.9592361450195312,0.30000001192092896,3.3230044841766357,3.6800029277801514,0.29999998211860657,visibility_direction_rejected
1786670497.5638824,7,290,2,2,1.7056638689219585,22.007408142089844,7.335905075073242,1.1000001430511475,22.820858001708984,8.780754089355469,1.5,visibility_direction_rejected
1786670497.5638824,7,290,3,2,2.072179501909557,13.917600631713867,6.426852226257324,-0.03473564237356186,15.706316947937012,7.471596717834473,0.01940099522471428,visibility_direction_rejected
1786670497.5638824,7,290,4,2,0.1530966991750624,32.763511657714844,11.759404182434082,0.0972118005156517,32.753665924072266,11.638230323791504,0.19026316702365875,not_evaluated_this_snapshot
1786670497.5638824,7,290,5,2,0.1466690228215175,40.98398208618164,4.313149929046631,0.30000001192092896,40.839454650878906,4.288177490234375,0.29999998211860657,not_evaluated_this_snapshot
1786670497.5638824,7,290,6,2,1.9319841327827785,22.377944946289062,6.943258285522461,1.1000001430511475,22.820858001708984,8.780754089355469,1.5,visibility_direction_rejected
1786670498.016728,7,284,1,2,2.4468478964210894,5.661285877227783,2.9592361450195312,0.30000001192092896,3.3230044841766357,3.6800029277801514,0.29999998211860657,visibility_direction_rejected
1786670498.016728,7,284,2,2,1.7056638689219585,22.007408142089844,7.335905075073242,1.1000001430511475,22.820858001708984,8.780754089355469,1.5,visibility_direction_rejected
1786670498.016728,7,284,3,2,2.072179501909557,13.917600631713867,6.426852226257324,-0.03473564237356186,15.706316947937012,7.471596717834473,0.01940099522471428,visibility_direction_rejected
1786670498.016728,7,284,4,2,0.1530966991750624,32.763511657714844,11.759404182434082,0.0972118005156517,32.753665924072266,11.638230323791504,0.19026316702365875,not_evaluated_this_snapshot
1786670498.016728,7,284,5,2,0.1466690228215175,40.98398208618164,4.313149929046631,0.30000001192092896,40.839454650878906,4.288177490234375,0.29999998211860657,not_evaluated_this_snapshot
1786670498.016728,7,284,6,2,1.9319841327827785,22.377944946289062,6.943258285522461,1.1000001430511475,22.820858001708984,8.780754089355469,1.5,visibility_direction_rejected
1786670498.469434,7,289,1,2,2.4468478964210894,5.661285877227783,2.9592361450195312,0.30000001192092896,3.3230044841766357,3.6800029277801514,0.29999998211860657,visibility_direction_rejected
1786670498.469434,7,289,2,2,1.7056638689219585,22.007408142089844,7.335905075073242,1.1000001430511475,22.820858001708984,8.780754089355469,1.5,visibility_direction_rejected
1786670498.469434,7,289,3,2,2.072179501909557,13.917600631713867,6.426852226257324,-0.03473564237356186,15.706316947937012,7.471596717834473,0.01940099522471428,visibility_direction_rejected
1786670498.469434,7,289,4,2,0.1530966991750624,32.763511657714844,11.759404182434082,0.0972118005156517,32.753665924072266,11.638230323791504,0.19026316702365875,not_evaluated_this_snapshot
1786670498.469434,7,289,5,2,0.1466690228215175,40.98398208618164,4.313149929046631,0.30000001192092896,40.839454650878906,4.288177490234375,0.29999998211860657,not_evaluated_this_snapshot
1786670498.469434,7,289,6,2,1.9319841327827785,22.377944946289062,6.943258285522461,1.1000001430511475,22.820858001708984,8.780754089355469,1.5,visibility_direction_rejected
1786670498.9121766,7,290,1,2,2.4468478964210894,5.661285877227783,2.9592361450195312,0.30000001192092896,3.3230044841766357,3.6800029277801514,0.29999998211860657,visibility_direction_rejected
1786670498.9121766,7,290,2,2,1.7056638689219585,22.007408142089844,7.335905075073242,1.1000001430511475,22.820858001708984,8.780754089355469,1.5,visibility_direction_rejected
1786670498.9121766,7,290,3,2,2.072179501909557,13.917600631713867,6.426852226257324,-0.03473564237356186,15.706316947937012,7.471596717834473,0.01940099522471428,visibility_direction_rejected
1786670498.9121766,7,290,4,2,0.1530966991750624,32.763511657714844,11.759404182434082,0.0972118005156517,32.753665924072266,11.638230323791504,0.19026316702365875,not_evaluated_this_snapshot
1786670498.9121766,7,290,5,2,0.1466690228215175,40.98398208618164,4.313149929046631,0.30000001192092896,40.839454650878906,4.288177490234375,0.29999998211860657,not_evaluated_this_snapshot
1786670498.9121766,7,290,6,2,1.9319841327827785,22.377944946289062,6.943258285522461,1.1000001430511475,22.820858001708984,8.780754089355469,1.5,visibility_direction_rejected
1786670499.3753796,7,292,1,2,2.4468478964210894,5.661285877227783,2.9592361450195312,0.30000001192092896,3.3230044841766357,3.6800029277801514,0.29999998211860657,visibility_direction_rejected
1786670499.3753796,7,292,2,2,1.7056638689219585,22.007408142089844,7.335905075073242,1.1000001430511475,22.820858001708984,8.780754089355469,1.5,visibility_direction_rejected
1786670499.3753796,7,292,3,2,2.072179501909557,13.917600631713867,6.426852226257324,-0.03473564237356186,15.706316947937012,7.471596717834473,0.01940099522471428,visibility_direction_rejected
1786670499.3753796,7,292,4,2,0.1530966991750624,32.763511657714844,11.759404182434082,0.0972118005156517,32.753665924072266,11.638230323791504,0.19026316702365875,not_evaluated_this_snapshot
1786670499.3753796,7,292,5,2,0.1466690228215175,40.98398208618164,4.313149929046631,0.30000001192092896,40.839454650878906,4.288177490234375,0.29999998211860657,not_evaluated_this_snapshot
1786670499.3753796,7,292,6,2,1.9319841327827785,22.377944946289062,6.943258285522461,1.1000001430511475,22.820858001708984,8.780754089355469,1.5,visibility_direction_rejected
1786670499.8284051,7,291,1,2,2.4468478964210894,5.661285877227783,2.9592361450195312,0.30000001192092896,3.3230044841766357,3.6800029277801514,0.29999998211860657,visibility_direction_rejected
1786670499.8284051,7,291,2,2,1.7056638689219585,22.007408142089844,7.335905075073242,1.1000001430511475,22.820858001708984,8.780754089355469,1.5,visibility_direction_rejected
1786670499.8284051,7,291,3,2,2.072179501909557,13.917600631713867,6.426852226257324,-0.03473564237356186,15.706316947937012,7.471596717834473,0.01940099522471428,visibility_direction_rejected
1786670499.8284051,7,291,4,2,0.1530966991750624,32.763511657714844,11.759404182434082,0.0972118005156517,32.753665924072266,11.638230323791504,0.19026316702365875,not_evaluated_this_snapshot
1786670499.8284051,7,291,5,2,0.1466690228215175,40.98398208618164,4.313149929046631,0.30000001192092896,40.839454650878906,4.288177490234375,0.29999998211860657,not_evaluated_this_snapshot
1786670499.8284051,7,291,6,2,1.6391934167095936,22.377944946289062,6.943258285522461,1.1000001430511475,23.636802673339844,7.913944721221924,0.699999988079071,visibility_direction_rejected
1786670500.2510045,7,292,1,2,2.4468478964210894,5.661285877227783,2.9592361450195312,0.30000001192092896,3.3230044841766357,3.6800029277801514,0.29999998211860657,visibility_direction_rejected
1786670500.2510045,7,292,2,2,1.7056638689219585,22.007408142089844,7.335905075073242,1.1000001430511475,22.820858001708984,8.780754089355469,1.5,visibility_direction_rejected
1786670500.2510045,7,292,3,2,2.072179501909557,13.917600631713867,6.426852226257324,-0.03473564237356186,15.706316947937012,7.471596717834473,0.01940099522471428,visibility_direction_rejected
1786670500.2510045,7,292,4,2,0.1530966991750624,32.763511657714844,11.759404182434082,0.0972118005156517,32.753665924072266,11.638230323791504,0.19026316702365875,not_evaluated_this_snapshot
1786670500.2510045,7,292,5,2,0.1466690228215175,40.98398208618164,4.313149929046631,0.30000001192092896,40.839454650878906,4.288177490234375,0.29999998211860657,not_evaluated_this_snapshot
1786670500.2510045,7,292,6,2,1.602024970968127,22.377944946289062,6.943258285522461,1.1000001430511475,23.610557556152344,7.8851447105407715,0.699999988079071,visibility_direction_rejected
1786670500.6636543,7,293,1,2,2.4468478964210894,5.661285877227783,2.9592361450195312,0.30000001192092896,3.3230044841766357,3.6800029277801514,0.29999998211860657,visibility_direction_rejected
1786670500.6636543,7,293,2,2,1.7056638689219585,22.007408142089844,7.335905075073242,1.1000001430511475,22.820858001708984,8.780754089355469,1.5,visibility_direction_rejected
1786670500.6636543,7,293,3,2,2.072179501909557,13.917600631713867,6.426852226257324,-0.03473564237356186,15.706316947937012,7.471596717834473,0.01940099522471428,visibility_direction_rejected
1786670500.6636543,7,293,4,2,0.1530966991750624,32.763511657714844,11.759404182434082,0.0972118005156517,32.753665924072266,11.638230323791504,0.19026316702365875,not_evaluated_this_snapshot
1786670500.6636543,7,293,5,2,0.1466690228215175,40.98398208618164,4.313149929046631,0.30000001192092896,40.839454650878906,4.288177490234375,0.29999998211860657,not_evaluated_this_snapshot
1786670500.6636543,7,293,6,2,1.9319841327827785,22.377944946289062,6.943258285522461,1.1000001430511475,22.820858001708984,8.780754089355469,1.5,visibility_direction_rejected
1786670501.056149,7,291,1,2,2.4468478964210894,5.661285877227783,2.9592361450195312,0.30000001192092896,3.3230044841766357,3.6800029277801514,0.29999998211860657,visibility_direction_rejected
1786670501.056149,7,291,2,2,1.7056638689219585,22.007408142089844,7.335905075073242,1.1000001430511475,22.820858001708984,8.780754089355469,1.5,visibility_direction_rejected
1786670501.056149,7,291,3,2,2.072179501909557,13.917600631713867,6.426852226257324,-0.03473564237356186,15.706316947937012,7.471596717834473,0.01940099522471428,visibility_direction_rejected
1786670501.056149,7,291,4,2,0.1530966991750624,32.763511657714844,11.759404182434082,0.0972118005156517,32.753665924072266,11.638230323791504,0.19026316702365875,not_evaluated_this_snapshot
1786670501.056149,7,291,5,2,0.1466690228215175,40.98398208618164,4.313149929046631,0.30000001192092896,40.839454650878906,4.288177490234375,0.29999998211860657,not_evaluated_this_snapshot
1786670501.056149,7,291,6,2,1.9319841327827785,22.377944946289062,6.943258285522461,1.1000001430511475,22.820858001708984,8.780754089355469,1.5,not_evaluated_this_snapshot
1786670501.4485047,7,297,1,2,2.4468478964210894,5.661285877227783,2.9592361450195312,0.30000001192092896,3.3230044841766357,3.6800029277801514,0.29999998211860657,visibility_direction_rejected
1786670501.4485047,7,297,2,2,1.7056638689219585,22.007408142089844,7.335905075073242,1.1000001430511475,22.820858001708984,8.780754089355469,1.5,visibility_direction_rejected
1786670501.4485047,7,297,3,2,2.072179501909557,13.917600631713867,6.426852226257324,-0.03473564237356186,15.706316947937012,7.471596717834473,0.01940099522471428,visibility_direction_rejected
1786670501.4485047,7,297,4,2,0.1530966991750624,32.763511657714844,11.759404182434082,0.0972118005156517,32.753665924072266,11.638230323791504,0.19026316702365875,not_evaluated_this_snapshot
1786670501.4485047,7,297,5,2,0.1466690228215175,40.98398208618164,4.313149929046631,0.30000001192092896,40.839454650878906,4.288177490234375,0.29999998211860657,not_evaluated_this_snapshot
1786670501.4485047,7,297,6,2,1.9319841327827785,22.377944946289062,6.943258285522461,1.1000001430511475,22.820858001708984,8.780754089355469,1.5,not_evaluated_this_snapshot
1786670501.8407845,7,300,1,2,2.4468478964210894,5.661285877227783,2.9592361450195312,0.30000001192092896,3.3230044841766357,3.6800029277801514,0.29999998211860657,visibility_direction_rejected
1786670501.8407845,7,300,2,2,1.7056638689219585,22.007408142089844,7.335905075073242,1.1000001430511475,22.820858001708984,8.780754089355469,1.5,not_evaluated_this_snapshot
1786670501.8407845,7,300,3,2,2.072179501909557,13.917600631713867,6.426852226257324,-0.03473564237356186,15.706316947937012,7.471596717834473,0.01940099522471428,visibility_direction_rejected
1786670501.8407845,7,300,4,2,0.1530966991750624,32.763511657714844,11.759404182434082,0.0972118005156517,32.753665924072266,11.638230323791504,0.19026316702365875,not_evaluated_this_snapshot
1786670501.8407845,7,300,5,2,0.1466690228215175,40.98398208618164,4.313149929046631,0.30000001192092896,40.839454650878906,4.288177490234375,0.29999998211860657,not_evaluated_this_snapshot
1786670501.8407845,7,300,6,2,1.9319841327827785,22.377944946289062,6.943258285522461,1.1000001430511475,22.820858001708984,8.780754089355469,1.5,not_evaluated_this_snapshot
1786670502.2430706,7,307,1,2,2.4468478964210894,5.661285877227783,2.9592361450195312,0.30000001192092896,3.3230044841766357,3.6800029277801514,0.29999998211860657,visibility_direction_rejected
1786670502.2430706,7,307,2,2,1.7056638689219585,22.007408142089844,7.335905075073242,1.1000001430511475,22.820858001708984,8.780754089355469,1.5,not_evaluated_this_snapshot
1786670502.2430706,7,307,3,2,2.072179501909557,13.917600631713867,6.426852226257324,-0.03473564237356186,15.706316947937012,7.471596717834473,0.01940099522471428,visibility_direction_rejected
1786670502.2430706,7,307,4,2,0.1530966991750624,32.763511657714844,11.759404182434082,0.0972118005156517,32.753665924072266,11.638230323791504,0.19026316702365875,not_evaluated_this_snapshot
1786670502.2430706,7,307,5,2,0.1466690228215175,40.98398208618164,4.313149929046631,0.30000001192092896,40.839454650878906,4.288177490234375,0.29999998211860657,not_evaluated_this_snapshot
1786670502.2430706,7,307,6,2,1.9319841327827785,22.377944946289062,6.943258285522461,1.1000001430511475,22.820858001708984,8.780754089355469,1.5,not_evaluated_this_snapshot
1786670502.6356502,7,306,1,2,2.4468478964210894,5.661285877227783,2.9592361450195312,0.30000001192092896,3.3230044841766357,3.6800029277801514,0.29999998211860657,visibility_direction_rejected
1786670502.6356502,7,306,2,2,1.1514569908899503,22.007408142089844,7.335905075073242,1.1000001430511475,21.1916446685791,7.478673934936523,0.30000001192092896,not_evaluated_this_snapshot
1786670502.6356502,7,306,3,2,2.072179501909557,13.917600631713867,6.426852226257324,-0.03473564237356186,15.706316947937012,7.471596717834473,0.01940099522471428,visibility_direction_rejected
1786670502.6356502,7,306,4,2,0.1530966991750624,32.763511657714844,11.759404182434082,0.0972118005156517,32.753665924072266,11.638230323791504,0.19026316702365875,not_evaluated_this_snapshot
1786670502.6356502,7,306,5,2,0.1466690228215175,40.98398208618164,4.313149929046631,0.30000001192092896,40.839454650878906,4.288177490234375,0.29999998211860657,not_evaluated_this_snapshot
1786670502.6356502,7,306,6,2,1.5277363896761047,22.377944946289062,6.943258285522461,1.1000001430511475,21.1916446685791,7.478673934936523,0.30000001192092896,not_evaluated_this_snapshot
1786670503.0184374,7,312,1,2,2.4468478964210894,5.661285877227783,2.9592361450195312,0.30000001192092896,3.3230044841766357,3.6800029277801514,0.29999998211860657,visibility_direction_rejected
1786670503.0184374,7,312,2,2,1.2770048763693362,22.007408142089844,7.335905075073242,1.1000001430511475,21.015472412109375,7.41839599609375,0.30000001192092896,not_evaluated_this_snapshot
1786670503.0184374,7,312,3,2,2.072179501909557,13.917600631713867,6.426852226257324,-0.03473564237356186,15.706316947937012,7.471596717834473,0.01940099522471428,visibility_direction_rejected
1786670503.0184374,7,312,4,2,0.1530966991750624,32.763511657714844,11.759404182434082,0.0972118005156517,32.753665924072266,11.638230323791504,0.19026316702365875,not_evaluated_this_snapshot
1786670503.0184374,7,312,5,2,0.1466690228215175,40.98398208618164,4.313149929046631,0.30000001192092896,40.839454650878906,4.288177490234375,0.29999998211860657,not_evaluated_this_snapshot
1786670503.0184374,7,312,6,2,1.6498749832060953,22.377944946289062,6.943258285522461,1.1000001430511475,21.015472412109375,7.41839599609375,0.30000001192092896,not_evaluated_this_snapshot
1786670503.410936,7,313,1,2,2.4468478964210894,5.661285877227783,2.9592361450195312,0.30000001192092896,3.3230044841766357,3.6800029277801514,0.29999998211860657,visibility_direction_rejected
1786670503.410936,7,313,2,2,1.1335920134735038,19.91927146911621,7.095032215118408,1.100000023841858,20.68191909790039,7.346824645996094,0.30000001192092896,visibility_direction_rejected
1786670503.410936,7,313,3,2,2.072179501909557,13.917600631713867,6.426852226257324,-0.03473564237356186,15.706316947937012,7.471596717834473,0.01940099522471428,visibility_direction_rejected
1786670503.410936,7,313,4,2,0.1530966991750624,32.763511657714844,11.759404182434082,0.0972118005156517,32.753665924072266,11.638230323791504,0.19026316702365875,not_evaluated_this_snapshot
1786670503.410936,7,313,5,2,0.1466690228215175,40.98398208618164,4.313149929046631,0.30000001192092896,40.839454650878906,4.288177490234375,0.29999998211860657,not_evaluated_this_snapshot
1786670503.410936,7,313,6,2,1.9181683178274045,22.377944946289062,6.943258285522461,1.1000001430511475,20.68191909790039,7.346824645996094,0.30000001192092896,not_evaluated_this_snapshot
1786670503.7934105,7,318,1,2,2.4468478964210894,5.661285877227783,2.9592361450195312,0.30000001192092896,3.3230044841766357,3.6800029277801514,0.29999998211860657,visibility_direction_rejected
1786670503.7934105,7,318,2,2,0.5653844519082127,19.91927146911621,7.095032215118408,1.100000023841858,19.566680908203125,7.537004470825195,1.100000023841858,visibility_direction_rejected
1786670503.7934105,7,318,3,2,2.072179501909557,13.917600631713867,6.426852226257324,-0.03473564237356186,15.706316947937012,7.471596717834473,0.01940099522471428,visibility_direction_rejected
1786670503.7934105,7,318,4,2,0.1530966991750624,32.763511657714844,11.759404182434082,0.0972118005156517,32.753665924072266,11.638230323791504,0.19026316702365875,not_evaluated_this_snapshot
1786670503.7934105,7,318,5,2,0.1466690228215175,40.98398208618164,4.313149929046631,0.30000001192092896,40.839454650878906,4.288177490234375,0.29999998211860657,not_evaluated_this_snapshot
1786670503.7934105,7,318,6,2,1.9319841327827785,22.377944946289062,6.943258285522461,1.1000001430511475,22.820858001708984,8.780754089355469,1.5,not_evaluated_this_snapshot
1786670504.1858354,7,321,1,2,2.4468478964210894,5.661285877227783,2.9592361450195312,0.30000001192092896,3.3230044841766357,3.6800029277801514,0.29999998211860657,visibility_direction_rejected
1786670504.1858354,7,321,2,2,0.5193348059628631,19.91927146911621,7.095032215118408,1.100000023841858,19.60209083557129,7.506256103515625,1.100000023841858,not_evaluated_this_snapshot
1786670504.1858354,7,321,3,2,2.072179501909557,13.917600631713867,6.426852226257324,-0.03473564237356186,15.706316947937012,7.471596717834473,0.01940099522471428,visibility_direction_rejected
1786670504.1858354,7,321,4,2,0.1530966991750624,32.763511657714844,11.759404182434082,0.0972118005156517,32.753665924072266,11.638230323791504,0.19026316702365875,not_evaluated_this_snapshot
1786670504.1858354,7,321,5,2,0.1466690228215175,40.98398208618164,4.313149929046631,0.30000001192092896,40.839454650878906,4.288177490234375,0.29999998211860657,not_evaluated_this_snapshot
1786670504.1858354,7,321,6,2,1.9319841327827785,22.377944946289062,6.943258285522461,1.1000001430511475,22.820858001708984,8.780754089355469,1.5,not_evaluated_this_snapshot
1786670504.588258,7,330,1,2,2.4468478964210894,5.661285877227783,2.9592361450195312,0.30000001192092896,3.3230044841766357,3.6800029277801514,0.29999998211860657,visibility_direction_rejected
1786670504.588258,7,330,2,2,0.525482783524772,19.91927146911621,7.095032215118408,1.100000023841858,19.555444717407227,7.474192142486572,1.100000023841858,not_evaluated_this_snapshot
1786670504.588258,7,330,3,2,2.072179501909557,13.917600631713867,6.426852226257324,-0.03473564237356186,15.706316947937012,7.471596717834473,0.01940099522471428,visibility_direction_rejected
1786670504.588258,7,330,4,2,0.1530966991750624,32.763511657714844,11.759404182434082,0.0972118005156517,32.753665924072266,11.638230323791504,0.19026316702365875,not_evaluated_this_snapshot
1786670504.588258,7,330,5,2,0.1466690228215175,40.98398208618164,4.313149929046631,0.30000001192092896,40.839454650878906,4.288177490234375,0.29999998211860657,not_evaluated_this_snapshot
1786670504.588258,7,330,6,2,1.9319841327827785,22.377944946289062,6.943258285522461,1.1000001430511475,22.820858001708984,8.780754089355469,1.5,not_evaluated_this_snapshot
1786670504.9909449,7,326,1,2,2.4468478964210894,5.661285877227783,2.9592361450195312,0.30000001192092896,3.3230044841766357,3.6800029277801514,0.29999998211860657,visibility_direction_rejected
1786670504.9909449,7,326,2,2,0.8362696409081767,19.91927146911621,7.095032215118408,1.100000023841858,19.120756149291992,7.343467712402344,1.100000023841858,not_evaluated_this_snapshot
1786670504.9909449,7,326,3,2,2.072179501909557,13.917600631713867,6.426852226257324,-0.03473564237356186,15.706316947937012,7.471596717834473,0.01940099522471428,visibility_direction_rejected
1786670504.9909449,7,326,4,2,0.1530966991750624,32.763511657714844,11.759404182434082,0.0972118005156517,32.753665924072266,11.638230323791504,0.19026316702365875,not_evaluated_this_snapshot
1786670504.9909449,7,326,5,2,0.1466690228215175,40.98398208618164,4.313149929046631,0.30000001192092896,40.839454650878906,4.288177490234375,0.29999998211860657,not_evaluated_this_snapshot
1786670504.9909449,7,326,6,2,1.9319841327827785,22.377944946289062,6.943258285522461,1.1000001430511475,22.820858001708984,8.780754089355469,1.5,not_evaluated_this_snapshot
1786670505.403305,7,322,1,2,2.4468478964210894,5.661285877227783,2.9592361450195312,0.30000001192092896,3.3230044841766357,3.6800029277801514,0.29999998211860657,visibility_direction_rejected
1786670505.403305,7,322,2,2,1.6174545473898678,19.91927146911621,7.095032215118408,1.100000023841858,18.400997161865234,7.652708053588867,1.100000023841858,not_evaluated_this_snapshot
1786670505.403305,7,322,3,2,2.072179501909557,13.917600631713867,6.426852226257324,-0.03473564237356186,15.706316947937012,7.471596717834473,0.01940099522471428,visibility_direction_rejected
1786670505.403305,7,322,4,2,0.1530966991750624,32.763511657714844,11.759404182434082,0.0972118005156517,32.753665924072266,11.638230323791504,0.19026316702365875,not_evaluated_this_snapshot
1786670505.403305,7,322,5,2,0.1466690228215175,40.98398208618164,4.313149929046631,0.30000001192092896,40.839454650878906,4.288177490234375,0.29999998211860657,not_evaluated_this_snapshot
1786670505.403305,7,322,6,2,1.9319841327827785,22.377944946289062,6.943258285522461,1.1000001430511475,22.820858001708984,8.780754089355469,1.5,not_evaluated_this_snapshot
1786670505.7955525,7,325,1,2,2.4468478964210894,5.661285877227783,2.9592361450195312,0.30000001192092896,3.3230044841766357,3.6800029277801514,0.29999998211860657,visibility_direction_rejected
1786670505.7955525,7,325,2,2,1.664684629456296,19.91927146911621,7.095032215118408,1.100000023841858,18.331710815429688,7.595857620239258,1.100000023841858,not_evaluated_this_snapshot
1786670505.7955525,7,325,3,2,2.072179501909557,13.917600631713867,6.426852226257324,-0.03473564237356186,15.706316947937012,7.471596717834473,0.01940099522471428,visibility_direction_rejected
1786670505.7955525,7,325,4,2,0.1530966991750624,32.763511657714844,11.759404182434082,0.0972118005156517,32.753665924072266,11.638230323791504,0.19026316702365875,not_evaluated_this_snapshot
1786670505.7955525,7,325,5,2,0.1466690228215175,40.98398208618164,4.313149929046631,0.30000001192092896,40.839454650878906,4.288177490234375,0.29999998211860657,not_evaluated_this_snapshot
1786670505.7955525,7,325,6,2,1.9319841327827785,22.377944946289062,6.943258285522461,1.1000001430511475,22.820858001708984,8.780754089355469,1.5,not_evaluated_this_snapshot
1786670506.1778498,7,327,1,2,2.4468478964210894,5.661285877227783,2.9592361450195312,0.30000001192092896,3.3230044841766357,3.6800029277801514,0.29999998211860657,visibility_direction_rejected
1786670506.1778498,7,327,2,2,1.7056638689219585,22.007408142089844,7.335905075073242,1.1000001430511475,22.820858001708984,8.780754089355469,1.5,not_evaluated_this_snapshot
1786670506.1778498,7,327,3,2,2.072179501909557,13.917600631713867,6.426852226257324,-0.03473564237356186,15.706316947937012,7.471596717834473,0.01940099522471428,visibility_direction_rejected
1786670506.1778498,7,327,4,2,0.1530966991750624,32.763511657714844,11.759404182434082,0.0972118005156517,32.753665924072266,11.638230323791504,0.19026316702365875,not_evaluated_this_snapshot
1786670506.1778498,7,327,5,2,0.1466690228215175,40.98398208618164,4.313149929046631,0.30000001192092896,40.839454650878906,4.288177490234375,0.29999998211860657,not_evaluated_this_snapshot
1786670506.1778498,7,327,6,2,1.9319841327827785,22.377944946289062,6.943258285522461,1.1000001430511475,22.820858001708984,8.780754089355469,1.5,not_evaluated_this_snapshot
1786670506.5601504,7,323,1,2,2.4468478964210894,5.661285877227783,2.9592361450195312,0.30000001192092896,3.3230044841766357,3.6800029277801514,0.29999998211860657,visibility_direction_rejected
1786670506.5601504,7,323,2,2,1.7056638689219585,22.007408142089844,7.335905075073242,1.1000001430511475,22.820858001708984,8.780754089355469,1.5,not_evaluated_this_snapshot
1786670506.5601504,7,323,3,2,2.072179501909557,13.917600631713867,6.426852226257324,-0.03473564237356186,15.706316947937012,7.471596717834473,0.01940099522471428,visibility_direction_rejected
1786670506.5601504,7,323,4,2,0.1530966991750624,32.763511657714844,11.759404182434082,0.0972118005156517,32.753665924072266,11.638230323791504,0.19026316702365875,not_evaluated_this_snapshot
1786670506.5601504,7,323,5,2,0.1466690228215175,40.98398208618164,4.313149929046631,0.30000001192092896,40.839454650878906,4.288177490234375,0.29999998211860657,not_evaluated_this_snapshot
1786670506.5601504,7,323,6,2,1.9319841327827785,22.377944946289062,6.943258285522461,1.1000001430511475,22.820858001708984,8.780754089355469,1.5,not_evaluated_this_snapshot
1786670506.9536397,7,327,1,2,2.4468478964210894,5.661285877227783,2.9592361450195312,0.30000001192092896,3.3230044841766357,3.6800029277801514,0.29999998211860657,visibility_direction_rejected
1786670506.9536397,7,327,2,2,1.7056638689219585,22.007408142089844,7.335905075073242,1.1000001430511475,22.820858001708984,8.780754089355469,1.5,not_evaluated_this_snapshot
1786670506.9536397,7,327,3,2,2.072179501909557,13.917600631713867,6.426852226257324,-0.03473564237356186,15.706316947937012,7.471596717834473,0.01940099522471428,visibility_direction_rejected
1786670506.9536397,7,327,4,2,0.1530966991750624,32.763511657714844,11.759404182434082,0.0972118005156517,32.753665924072266,11.638230323791504,0.19026316702365875,not_evaluated_this_snapshot
1786670506.9536397,7,327,5,2,0.1466690228215175,40.98398208618164,4.313149929046631,0.30000001192092896,40.839454650878906,4.288177490234375,0.29999998211860657,not_evaluated_this_snapshot
1786670506.9536397,7,327,6,2,1.9319841327827785,22.377944946289062,6.943258285522461,1.1000001430511475,22.820858001708984,8.780754089355469,1.5,not_evaluated_this_snapshot
1786670507.3662834,7,332,1,2,2.4468478964210894,5.661285877227783,2.9592361450195312,0.30000001192092896,3.3230044841766357,3.6800029277801514,0.29999998211860657,visibility_direction_rejected
1786670507.3662834,7,332,2,2,1.7056638689219585,22.007408142089844,7.335905075073242,1.1000001430511475,22.820858001708984,8.780754089355469,1.5,not_evaluated_this_snapshot
1786670507.3662834,7,332,3,2,0.643125433800427,13.917600631713867,6.426852226257324,-0.03473564237356186,13.319756507873535,6.663021087646484,-0.014315159991383553,visibility_direction_rejected
1786670507.3662834,7,332,4,2,0.1530966991750624,32.763511657714844,11.759404182434082,0.0972118005156517,32.753665924072266,11.638230323791504,0.19026316702365875,not_evaluated_this_snapshot
1786670507.3662834,7,332,5,2,0.1466690228215175,40.98398208618164,4.313149929046631,0.30000001192092896,40.839454650878906,4.288177490234375,0.29999998211860657,not_evaluated_this_snapshot
1786670507.3662834,7,332,6,2,1.9319841327827785,22.377944946289062,6.943258285522461,1.1000001430511475,22.820858001708984,8.780754089355469,1.5,not_evaluated_this_snapshot
1786670507.7587602,7,329,1,2,2.4468478964210894,5.661285877227783,2.9592361450195312,0.30000001192092896,3.3230044841766357,3.6800029277801514,0.29999998211860657,visibility_direction_rejected
1786670507.7587602,7,329,2,2,1.7056638689219585,22.007408142089844,7.335905075073242,1.1000001430511475,22.820858001708984,8.780754089355469,1.5,not_evaluated_this_snapshot
1786670507.7587602,7,329,3,2,0.6554812755834328,13.917600631713867,6.426852226257324,-0.03473564237356186,13.293731689453125,6.626917839050293,-0.014315159991383553,visibility_direction_rejected
1786670507.7587602,7,329,4,2,0.1530966991750624,32.763511657714844,11.759404182434082,0.0972118005156517,32.753665924072266,11.638230323791504,0.19026316702365875,not_evaluated_this_snapshot
1786670507.7587602,7,329,5,2,0.1466690228215175,40.98398208618164,4.313149929046631,0.30000001192092896,40.839454650878906,4.288177490234375,0.29999998211860657,not_evaluated_this_snapshot
1786670507.7587602,7,329,6,2,1.9319841327827785,22.377944946289062,6.943258285522461,1.1000001430511475,22.820858001708984,8.780754089355469,1.5,not_evaluated_this_snapshot
1786670508.131009,7,328,1,2,2.4468478964210894,5.661285877227783,2.9592361450195312,0.30000001192092896,3.3230044841766357,3.6800029277801514,0.29999998211860657,visibility_direction_rejected
1786670508.131009,7,328,2,2,1.7056638689219585,22.007408142089844,7.335905075073242,1.1000001430511475,22.820858001708984,8.780754089355469,1.5,not_evaluated_this_snapshot
1786670508.131009,7,328,3,2,0.6302185607216584,13.917600631713867,6.426852226257324,-0.03473564237356186,13.310317993164062,6.594083309173584,-0.014315159991383553,visibility_direction_rejected
1786670508.131009,7,328,4,2,0.1530966991750624,32.763511657714844,11.759404182434082,0.0972118005156517,32.753665924072266,11.638230323791504,0.19026316702365875,not_evaluated_this_snapshot
1786670508.131009,7,328,5,2,0.1466690228215175,40.98398208618164,4.313149929046631,0.30000001192092896,40.839454650878906,4.288177490234375,0.29999998211860657,not_evaluated_this_snapshot
1786670508.131009,7,328,6,2,1.9319841327827785,22.377944946289062,6.943258285522461,1.1000001430511475,22.820858001708984,8.780754089355469,1.5,not_evaluated_this_snapshot
1786670508.493165,7,323,1,2,2.4468478964210894,5.661285877227783,2.9592361450195312,0.30000001192092896,3.3230044841766357,3.6800029277801514,0.29999998211860657,visibility_direction_rejected
1786670508.493165,7,323,2,2,1.7056638689219585,22.007408142089844,7.335905075073242,1.1000001430511475,22.820858001708984,8.780754089355469,1.5,not_evaluated_this_snapshot
1786670508.493165,7,323,3,2,0.6298597429522114,13.917600631713867,6.426852226257324,-0.03473564237356186,13.302430152893066,6.560536861419678,-0.014315159991383553,visibility_direction_rejected
1786670508.493165,7,323,4,2,0.1530966991750624,32.763511657714844,11.759404182434082,0.0972118005156517,32.753665924072266,11.638230323791504,0.19026316702365875,not_evaluated_this_snapshot
1786670508.493165,7,323,5,2,0.1466690228215175,40.98398208618164,4.313149929046631,0.30000001192092896,40.839454650878906,4.288177490234375,0.29999998211860657,not_evaluated_this_snapshot
1786670508.493165,7,323,6,2,1.9319841327827785,22.377944946289062,6.943258285522461,1.1000001430511475,22.820858001708984,8.780754089355469,1.5,not_evaluated_this_snapshot
1786670508.8453314,7,327,1,2,2.4468478964210894,5.661285877227783,2.9592361450195312,0.30000001192092896,3.3230044841766357,3.6800029277801514,0.29999998211860657,visibility_direction_rejected
1786670508.8453314,7,327,2,2,1.7056638689219585,22.007408142089844,7.335905075073242,1.1000001430511475,22.820858001708984,8.780754089355469,1.5,not_evaluated_this_snapshot
1786670508.8453314,7,327,3,2,0.6153077222691827,13.917600631713867,6.426852226257324,-0.03473564237356186,13.311273574829102,6.529585361480713,-0.014315159991383553,visibility_direction_rejected
1786670508.8453314,7,327,4,2,0.1530966991750624,32.763511657714844,11.759404182434082,0.0972118005156517,32.753665924072266,11.638230323791504,0.19026316702365875,not_evaluated_this_snapshot
1786670508.8453314,7,327,5,2,0.1466690228215175,40.98398208618164,4.313149929046631,0.30000001192092896,40.839454650878906,4.288177490234375,0.29999998211860657,not_evaluated_this_snapshot
1786670508.8453314,7,327,6,2,1.9319841327827785,22.377944946289062,6.943258285522461,1.1000001430511475,22.820858001708984,8.780754089355469,1.5,not_evaluated_this_snapshot
1786670509.2176862,8,328,1,2,3.7798424272741893,8.265490531921387,3.0490012168884277,-0.0063869040459394455,8.326713562011719,6.790295124053955,0.5285714268684387,not_evaluated_this_snapshot
1786670509.2176862,8,328,2,2,0.5767921812008926,7.992191791534424,6.352806091308594,0.699999988079071,8.326713562011719,6.790295124053955,0.5285714268684387,visibility_vote_pending
1786670509.2176862,8,328,3,2,1.7056638689219585,22.007408142089844,7.335905075073242,1.1000001430511475,22.820858001708984,8.780754089355469,1.5,not_evaluated_this_snapshot
1786670509.2176862,8,328,4,2,1.930459516291721,13.917600631713867,6.426852226257324,-0.03473564237356186,15.500746726989746,7.531362056732178,-0.0152312982827425,visibility_direction_rejected
1786670509.2176862,8,328,5,2,0.1530966991750624,32.763511657714844,11.759404182434082,0.0972118005156517,32.753665924072266,11.638230323791504,0.19026316702365875,not_evaluated_this_snapshot
1786670509.2176862,8,328,6,2,0.1466690228215175,40.98398208618164,4.313149929046631,0.30000001192092896,40.839454650878906,4.288177490234375,0.29999998211860657,not_evaluated_this_snapshot
1786670509.2176862,8,328,7,2,1.9319841327827785,22.377944946289062,6.943258285522461,1.1000001430511475,22.820858001708984,8.780754089355469,1.5,not_evaluated_this_snapshot
1786670509.5698624,8,327,1,2,3.7798424272741893,8.265490531921387,3.0490012168884277,-0.0063869040459394455,8.326713562011719,6.790295124053955,0.5285714268684387,not_evaluated_this_snapshot
1786670509.5698624,8,327,2,2,0.5767921812008926,7.992191791534424,6.352806091308594,0.699999988079071,8.326713562011719,6.790295124053955,0.5285714268684387,visibility_vote_pending
1786670509.5698624,8,327,3,2,1.7056638689219585,22.007408142089844,7.335905075073242,1.1000001430511475,22.820858001708984,8.780754089355469,1.5,not_evaluated_this_snapshot
1786670509.5698624,8,327,4,2,1.930459516291721,13.917600631713867,6.426852226257324,-0.03473564237356186,15.500746726989746,7.531362056732178,-0.0152312982827425,visibility_direction_rejected
1786670509.5698624,8,327,5,2,0.1530966991750624,32.763511657714844,11.759404182434082,0.0972118005156517,32.753665924072266,11.638230323791504,0.19026316702365875,not_evaluated_this_snapshot
1786670509.5698624,8,327,6,2,0.1466690228215175,40.98398208618164,4.313149929046631,0.30000001192092896,40.839454650878906,4.288177490234375,0.29999998211860657,not_evaluated_this_snapshot
1786670509.5698624,8,327,7,2,1.9319841327827785,22.377944946289062,6.943258285522461,1.1000001430511475,22.820858001708984,8.780754089355469,1.5,not_evaluated_this_snapshot
1786670509.922,8,326,1,2,3.7798424272741893,8.265490531921387,3.0490012168884277,-0.0063869040459394455,8.326713562011719,6.790295124053955,0.5285714268684387,not_evaluated_this_snapshot
1786670509.922,8,326,2,2,0.5767921812008926,7.992191791534424,6.352806091308594,0.699999988079071,8.326713562011719,6.790295124053955,0.5285714268684387,visibility_vote_pending
1786670509.922,8,326,3,2,1.7056638689219585,22.007408142089844,7.335905075073242,1.1000001430511475,22.820858001708984,8.780754089355469,1.5,not_evaluated_this_snapshot
1786670509.922,8,326,4,2,0.5338835430116413,13.917600631713867,6.426852226257324,-0.03473564237356186,14.125734329223633,6.91815185546875,-0.016386914998292923,visibility_direction_rejected
1786670509.922,8,326,5,2,0.1530966991750624,32.763511657714844,11.759404182434082,0.0972118005156517,32.753665924072266,11.638230323791504,0.19026316702365875,not_evaluated_this_snapshot
1786670509.922,8,326,6,2,0.1466690228215175,40.98398208618164,4.313149929046631,0.30000001192092896,40.839454650878906,4.288177490234375,0.29999998211860657,not_evaluated_this_snapshot
1786670509.922,8,326,7,2,1.9319841327827785,22.377944946289062,6.943258285522461,1.1000001430511475,22.820858001708984,8.780754089355469,1.5,not_evaluated_this_snapshot
1786670510.3045127,8,326,1,2,3.7798424272741893,8.265490531921387,3.0490012168884277,-0.0063869040459394455,8.326713562011719,6.790295124053955,0.5285714268684387,not_evaluated_this_snapshot
1786670510.3045127,8,326,2,2,0.5767921812008926,7.992191791534424,6.352806091308594,0.699999988079071,8.326713562011719,6.790295124053955,0.5285714268684387,visibility_vote_pending
1786670510.3045127,8,326,3,2,1.7056638689219585,22.007408142089844,7.335905075073242,1.1000001430511475,22.820858001708984,8.780754089355469,1.5,not_evaluated_this_snapshot
1786670510.3045127,8,326,4,2,0.46325482032314236,13.917600631713867,6.426852226257324,-0.03473564237356186,13.957103729248047,6.888054847717285,-0.016386914998292923,visibility_direction_rejected
1786670510.3045127,8,326,5,2,0.1530966991750624,32.763511657714844,11.759404182434082,0.0972118005156517,32.753665924072266,11.638230323791504,0.19026316702365875,not_evaluated_this_snapshot
1786670510.3045127,8,326,6,2,0.1466690228215175,40.98398208618164,4.313149929046631,0.30000001192092896,40.839454650878906,4.288177490234375,0.29999998211860657,not_evaluated_this_snapshot
1786670510.3045127,8,326,7,2,1.9319841327827785,22.377944946289062,6.943258285522461,1.1000001430511475,22.820858001708984,8.780754089355469,1.5,not_evaluated_this_snapshot
1786670511.1194637,8,333,1,2,3.7798424272741893,8.265490531921387,3.0490012168884277,-0.0063869040459394455,8.326713562011719,6.790295124053955,0.5285714268684387,not_evaluated_this_snapshot
1786670511.1194637,8,333,2,2,0.5767921812008926,7.992191791534424,6.352806091308594,0.699999988079071,8.326713562011719,6.790295124053955,0.5285714268684387,visibility_vote_pending
1786670511.1194637,8,333,3,2,1.7056638689219585,22.007408142089844,7.335905075073242,1.1000001430511475,22.820858001708984,8.780754089355469,1.5,not_evaluated_this_snapshot
1786670511.1194637,8,333,4,2,2.072179501909557,13.917600631713867,6.426852226257324,-0.03473564237356186,15.706316947937012,7.471596717834473,0.01940099522471428,not_evaluated_this_snapshot
1786670511.1194637,8,333,5,2,0.1530966991750624,32.763511657714844,11.759404182434082,0.0972118005156517,32.753665924072266,11.638230323791504,0.19026316702365875,not_evaluated_this_snapshot
1786670511.1194637,8,333,6,2,0.1466690228215175,40.98398208618164,4.313149929046631,0.30000001192092896,40.839454650878906,4.288177490234375,0.29999998211860657,not_evaluated_this_snapshot
1786670511.1194637,8,333,7,2,1.9319841327827785,22.377944946289062,6.943258285522461,1.1000001430511475,22.820858001708984,8.780754089355469,1.5,not_evaluated_this_snapshot
1786670511.5023053,8,338,1,2,3.7798424272741893,8.265490531921387,3.0490012168884277,-0.0063869040459394455,8.326713562011719,6.790295124053955,0.5285714268684387,not_evaluated_this_snapshot
1786670511.5023053,8,338,2,2,0.5767921812008926,7.992191791534424,6.352806091308594,0.699999988079071,8.326713562011719,6.790295124053955,0.5285714268684387,visibility_vote_pending
1786670511.5023053,8,338,3,2,1.7056638689219585,22.007408142089844,7.335905075073242,1.1000001430511475,22.820858001708984,8.780754089355469,1.5,not_evaluated_this_snapshot
1786670511.5023053,8,338,4,2,1.3441024044980343,13.917600631713867,6.426852226257324,-0.03473564237356186,12.584543228149414,6.255693435668945,-0.0181856881827116,not_evaluated_this_snapshot
1786670511.5023053,8,338,5,2,0.1530966991750624,32.763511657714844,11.759404182434082,0.0972118005156517,32.753665924072266,11.638230323791504,0.19026316702365875,not_evaluated_this_snapshot
1786670511.5023053,8,338,6,2,0.1466690228215175,40.98398208618164,4.313149929046631,0.30000001192092896,40.839454650878906,4.288177490234375,0.29999998211860657,not_evaluated_this_snapshot
1786670511.5023053,8,338,7,2,1.9319841327827785,22.377944946289062,6.943258285522461,1.1000001430511475,22.820858001708984,8.780754089355469,1.5,not_evaluated_this_snapshot
1786670511.8948593,8,332,1,2,3.7798424272741893,8.265490531921387,3.0490012168884277,-0.0063869040459394455,8.326713562011719,6.790295124053955,0.5285714268684387,not_evaluated_this_snapshot
1786670511.8948593,8,332,2,2,0.5767921812008926,7.992191791534424,6.352806091308594,0.699999988079071,8.326713562011719,6.790295124053955,0.5285714268684387,visibility_vote_pending
1786670511.8948593,8,332,3,2,1.7056638689219585,22.007408142089844,7.335905075073242,1.1000001430511475,22.820858001708984,8.780754089355469,1.5,not_evaluated_this_snapshot
1786670511.8948593,8,332,4,2,1.4970212534069367,13.784266471862793,5.626852512359619,-0.10000002384185791,12.414251327514648,6.224713325500488,-0.0181856881827116,not_evaluated_this_snapshot
1786670511.8948593,8,332,5,2,0.1530966991750624,32.763511657714844,11.759404182434082,0.0972118005156517,32.753665924072266,11.638230323791504,0.19026316702365875,not_evaluated_this_snapshot
1786670511.8948593,8,332,6,2,0.1466690228215175,40.98398208618164,4.313149929046631,0.30000001192092896,40.839454650878906,4.288177490234375,0.29999998211860657,not_evaluated_this_snapshot
1786670511.8948593,8,332,7,2,1.9319841327827785,22.377944946289062,6.943258285522461,1.1000001430511475,22.820858001708984,8.780754089355469,1.5,not_evaluated_this_snapshot
1786670512.2973757,9,329,1,2,3.540010968780268,8.265490531921387,3.0490012168884277,-0.0063869040459394455,8.227921485900879,6.51761531829834,0.699999988079071,not_evaluated_this_snapshot
1786670512.2973757,9,329,2,2,0.28762922331894575,7.992191791534424,6.352806091308594,0.699999988079071,8.227921485900879,6.51761531829834,0.699999988079071,visibility_vote_pending
1786670512.2973757,9,329,3,2,1.7056638689219585,22.007408142089844,7.335905075073242,1.1000001430511475,22.820858001708984,8.780754089355469,1.5,not_evaluated_this_snapshot
1786670512.2973757,9,329,4,2,0.19685451818369606,12.693933486938477,9.577876091003418,0.08886483311653137,12.68613052368164,9.75209903717041,-0.0024433271028101444,visibility_polygon_rejected
1786670512.2973757,9,329,5,2,2.072179501909557,13.917600631713867,6.426852226257324,-0.03473564237356186,15.706316947937012,7.471596717834473,0.01940099522471428,not_evaluated_this_snapshot
1786670512.2973757,9,329,6,2,0.1530966991750624,32.763511657714844,11.759404182434082,0.0972118005156517,32.753665924072266,11.638230323791504,0.19026316702365875,not_evaluated_this_snapshot
1786670512.2973757,9,329,7,2,0.1466690228215175,40.98398208618164,4.313149929046631,0.30000001192092896,40.839454650878906,4.288177490234375,0.29999998211860657,not_evaluated_this_snapshot
1786670512.2973757,9,329,8,2,1.9319841327827785,22.377944946289062,6.943258285522461,1.1000001430511475,22.820858001708984,8.780754089355469,1.5,not_evaluated_this_snapshot
1786670512.6898544,9,332,1,2,3.540010968780268,8.265490531921387,3.0490012168884277,-0.0063869040459394455,8.227921485900879,6.51761531829834,0.699999988079071,not_evaluated_this_snapshot
1786670512.6898544,9,332,2,2,0.28762922331894575,7.992191791534424,6.352806091308594,0.699999988079071,8.227921485900879,6.51761531829834,0.699999988079071,visibility_vote_pending
1786670512.6898544,9,332,3,2,1.7056638689219585,22.007408142089844,7.335905075073242,1.1000001430511475,22.820858001708984,8.780754089355469,1.5,not_evaluated_this_snapshot
1786670512.6898544,9,332,4,2,0.19685451818369606,12.693933486938477,9.577876091003418,0.08886483311653137,12.68613052368164,9.75209903717041,-0.0024433271028101444,visibility_polygon_rejected
1786670512.6898544,9,332,5,2,2.072179501909557,13.917600631713867,6.426852226257324,-0.03473564237356186,15.706316947937012,7.471596717834473,0.01940099522471428,not_evaluated_this_snapshot
1786670512.6898544,9,332,6,2,0.1530966991750624,32.763511657714844,11.759404182434082,0.0972118005156517,32.753665924072266,11.638230323791504,0.19026316702365875,not_evaluated_this_snapshot
1786670512.6898544,9,332,7,2,0.1466690228215175,40.98398208618164,4.313149929046631,0.30000001192092896,40.839454650878906,4.288177490234375,0.29999998211860657,not_evaluated_this_snapshot
1786670512.6898544,9,332,8,2,1.9319841327827785,22.377944946289062,6.943258285522461,1.1000001430511475,22.820858001708984,8.780754089355469,1.5,not_evaluated_this_snapshot
1786670513.0823016,9,335,1,2,3.540010968780268,8.265490531921387,3.0490012168884277,-0.0063869040459394455,8.227921485900879,6.51761531829834,0.699999988079071,not_evaluated_this_snapshot
1786670513.0823016,9,335,2,2,0.28762922331894575,7.992191791534424,6.352806091308594,0.699999988079071,8.227921485900879,6.51761531829834,0.699999988079071,visibility_vote_pending
1786670513.0823016,9,335,3,2,1.7056638689219585,22.007408142089844,7.335905075073242,1.1000001430511475,22.820858001708984,8.780754089355469,1.5,not_evaluated_this_snapshot
1786670513.0823016,9,335,4,2,0.19685451818369606,12.693933486938477,9.577876091003418,0.08886483311653137,12.68613052368164,9.75209903717041,-0.0024433271028101444,visibility_polygon_rejected
1786670513.0823016,9,335,5,2,2.072179501909557,13.917600631713867,6.426852226257324,-0.03473564237356186,15.706316947937012,7.471596717834473,0.01940099522471428,not_evaluated_this_snapshot
1786670513.0823016,9,335,6,2,0.1530966991750624,32.763511657714844,11.759404182434082,0.0972118005156517,32.753665924072266,11.638230323791504,0.19026316702365875,not_evaluated_this_snapshot
1786670513.0823016,9,335,7,2,0.1466690228215175,40.98398208618164,4.313149929046631,0.30000001192092896,40.839454650878906,4.288177490234375,0.29999998211860657,not_evaluated_this_snapshot
1786670513.0823016,9,335,8,2,1.9319841327827785,22.377944946289062,6.943258285522461,1.1000001430511475,22.820858001708984,8.780754089355469,1.5,not_evaluated_this_snapshot
1786670513.4849145,9,335,1,2,3.540010968780268,8.265490531921387,3.0490012168884277,-0.0063869040459394455,8.227921485900879,6.51761531829834,0.699999988079071,not_evaluated_this_snapshot
1786670513.4849145,9,335,2,2,0.28762922331894575,7.992191791534424,6.352806091308594,0.699999988079071,8.227921485900879,6.51761531829834,0.699999988079071,visibility_vote_pending
1786670513.4849145,9,335,3,2,1.7056638689219585,22.007408142089844,7.335905075073242,1.1000001430511475,22.820858001708984,8.780754089355469,1.5,not_evaluated_this_snapshot
1786670513.4849145,9,335,4,2,0.19685451818369606,12.693933486938477,9.577876091003418,0.08886483311653137,12.68613052368164,9.75209903717041,-0.0024433271028101444,visibility_polygon_rejected
1786670513.4849145,9,335,5,2,2.072179501909557,13.917600631713867,6.426852226257324,-0.03473564237356186,15.706316947937012,7.471596717834473,0.01940099522471428,not_evaluated_this_snapshot
1786670513.4849145,9,335,6,2,0.1530966991750624,32.763511657714844,11.759404182434082,0.0972118005156517,32.753665924072266,11.638230323791504,0.19026316702365875,not_evaluated_this_snapshot
1786670513.4849145,9,335,7,2,0.1466690228215175,40.98398208618164,4.313149929046631,0.30000001192092896,40.839454650878906,4.288177490234375,0.29999998211860657,not_evaluated_this_snapshot
1786670513.4849145,9,335,8,2,1.9319841327827785,22.377944946289062,6.943258285522461,1.1000001430511475,22.820858001708984,8.780754089355469,1.5,not_evaluated_this_snapshot
1786670513.8874352,8,339,1,2,2.4791207952515393,8.265490531921387,3.0490012168884277,-0.0063869040459394455,7.977697372436523,5.511318206787109,-0.020880214869976044,not_evaluated_this_snapshot
1786670513.8874352,8,339,2,2,1.7056638689219585,22.007408142089844,7.335905075073242,1.1000001430511475,22.820858001708984,8.780754089355469,1.5,not_evaluated_this_snapshot
1786670513.8874352,8,339,3,2,0.19685451818369606,12.693933486938477,9.577876091003418,0.08886483311653137,12.68613052368164,9.75209903717041,-0.0024433271028101444,visibility_polygon_rejected
1786670513.8874352,8,339,4,2,2.072179501909557,13.917600631713867,6.426852226257324,-0.03473564237356186,15.706316947937012,7.471596717834473,0.01940099522471428,not_evaluated_this_snapshot
1786670513.8874352,8,339,5,2,0.1530966991750624,32.763511657714844,11.759404182434082,0.0972118005156517,32.753665924072266,11.638230323791504,0.19026316702365875,not_evaluated_this_snapshot
1786670513.8874352,8,339,6,2,0.1466690228215175,40.98398208618164,4.313149929046631,0.30000001192092896,40.839454650878906,4.288177490234375,0.29999998211860657,not_evaluated_this_snapshot
1786670513.8874352,8,339,7,2,1.9319841327827785,22.377944946289062,6.943258285522461,1.1000001430511475,22.820858001708984,8.780754089355469,1.5,not_evaluated_this_snapshot
1786670514.2900186,9,340,1,2,2.379829740450713,8.265490531921387,3.0490012168884277,-0.0063869040459394455,7.973823070526123,5.410845756530762,-0.020880214869976044,not_evaluated_this_snapshot
1786670514.2900186,9,340,2,2,1.7056638689219585,22.007408142089844,7.335905075073242,1.1000001430511475,22.820858001708984,8.780754089355469,1.5,not_evaluated_this_snapshot
1786670514.2900186,9,340,3,2,0.19685451818369606,12.693933486938477,9.577876091003418,0.08886483311653137,12.68613052368164,9.75209903717041,-0.0024433271028101444,visibility_polygon_rejected
1786670514.2900186,9,340,4,2,2.072179501909557,13.917600631713867,6.426852226257324,-0.03473564237356186,15.706316947937012,7.471596717834473,0.01940099522471428,not_evaluated_this_snapshot
1786670514.2900186,9,340,5,2,0.1530966991750624,32.763511657714844,11.759404182434082,0.0972118005156517,32.753665924072266,11.638230323791504,0.19026316702365875,not_evaluated_this_snapshot
1786670514.2900186,9,340,6,2,0.1466690228215175,40.98398208618164,4.313149929046631,0.30000001192092896,40.839454650878906,4.288177490234375,0.29999998211860657,not_evaluated_this_snapshot
1786670514.2900186,9,340,7,2,1.9319841327827785,22.377944946289062,6.943258285522461,1.1000001430511475,22.820858001708984,8.780754089355469,1.5,not_evaluated_this_snapshot
1786670514.2900186,9,340,8,1,1.1983338904213543,-10.296717643737793,25.443706512451172,-0.02129504270851612,-11.390739440917969,25.92812728881836,-0.08805529773235321,not_evaluated_this_snapshot
1786670514.68251,9,343,1,2,2.296618335596598,8.265490531921387,3.0490012168884277,-0.0063869040459394455,8.000544548034668,5.330239772796631,-0.020880214869976044,not_evaluated_this_snapshot
1786670514.68251,9,343,2,2,1.7056638689219585,22.007408142089844,7.335905075073242,1.1000001430511475,22.820858001708984,8.780754089355469,1.5,not_evaluated_this_snapshot
1786670514.68251,9,343,3,2,0.19685451818369606,12.693933486938477,9.577876091003418,0.08886483311653137,12.68613052368164,9.75209903717041,-0.0024433271028101444,visibility_polygon_rejected
1786670514.68251,9,343,4,2,2.072179501909557,13.917600631713867,6.426852226257324,-0.03473564237356186,15.706316947937012,7.471596717834473,0.01940099522471428,not_evaluated_this_snapshot
1786670514.68251,9,343,5,2,0.1530966991750624,32.763511657714844,11.759404182434082,0.0972118005156517,32.753665924072266,11.638230323791504,0.19026316702365875,not_evaluated_this_snapshot
1786670514.68251,9,343,6,2,0.1466690228215175,40.98398208618164,4.313149929046631,0.30000001192092896,40.839454650878906,4.288177490234375,0.29999998211860657,not_evaluated_this_snapshot
1786670514.68251,9,343,7,2,1.9319841327827785,22.377944946289062,6.943258285522461,1.1000001430511475,22.820858001708984,8.780754089355469,1.5,not_evaluated_this_snapshot
1786670514.68251,9,343,8,1,0.8634988143197452,-10.612677574157715,25.30236053466797,-0.0216231606900692,-11.466121673583984,25.19690704345703,-0.10000002384185791,not_evaluated_this_snapshot
1786670515.084974,9,352,1,2,1.9600941497358888,8.265490531921387,3.0490012168884277,-0.0063869040459394455,8.04997730255127,4.997148513793945,-0.022046832367777824,not_evaluated_this_snapshot
1786670515.084974,9,352,2,2,1.7056638689219585,22.007408142089844,7.335905075073242,1.1000001430511475,22.820858001708984,8.780754089355469,1.5,not_evaluated_this_snapshot
1786670515.084974,9,352,3,2,0.19685451818369606,12.693933486938477,9.577876091003418,0.08886483311653137,12.68613052368164,9.75209903717041,-0.0024433271028101444,visibility_polygon_rejected
1786670515.084974,9,352,4,2,2.072179501909557,13.917600631713867,6.426852226257324,-0.03473564237356186,15.706316947937012,7.471596717834473,0.01940099522471428,not_evaluated_this_snapshot
1786670515.084974,9,352,5,2,0.1530966991750624,32.763511657714844,11.759404182434082,0.0972118005156517,32.753665924072266,11.638230323791504,0.19026316702365875,not_evaluated_this_snapshot
1786670515.084974,9,352,6,2,0.1466690228215175,40.98398208618164,4.313149929046631,0.30000001192092896,40.839454650878906,4.288177490234375,0.29999998211860657,not_evaluated_this_snapshot
1786670515.084974,9,352,7,2,1.9319841327827785,22.377944946289062,6.943258285522461,1.1000001430511475,22.820858001708984,8.780754089355469,1.5,not_evaluated_this_snapshot
1786670515.084974,9,352,8,1,0.4589978430510638,-11.016690254211426,25.130481719970703,-0.022046832367777824,-11.453763961791992,25.246967315673828,-0.10000002384185791,not_evaluated_this_snapshot
1786670515.467269,9,350,1,2,1.809278368388439,8.265490531921387,3.0490012168884277,-0.0063869040459394455,8.196394920349121,4.856889724731445,-0.02229771763086319,not_evaluated_this_snapshot
1786670515.467269,9,350,2,2,1.7056638689219585,22.007408142089844,7.335905075073242,1.1000001430511475,22.820858001708984,8.780754089355469,1.5,not_evaluated_this_snapshot
1786670515.467269,9,350,3,2,0.19685451818369606,12.693933486938477,9.577876091003418,0.08886483311653137,12.68613052368164,9.75209903717041,-0.0024433271028101444,visibility_polygon_rejected
1786670515.467269,9,350,4,2,2.072179501909557,13.917600631713867,6.426852226257324,-0.03473564237356186,15.706316947937012,7.471596717834473,0.01940099522471428,not_evaluated_this_snapshot
1786670515.467269,9,350,5,2,0.1530966991750624,32.763511657714844,11.759404182434082,0.0972118005156517,32.753665924072266,11.638230323791504,0.19026316702365875,not_evaluated_this_snapshot
1786670515.467269,9,350,6,2,0.1466690228215175,40.98398208618164,4.313149929046631,0.30000001192092896,40.839454650878906,4.288177490234375,0.29999998211860657,not_evaluated_this_snapshot
1786670515.467269,9,350,7,2,1.9319841327827785,22.377944946289062,6.943258285522461,1.1000001430511475,22.820858001708984,8.780754089355469,1.5,not_evaluated_this_snapshot
1786670515.467269,9,350,8,1,0.30745102483518333,-11.270272254943848,24.990222930908203,-0.02229771763086319,-11.417065620422363,25.248950958251953,-0.10000002384185791,not_evaluated_this_snapshot
1786670515.8496628,9,347,1,2,1.7608106246877648,8.265490531921387,3.0490012168884277,-0.0063869040459394455,8.708937644958496,4.752838134765625,-0.03374510630965233,not_evaluated_this_snapshot
1786670515.8496628,9,347,2,2,1.7056638689219585,22.007408142089844,7.335905075073242,1.1000001430511475,22.820858001708984,8.780754089355469,1.5,not_evaluated_this_snapshot
1786670515.8496628,9,347,3,2,0.19685451818369606,12.693933486938477,9.577876091003418,0.08886483311653137,12.68613052368164,9.75209903717041,-0.0024433271028101444,not_evaluated_this_snapshot
1786670515.8496628,9,347,4,2,2.072179501909557,13.917600631713867,6.426852226257324,-0.03473564237356186,15.706316947937012,7.471596717834473,0.01940099522471428,not_evaluated_this_snapshot
1786670515.8496628,9,347,5,2,0.1530966991750624,32.763511657714844,11.759404182434082,0.0972118005156517,32.753665924072266,11.638230323791504,0.19026316702365875,not_evaluated_this_snapshot
1786670515.8496628,9,347,6,2,0.1466690228215175,40.98398208618164,4.313149929046631,0.30000001192092896,40.839454650878906,4.288177490234375,0.29999998211860657,not_evaluated_this_snapshot
1786670515.8496628,9,347,7,2,1.9319841327827785,22.377944946289062,6.943258285522461,1.1000001430511475,22.820858001708984,8.780754089355469,1.5,not_evaluated_this_snapshot
1786670515.8496628,9,347,8,1,0.3530874054540113,-11.424395561218262,24.886171340942383,-0.03374510630965233,-11.418286323547363,25.232933044433594,-0.10000002384185791,not_evaluated_this_snapshot
1786670516.2823305,9,358,1,2,1.7456193293887312,8.265490531921387,3.0490012168884277,-0.0063869040459394455,8.041231155395508,4.779994964599609,-0.02995002269744873,not_evaluated_this_snapshot
1786670516.2823305,9,358,2,2,1.7056638689219585,22.007408142089844,7.335905075073242,1.1000001430511475,22.820858001708984,8.780754089355469,1.5,not_evaluated_this_snapshot
1786670516.2823305,9,358,3,2,0.19685451818369606,12.693933486938477,9.577876091003418,0.08886483311653137,12.68613052368164,9.75209903717041,-0.0024433271028101444,not_evaluated_this_snapshot
1786670516.2823305,9,358,4,2,2.072179501909557,13.917600631713867,6.426852226257324,-0.03473564237356186,15.706316947937012,7.471596717834473,0.01940099522471428,not_evaluated_this_snapshot
1786670516.2823305,9,358,5,2,0.1530966991750624,32.763511657714844,11.759404182434082,0.0972118005156517,32.753665924072266,11.638230323791504,0.19026316702365875,not_evaluated_this_snapshot
1786670516.2823305,9,358,6,2,0.1466690228215175,40.98398208618164,4.313149929046631,0.30000001192092896,40.839454650878906,4.288177490234375,0.29999998211860657,not_evaluated_this_snapshot
1786670516.2823305,9,358,7,2,1.9319841327827785,22.377944946289062,6.943258285522461,1.1000001430511475,22.820858001708984,8.780754089355469,1.5,not_evaluated_this_snapshot
1786670516.2823305,9,358,8,1,0.3198670105258004,-11.425436019897461,24.913328170776367,-0.02995002269744873,-11.41930866241455,25.225370407104492,-0.10000002384185791,not_evaluated_this_snapshot
1786670516.674714,9,354,1,2,1.7532184630191097,8.265490531921387,3.0490012168884277,-0.0063869040459394455,8.04026985168457,4.787533760070801,-0.02995002269744873,not_evaluated_this_snapshot
1786670516.674714,9,354,2,2,1.7056638689219585,22.007408142089844,7.335905075073242,1.1000001430511475,22.820858001708984,8.780754089355469,1.5,not_evaluated_this_snapshot
1786670516.674714,9,354,3,2,0.19685451818369606,12.693933486938477,9.577876091003418,0.08886483311653137,12.68613052368164,9.75209903717041,-0.0024433271028101444,not_evaluated_this_snapshot
1786670516.674714,9,354,4,2,2.072179501909557,13.917600631713867,6.426852226257324,-0.03473564237356186,15.706316947937012,7.471596717834473,0.01940099522471428,not_evaluated_this_snapshot
1786670516.674714,9,354,5,2,0.1530966991750624,32.763511657714844,11.759404182434082,0.0972118005156517,32.753665924072266,11.638230323791504,0.19026316702365875,not_evaluated_this_snapshot
1786670516.674714,9,354,6,2,0.1466690228215175,40.98398208618164,4.313149929046631,0.30000001192092896,40.839454650878906,4.288177490234375,0.29999998211860657,not_evaluated_this_snapshot
1786670516.674714,9,354,7,2,1.9319841327827785,22.377944946289062,6.943258285522461,1.1000001430511475,22.820858001708984,8.780754089355469,1.5,not_evaluated_this_snapshot
1786670516.674714,9,354,8,1,1.544423673496271,-11.427358627319336,24.92840576171875,-0.02995942160487175,-12.935111999511719,25.262348175048828,-0.050126634538173676,not_evaluated_this_snapshot
1786670517.057014,9,350,1,2,1.7354868871072624,8.265490531921387,3.0490012168884277,-0.0063869040459394455,8.002649307250977,4.764307022094727,-0.02995002269744873,not_evaluated_this_snapshot
1786670517.057014,9,350,2,2,1.7056638689219585,22.007408142089844,7.335905075073242,1.1000001430511475,22.820858001708984,8.780754089355469,1.5,not_evaluated_this_snapshot
1786670517.057014,9,350,3,2,0.19685451818369606,12.693933486938477,9.577876091003418,0.08886483311653137,12.68613052368164,9.75209903717041,-0.0024433271028101444,not_evaluated_this_snapshot
1786670517.057014,9,350,4,2,2.072179501909557,13.917600631713867,6.426852226257324,-0.03473564237356186,15.706316947937012,7.471596717834473,0.01940099522471428,not_evaluated_this_snapshot
1786670517.057014,9,350,5,2,0.1530966991750624,32.763511657714844,11.759404182434082,0.0972118005156517,32.753665924072266,11.638230323791504,0.19026316702365875,not_evaluated_this_snapshot
1786670517.057014,9,350,6,2,0.1466690228215175,40.98398208618164,4.313149929046631,0.30000001192092896,40.839454650878906,4.288177490234375,0.29999998211860657,not_evaluated_this_snapshot
1786670517.057014,9,350,7,2,1.9319841327827785,22.377944946289062,6.943258285522461,1.1000001430511475,22.820858001708984,8.780754089355469,1.5,not_evaluated_this_snapshot
1786670517.057014,9,350,8,1,0.3991148527379318,-11.53925895690918,24.851186752319336,-0.030063016340136528,-11.41930866241455,25.225370407104492,-0.10000002384185791,not_evaluated_this_snapshot
1786670517.851774,9,349,1,2,1.6269505069194923,8.265490531921387,3.0490012168884277,-0.0063869040459394455,8.027661323547363,4.658302307128906,-0.02995002269744873,not_evaluated_this_snapshot
1786670517.851774,9,349,2,2,1.7056638689219585,22.007408142089844,7.335905075073242,1.1000001430511475,22.820858001708984,8.780754089355469,1.5,not_evaluated_this_snapshot
1786670517.851774,9,349,3,2,0.19685451818369606,12.693933486938477,9.577876091003418,0.08886483311653137,12.68613052368164,9.75209903717041,-0.0024433271028101444,not_evaluated_this_snapshot
1786670517.851774,9,349,4,2,2.072179501909557,13.917600631713867,6.426852226257324,-0.03473564237356186,15.706316947937012,7.471596717834473,0.01940099522471428,not_evaluated_this_snapshot
1786670517.851774,9,349,5,2,0.1530966991750624,32.763511657714844,11.759404182434082,0.0972118005156517,32.753665924072266,11.638230323791504,0.19026316702365875,not_evaluated_this_snapshot
1786670517.851774,9,349,6,2,0.1466690228215175,40.98398208618164,4.313149929046631,0.30000001192092896,40.839454650878906,4.288177490234375,0.29999998211860657,not_evaluated_this_snapshot
1786670517.851774,9,349,7,2,1.9319841327827785,22.377944946289062,6.943258285522461,1.1000001430511475,22.820858001708984,8.780754089355469,1.5,not_evaluated_this_snapshot
1786670517.851774,9,349,8,1,0.8656294719800309,-11.927214622497559,24.527873992919922,-0.0303963553160429,-11.41930866241455,25.225370407104492,-0.10000002384185791,not_evaluated_this_snapshot
1786670518.254246,9,355,1,2,1.234182962794984,8.265490531921387,3.0490012168884277,-0.0063869040459394455,7.958099365234375,4.244045257568359,-0.03063555620610714,not_evaluated_this_snapshot
1786670518.254246,9,355,2,2,1.7056638689219585,22.007408142089844,7.335905075073242,1.1000001430511475,22.820858001708984,8.780754089355469,1.5,not_evaluated_this_snapshot
1786670518.254246,9,355,3,2,0.19685451818369606,12.693933486938477,9.577876091003418,0.08886483311653137,12.68613052368164,9.75209903717041,-0.0024433271028101444,not_evaluated_this_snapshot
1786670518.254246,9,355,4,2,2.072179501909557,13.917600631713867,6.426852226257324,-0.03473564237356186,15.706316947937012,7.471596717834473,0.01940099522471428,not_evaluated_this_snapshot
1786670518.254246,9,355,5,2,0.1530966991750624,32.763511657714844,11.759404182434082,0.0972118005156517,32.753665924072266,11.638230323791504,0.19026316702365875,not_evaluated_this_snapshot
1786670518.254246,9,355,6,2,0.1466690228215175,40.98398208618164,4.313149929046631,0.30000001192092896,40.839454650878906,4.288177490234375,0.29999998211860657,not_evaluated_this_snapshot
1786670518.254246,9,355,7,2,1.9319841327827785,22.377944946289062,6.943258285522461,1.1000001430511475,22.820858001708984,8.780754089355469,1.5,not_evaluated_this_snapshot
1786670518.254246,9,355,8,1,1.1381232977604558,-12.175233840942383,24.377378463745117,-0.03063555620610714,-11.41930866241455,25.225370407104492,-0.10000002384185791,not_evaluated_this_snapshot
1786670518.6466494,9,352,1,2,2.4154537460740695,5.661285877227783,2.9592361450195312,0.30000001192092896,3.905524730682373,4.612627983093262,0.4342200756072998,visibility_direction_rejected
1786670518.6466494,9,352,2,2,1.7056638689219585,22.007408142089844,7.335905075073242,1.1000001430511475,22.820858001708984,8.780754089355469,1.5,not_evaluated_this_snapshot
1786670518.6466494,9,352,3,2,0.19685451818369606,12.693933486938477,9.577876091003418,0.08886483311653137,12.68613052368164,9.75209903717041,-0.0024433271028101444,not_evaluated_this_snapshot
1786670518.6466494,9,352,4,2,2.072179501909557,13.917600631713867,6.426852226257324,-0.03473564237356186,15.706316947937012,7.471596717834473,0.01940099522471428,not_evaluated_this_snapshot
1786670518.6466494,9,352,5,2,0.1530966991750624,32.763511657714844,11.759404182434082,0.0972118005156517,32.753665924072266,11.638230323791504,0.19026316702365875,not_evaluated_this_snapshot
1786670518.6466494,9,352,6,2,0.1466690228215175,40.98398208618164,4.313149929046631,0.30000001192092896,40.839454650878906,4.288177490234375,0.29999998211860657,not_evaluated_this_snapshot
1786670518.6466494,9,352,7,2,1.9319841327827785,22.377944946289062,6.943258285522461,1.1000001430511475,22.820858001708984,8.780754089355469,1.5,not_evaluated_this_snapshot
1786670518.6466494,9,352,8,1,1.20829829771307,-12.494302749633789,24.13749122619629,-0.03092178888618946,-12.935111999511719,25.262348175048828,-0.050126634538173676,not_evaluated_this_snapshot
1786670519.0490592,9,363,1,2,1.199433681237508,8.265490531921387,3.0490012168884277,-0.0063869040459394455,7.31682014465332,3.7159290313720703,0.30000001192092896,not_evaluated_this_snapshot
1786670519.0490592,9,363,2,2,1.7056638689219585,22.007408142089844,7.335905075073242,1.1000001430511475,22.820858001708984,8.780754089355469,1.5,not_evaluated_this_snapshot
1786670519.0490592,9,363,3,2,0.19685451818369606,12.693933486938477,9.577876091003418,0.08886483311653137,12.68613052368164,9.75209903717041,-0.0024433271028101444,not_evaluated_this_snapshot
1786670519.0490592,9,363,4,2,2.072179501909557,13.917600631713867,6.426852226257324,-0.03473564237356186,15.706316947937012,7.471596717834473,0.01940099522471428,not_evaluated_this_snapshot
1786670519.0490592,9,363,5,2,0.1530966991750624,32.763511657714844,11.759404182434082,0.0972118005156517,32.753665924072266,11.638230323791504,0.19026316702365875,not_evaluated_this_snapshot
1786670519.0490592,9,363,6,2,0.1466690228215175,40.98398208618164,4.313149929046631,0.30000001192092896,40.839454650878906,4.288177490234375,0.29999998211860657,not_evaluated_this_snapshot
1786670519.0490592,9,363,7,2,1.9319841327827785,22.377944946289062,6.943258285522461,1.1000001430511475,22.820858001708984,8.780754089355469,1.5,not_evaluated_this_snapshot
1786670519.0490592,9,363,8,1,1.4181805915897503,-12.816513061523438,23.849262237548828,-0.031189488247036934,-12.935111999511719,25.262348175048828,-0.050126634538173676,not_evaluated_this_snapshot
1786670519.4616647,9,361,1,2,1.2510081334939283,8.265490531921387,3.0490012168884277,-0.0063869040459394455,7.090702056884766,3.4782676696777344,-0.031360920518636703,not_evaluated_this_snapshot
1786670519.4616647,9,361,2,2,1.7056638689219585,22.007408142089844,7.335905075073242,1.1000001430511475,22.820858001708984,8.780754089355469,1.5,not_evaluated_this_snapshot
1786670519.4616647,9,361,3,2,0.19685451818369606,12.693933486938477,9.577876091003418,0.08886483311653137,12.68613052368164,9.75209903717041,-0.0024433271028101444,not_evaluated_this_snapshot
1786670519.4616647,9,361,4,2,2.072179501909557,13.917600631713867,6.426852226257324,-0.03473564237356186,15.706316947937012,7.471596717834473,0.01940099522471428,not_evaluated_this_snapshot
1786670519.4616647,9,361,5,2,0.1530966991750624,32.763511657714844,11.759404182434082,0.0972118005156517,32.753665924072266,11.638230323791504,0.19026316702365875,not_evaluated_this_snapshot
1786670519.4616647,9,361,6,2,0.1466690228215175,40.98398208618164,4.313149929046631,0.30000001192092896,40.839454650878906,4.288177490234375,0.29999998211860657,not_evaluated_this_snapshot
1786670519.4616647,9,361,7,2,1.9319841327827785,22.377944946289062,6.943258285522461,1.1000001430511475,22.820858001708984,8.780754089355469,1.5,not_evaluated_this_snapshot
1786670519.4616647,9,361,8,1,0.6833256461411257,-13.042631149291992,23.611600875854492,-0.031360920518636703,-13.709298133850098,23.478267669677734,-0.10000002384185791,not_evaluated_this_snapshot
1786670519.8643413,9,363,1,2,1.2243438281185222,5.661285877227783,2.9592361450195312,0.30000001192092896,6.78864860534668,3.2201404571533203,-0.10000002384185791,visibility_direction_rejected
1786670519.8643413,9,363,2,2,1.7056638689219585,22.007408142089844,7.335905075073242,1.1000001430511475,22.820858001708984,8.780754089355469,1.5,not_evaluated_this_snapshot
1786670519.8643413,9,363,3,2,0.19685451818369606,12.693933486938477,9.577876091003418,0.08886483311653137,12.68613052368164,9.75209903717041,-0.0024433271028101444,not_evaluated_this_snapshot
1786670519.8643413,9,363,4,2,2.072179501909557,13.917600631713867,6.426852226257324,-0.03473564237356186,15.706316947937012,7.471596717834473,0.01940099522471428,not_evaluated_this_snapshot
1786670519.8643413,9,363,5,2,0.1530966991750624,32.763511657714844,11.759404182434082,0.0972118005156517,32.753665924072266,11.638230323791504,0.19026316702365875,not_evaluated_this_snapshot
1786670519.8643413,9,363,6,2,0.1466690228215175,40.98398208618164,4.313149929046631,0.30000001192092896,40.839454650878906,4.288177490234375,0.29999998211860657,not_evaluated_this_snapshot
1786670519.8643413,9,363,7,2,1.9319841327827785,22.377944946289062,6.943258285522461,1.1000001430511475,22.820858001708984,8.780754089355469,1.5,not_evaluated_this_snapshot
1786670519.8643413,9,363,8,1,0.3776437194391892,-13.344684600830078,23.353473663330078,-0.03161747753620148,-13.660324096679688,23.549203872680664,-0.10000002384185791,not_evaluated_this_snapshot
1786670520.2568734,9,363,1,2,1.0204894778056144,5.661285877227783,2.9592361450195312,0.30000001192092896,6.543673515319824,3.27984619140625,-0.10000002384185791,visibility_direction_rejected
1786670520.2568734,9,363,2,2,1.7056638689219585,22.007408142089844,7.335905075073242,1.1000001430511475,22.820858001708984,8.780754089355469,1.5,not_evaluated_this_snapshot
1786670520.2568734,9,363,3,2,0.19685451818369606,12.693933486938477,9.577876091003418,0.08886483311653137,12.68613052368164,9.75209903717041,-0.0024433271028101444,not_evaluated_this_snapshot
1786670520.2568734,9,363,4,2,2.072179501909557,13.917600631713867,6.426852226257324,-0.03473564237356186,15.706316947937012,7.471596717834473,0.01940099522471428,not_evaluated_this_snapshot
1786670520.2568734,9,363,5,2,0.1530966991750624,32.763511657714844,11.759404182434082,0.0972118005156517,32.753665924072266,11.638230323791504,0.19026316702365875,not_evaluated_this_snapshot
1786670520.2568734,9,363,6,2,0.1466690228215175,40.98398208618164,4.313149929046631,0.30000001192092896,40.839454650878906,4.288177490234375,0.29999998211860657,not_evaluated_this_snapshot
1786670520.2568734,9,363,7,2,1.9319841327827785,22.377944946289062,6.943258285522461,1.1000001430511475,22.820858001708984,8.780754089355469,1.5,not_evaluated_this_snapshot
1786670520.2568734,9,363,8,1,1.194516283304089,-13.589659690856934,23.146512985229492,-0.03182666376233101,-14.656326293945312,22.61318016052246,-0.10000002384185791,not_evaluated_this_snapshot
1786670520.6693673,8,363,1,2,2.233510610395501,5.661285877227783,2.9592361450195312,0.30000001192092896,3.5065131187438965,3.547049045562744,0.30000001192092896,visibility_direction_rejected
1786670520.6693673,8,363,2,2,1.7056638689219585,22.007408142089844,7.335905075073242,1.1000001430511475,22.820858001708984,8.780754089355469,1.5,not_evaluated_this_snapshot
1786670520.6693673,8,363,3,2,0.19685451818369606,12.693933486938477,9.577876091003418,0.08886483311653137,12.68613052368164,9.75209903717041,-0.0024433271028101444,not_evaluated_this_snapshot
1786670520.6693673,8,363,4,2,2.072179501909557,13.917600631713867,6.426852226257324,-0.03473564237356186,15.706316947937012,7.471596717834473,0.01940099522471428,not_evaluated_this_snapshot
1786670520.6693673,8,363,5,2,0.1530966991750624,32.763511657714844,11.759404182434082,0.0972118005156517,32.753665924072266,11.638230323791504,0.19026316702365875,not_evaluated_this_snapshot
1786670520.6693673,8,363,6,2,0.1466690228215175,40.98398208618164,4.313149929046631,0.30000001192092896,40.839454650878906,4.288177490234375,0.29999998211860657,not_evaluated_this_snapshot
1786670520.6693673,8,363,7,2,1.9319841327827785,22.377944946289062,6.943258285522461,1.1000001430511475,22.820858001708984,8.780754089355469,1.5,not_evaluated_this_snapshot
1786670521.0920625,9,367,1,2,2.4125933250257154,5.661285877227783,2.9592361450195312,0.30000001192092896,3.36551570892334,3.583772659301758,-0.10000002384185791,visibility_direction_rejected
1786670521.0920625,9,367,2,2,1.7056638689219585,22.007408142089844,7.335905075073242,1.1000001430511475,22.820858001708984,8.780754089355469,1.5,not_evaluated_this_snapshot
1786670521.0920625,9,367,3,2,0.19685451818369606,12.693933486938477,9.577876091003418,0.08886483311653137,12.68613052368164,9.75209903717041,-0.0024433271028101444,not_evaluated_this_snapshot
1786670521.0920625,9,367,4,2,2.072179501909557,13.917600631713867,6.426852226257324,-0.03473564237356186,15.706316947937012,7.471596717834473,0.01940099522471428,not_evaluated_this_snapshot
1786670521.0920625,9,367,5,2,0.1530966991750624,32.763511657714844,11.759404182434082,0.0972118005156517,32.753665924072266,11.638230323791504,0.19026316702365875,not_evaluated_this_snapshot
1786670521.0920625,9,367,6,2,0.1466690228215175,40.98398208618164,4.313149929046631,0.30000001192092896,40.839454650878906,4.288177490234375,0.29999998211860657,not_evaluated_this_snapshot
1786670521.0920625,9,367,7,2,1.9319841327827785,22.377944946289062,6.943258285522461,1.1000001430511475,22.820858001708984,8.780754089355469,1.5,not_evaluated_this_snapshot
1786670521.0920625,9,367,8,1,1.0770949530527008,-14.234484672546387,22.517105102539062,-0.0323379822075367,-15.301151275634766,22.383771896362305,-0.10000002384185791,not_evaluated_this_snapshot
1786670521.4745216,9,361,1,2,2.2602049886271725,5.661285877227783,2.9592361450195312,0.30000001192092896,3.5380592346191406,3.7341136932373047,0.30000001192092896,visibility_direction_rejected
1786670521.4745216,9,361,2,2,1.7056638689219585,22.007408142089844,7.335905075073242,1.1000001430511475,22.820858001708984,8.780754089355469,1.5,not_evaluated_this_snapshot
1786670521.4745216,9,361,3,2,0.19685451818369606,12.693933486938477,9.577876091003418,0.08886483311653137,12.68613052368164,9.75209903717041,-0.0024433271028101444,not_evaluated_this_snapshot
1786670521.4745216,9,361,4,2,2.072179501909557,13.917600631713867,6.426852226257324,-0.03473564237356186,15.706316947937012,7.471596717834473,0.01940099522471428,not_evaluated_this_snapshot
1786670521.4745216,9,361,5,2,0.1530966991750624,32.763511657714844,11.759404182434082,0.0972118005156517,32.753665924072266,11.638230323791504,0.19026316702365875,not_evaluated_this_snapshot
1786670521.4745216,9,361,6,2,0.1466690228215175,40.98398208618164,4.313149929046631,0.30000001192092896,40.839454650878906,4.288177490234375,0.29999998211860657,not_evaluated_this_snapshot
1786670521.4745216,9,361,7,2,1.9319841327827785,22.377944946289062,6.943258285522461,1.1000001430511475,22.820858001708984,8.780754089355469,1.5,not_evaluated_this_snapshot
1786670521.4745216,9,361,8,1,0.7211874606347991,-14.46194076538086,22.26744842529297,-0.03250550851225853,-15.128607749938965,22.534114837646484,-0.10000002384185791,not_evaluated_this_snapshot
1786670521.8770764,9,364,1,2,2.58819887967668,5.661285877227783,2.9592361450195312,0.30000001192092896,3.21832275390625,3.8140487670898438,0.30000001192092896,visibility_direction_rejected
1786670521.8770764,9,364,2,2,1.7056638689219585,22.007408142089844,7.335905075073242,1.1000001430511475,22.820858001708984,8.780754089355469,1.5,not_evaluated_this_snapshot
1786670521.8770764,9,364,3,2,0.19685451818369606,12.693933486938477,9.577876091003418,0.08886483311653137,12.68613052368164,9.75209903717041,-0.0024433271028101444,not_evaluated_this_snapshot
1786670521.8770764,9,364,4,2,2.072179501909557,13.917600631713867,6.426852226257324,-0.03473564237356186,15.706316947937012,7.471596717834473,0.01940099522471428,not_evaluated_this_snapshot
1786670521.8770764,9,364,5,2,0.1530966991750624,32.763511657714844,11.759404182434082,0.0972118005156517,32.753665924072266,11.638230323791504,0.19026316702365875,not_evaluated_this_snapshot
1786670521.8770764,9,364,6,2,0.1466690228215175,40.98398208618164,4.313149929046631,0.30000001192092896,40.839454650878906,4.288177490234375,0.29999998211860657,not_evaluated_this_snapshot
1786670521.8770764,9,364,7,2,1.9319841327827785,22.377944946289062,6.943258285522461,1.1000001430511475,22.820858001708984,8.780754089355469,1.5,not_evaluated_this_snapshot
1786670521.8770764,9,364,8,1,1.259661221229414,-14.78167724609375,21.9473819732666,-0.03275534138083458,-15.448344230651855,23.014049530029297,-0.10000002384185791,not_evaluated_this_snapshot
1786670522.2895901,8,359,1,2,2.3794868147543795,5.661285877227783,2.9592361450195312,0.30000001192092896,3.395758628845215,3.5669727325439453,-0.10000002384185791,visibility_direction_rejected
1786670522.2895901,8,359,2,2,1.7056638689219585,22.007408142089844,7.335905075073242,1.1000001430511475,22.820858001708984,8.780754089355469,1.5,not_evaluated_this_snapshot
1786670522.2895901,8,359,3,2,0.19685451818369606,12.693933486938477,9.577876091003418,0.08886483311653137,12.68613052368164,9.75209903717041,-0.0024433271028101444,not_evaluated_this_snapshot
1786670522.2895901,8,359,4,2,2.072179501909557,13.917600631713867,6.426852226257324,-0.03473564237356186,15.706316947937012,7.471596717834473,0.01940099522471428,not_evaluated_this_snapshot
1786670522.2895901,8,359,5,2,0.1530966991750624,32.763511657714844,11.759404182434082,0.0972118005156517,32.753665924072266,11.638230323791504,0.19026316702365875,not_evaluated_this_snapshot
1786670522.2895901,8,359,6,2,0.1466690228215175,40.98398208618164,4.313149929046631,0.30000001192092896,40.839454650878906,4.288177490234375,0.29999998211860657,not_evaluated_this_snapshot
1786670522.2895901,8,359,7,2,1.9319841327827785,22.377944946289062,6.943258285522461,1.1000001430511475,22.820858001708984,8.780754089355469,1.5,not_evaluated_this_snapshot
1786670522.6821282,8,360,1,2,2.2318021080509762,5.661285877227783,2.9592361450195312,0.30000001192092896,3.524982452392578,3.6051063537597656,0.30000001192092896,visibility_direction_rejected
1786670522.6821282,8,360,2,2,1.7056638689219585,22.007408142089844,7.335905075073242,1.1000001430511475,22.820858001708984,8.780754089355469,1.5,not_evaluated_this_snapshot
1786670522.6821282,8,360,3,2,0.19685451818369606,12.693933486938477,9.577876091003418,0.08886483311653137,12.68613052368164,9.75209903717041,-0.0024433271028101444,not_evaluated_this_snapshot
1786670522.6821282,8,360,4,2,2.072179501909557,13.917600631713867,6.426852226257324,-0.03473564237356186,15.706316947937012,7.471596717834473,0.01940099522471428,not_evaluated_this_snapshot
1786670522.6821282,8,360,5,2,0.1530966991750624,32.763511657714844,11.759404182434082,0.0972118005156517,32.753665924072266,11.638230323791504,0.19026316702365875,not_evaluated_this_snapshot
1786670522.6821282,8,360,6,2,0.1466690228215175,40.98398208618164,4.313149929046631,0.30000001192092896,40.839454650878906,4.288177490234375,0.29999998211860657,not_evaluated_this_snapshot
1786670522.6821282,8,360,7,2,1.9319841327827785,22.377944946289062,6.943258285522461,1.1000001430511475,22.820858001708984,8.780754089355469,1.5,not_evaluated_this_snapshot
1786670523.0645306,9,359,1,2,2.340503036144479,5.661285877227783,2.9592361450195312,0.30000001192092896,3.4279589653015137,3.6593828201293945,0.30000001192092896,visibility_direction_rejected
1786670523.0645306,9,359,2,2,1.7056638689219585,22.007408142089844,7.335905075073242,1.1000001430511475,22.820858001708984,8.780754089355469,1.5,not_evaluated_this_snapshot
1786670523.0645306,9,359,3,2,0.19685451818369606,12.693933486938477,9.577876091003418,0.08886483311653137,12.68613052368164,9.75209903717041,-0.0024433271028101444,not_evaluated_this_snapshot
1786670523.0645306,9,359,4,2,2.072179501909557,13.917600631713867,6.426852226257324,-0.03473564237356186,15.706316947937012,7.471596717834473,0.01940099522471428,not_evaluated_this_snapshot
1786670523.0645306,9,359,5,2,0.1530966991750624,32.763511657714844,11.759404182434082,0.0972118005156517,32.753665924072266,11.638230323791504,0.19026316702365875,not_evaluated_this_snapshot
1786670523.0645306,9,359,6,2,0.1466690228215175,40.98398208618164,4.313149929046631,0.30000001192092896,40.839454650878906,4.288177490234375,0.29999998211860657,not_evaluated_this_snapshot
1786670523.0645306,9,359,7,2,1.9319841327827785,22.377944946289062,6.943258285522461,1.1000001430511475,22.820858001708984,8.780754089355469,1.5,not_evaluated_this_snapshot
1786670523.0645306,9,359,8,2,0.2109685589692084,-0.9976103901863098,29.290233612060547,-0.10000002384185791,-1.0339175462722778,29.082412719726562,-0.10000002384185791,visibility_direction_rejected
1786670523.4670448,8,363,1,2,2.3296067716503623,5.661285877227783,2.9592361450195312,0.30000001192092896,3.4481561183929443,3.6866455078125,0.30000001192092896,visibility_direction_rejected
1786670523.4670448,8,363,2,2,1.7056638689219585,22.007408142089844,7.335905075073242,1.1000001430511475,22.820858001708984,8.780754089355469,1.5,not_evaluated_this_snapshot
1786670523.4670448,8,363,3,2,0.19685451818369606,12.693933486938477,9.577876091003418,0.08886483311653137,12.68613052368164,9.75209903717041,-0.0024433271028101444,not_evaluated_this_snapshot
1786670523.4670448,8,363,4,2,2.072179501909557,13.917600631713867,6.426852226257324,-0.03473564237356186,15.706316947937012,7.471596717834473,0.01940099522471428,not_evaluated_this_snapshot
1786670523.4670448,8,363,5,2,0.1530966991750624,32.763511657714844,11.759404182434082,0.0972118005156517,32.753665924072266,11.638230323791504,0.19026316702365875,not_evaluated_this_snapshot
1786670523.4670448,8,363,6,2,0.1466690228215175,40.98398208618164,4.313149929046631,0.30000001192092896,40.839454650878906,4.288177490234375,0.29999998211860657,not_evaluated_this_snapshot
1786670523.4670448,8,363,7,2,1.9319841327827785,22.377944946289062,6.943258285522461,1.1000001430511475,22.820858001708984,8.780754089355469,1.5,not_evaluated_this_snapshot
1786670523.8594792,8,363,1,2,2.3296067716503623,5.661285877227783,2.9592361450195312,0.30000001192092896,3.4481561183929443,3.6866455078125,0.30000001192092896,visibility_direction_rejected
1786670523.8594792,8,363,2,2,1.7056638689219585,22.007408142089844,7.335905075073242,1.1000001430511475,22.820858001708984,8.780754089355469,1.5,not_evaluated_this_snapshot
1786670523.8594792,8,363,3,2,0.19685451818369606,12.693933486938477,9.577876091003418,0.08886483311653137,12.68613052368164,9.75209903717041,-0.0024433271028101444,not_evaluated_this_snapshot
1786670523.8594792,8,363,4,2,2.072179501909557,13.917600631713867,6.426852226257324,-0.03473564237356186,15.706316947937012,7.471596717834473,0.01940099522471428,not_evaluated_this_snapshot
1786670523.8594792,8,363,5,2,0.1530966991750624,32.763511657714844,11.759404182434082,0.0972118005156517,32.753665924072266,11.638230323791504,0.19026316702365875,not_evaluated_this_snapshot
1786670523.8594792,8,363,6,2,0.1466690228215175,40.98398208618164,4.313149929046631,0.30000001192092896,40.839454650878906,4.288177490234375,0.29999998211860657,not_evaluated_this_snapshot
1786670523.8594792,8,363,7,2,1.9319841327827785,22.377944946289062,6.943258285522461,1.1000001430511475,22.820858001708984,8.780754089355469,1.5,not_evaluated_this_snapshot
1786670524.2820866,8,368,1,2,1.872583078892814,5.661285877227783,2.9592361450195312,0.30000001192092896,4.046939849853516,3.819732666015625,-0.10000002384185791,visibility_direction_rejected
1786670524.2820866,8,368,2,2,1.7056638689219585,22.007408142089844,7.335905075073242,1.1000001430511475,22.820858001708984,8.780754089355469,1.5,not_evaluated_this_snapshot
1786670524.2820866,8,368,3,2,0.19685451818369606,12.693933486938477,9.577876091003418,0.08886483311653137,12.68613052368164,9.75209903717041,-0.0024433271028101444,not_evaluated_this_snapshot
1786670524.2820866,8,368,4,2,2.072179501909557,13.917600631713867,6.426852226257324,-0.03473564237356186,15.706316947937012,7.471596717834473,0.01940099522471428,not_evaluated_this_snapshot
1786670524.2820866,8,368,5,2,0.1530966991750624,32.763511657714844,11.759404182434082,0.0972118005156517,32.753665924072266,11.638230323791504,0.19026316702365875,not_evaluated_this_snapshot
1786670524.2820866,8,368,6,2,0.1466690228215175,40.98398208618164,4.313149929046631,0.30000001192092896,40.839454650878906,4.288177490234375,0.29999998211860657,not_evaluated_this_snapshot
1786670524.2820866,8,368,7,2,1.9319841327827785,22.377944946289062,6.943258285522461,1.1000001430511475,22.820858001708984,8.780754089355469,1.5,not_evaluated_this_snapshot
1786670524.6644208,8,373,1,2,1.8998767011438007,5.661285877227783,2.9592361450195312,0.30000001192092896,3.878957748413086,3.4815750122070312,-0.10000002384185791,visibility_direction_rejected
1786670524.6644208,8,373,2,2,1.7056638689219585,22.007408142089844,7.335905075073242,1.1000001430511475,22.820858001708984,8.780754089355469,1.5,not_evaluated_this_snapshot
1786670524.6644208,8,373,3,2,0.19685451818369606,12.693933486938477,9.577876091003418,0.08886483311653137,12.68613052368164,9.75209903717041,-0.0024433271028101444,not_evaluated_this_snapshot
1786670524.6644208,8,373,4,2,2.072179501909557,13.917600631713867,6.426852226257324,-0.03473564237356186,15.706316947937012,7.471596717834473,0.01940099522471428,not_evaluated_this_snapshot
1786670524.6644208,8,373,5,2,0.1530966991750624,32.763511657714844,11.759404182434082,0.0972118005156517,32.753665924072266,11.638230323791504,0.19026316702365875,not_evaluated_this_snapshot
1786670524.6644208,8,373,6,2,0.1466690228215175,40.98398208618164,4.313149929046631,0.30000001192092896,40.839454650878906,4.288177490234375,0.29999998211860657,not_evaluated_this_snapshot
1786670524.6644208,8,373,7,2,1.9319841327827785,22.377944946289062,6.943258285522461,1.1000001430511475,22.820858001708984,8.780754089355469,1.5,not_evaluated_this_snapshot
1786670525.0668566,8,375,1,2,2.014219065154163,5.661285877227783,2.9592361450195312,0.30000001192092896,3.778921127319336,3.5540313720703125,-0.10000002384185791,visibility_direction_rejected
1786670525.0668566,8,375,2,2,1.7056638689219585,22.007408142089844,7.335905075073242,1.1000001430511475,22.820858001708984,8.780754089355469,1.5,not_evaluated_this_snapshot
1786670525.0668566,8,375,3,2,0.19685451818369606,12.693933486938477,9.577876091003418,0.08886483311653137,12.68613052368164,9.75209903717041,-0.0024433271028101444,not_evaluated_this_snapshot
1786670525.0668566,8,375,4,2,2.072179501909557,13.917600631713867,6.426852226257324,-0.03473564237356186,15.706316947937012,7.471596717834473,0.01940099522471428,not_evaluated_this_snapshot
1786670525.0668566,8,375,5,2,0.1530966991750624,32.763511657714844,11.759404182434082,0.0972118005156517,32.753665924072266,11.638230323791504,0.19026316702365875,not_evaluated_this_snapshot
1786670525.0668566,8,375,6,2,0.1466690228215175,40.98398208618164,4.313149929046631,0.30000001192092896,40.839454650878906,4.288177490234375,0.29999998211860657,not_evaluated_this_snapshot
1786670525.0668566,8,375,7,2,1.9319841327827785,22.377944946289062,6.943258285522461,1.1000001430511475,22.820858001708984,8.780754089355469,1.5,not_evaluated_this_snapshot
1786670525.47953,8,374,1,2,2.0665305741184357,5.661285877227783,2.9592361450195312,0.30000001192092896,3.7065467834472656,3.497328758239746,-0.10000002384185791,visibility_direction_rejected
1786670525.47953,8,374,2,2,1.7056638689219585,22.007408142089844,7.335905075073242,1.1000001430511475,22.820858001708984,8.780754089355469,1.5,not_evaluated_this_snapshot
1786670525.47953,8,374,3,2,0.19685451818369606,12.693933486938477,9.577876091003418,0.08886483311653137,12.68613052368164,9.75209903717041,-0.0024433271028101444,not_evaluated_this_snapshot
1786670525.47953,8,374,4,2,2.072179501909557,13.917600631713867,6.426852226257324,-0.03473564237356186,15.706316947937012,7.471596717834473,0.01940099522471428,not_evaluated_this_snapshot
1786670525.47953,8,374,5,2,0.1530966991750624,32.763511657714844,11.759404182434082,0.0972118005156517,32.753665924072266,11.638230323791504,0.19026316702365875,not_evaluated_this_snapshot
1786670525.47953,8,374,6,2,0.1466690228215175,40.98398208618164,4.313149929046631,0.30000001192092896,40.839454650878906,4.288177490234375,0.29999998211860657,not_evaluated_this_snapshot
1786670525.47953,8,374,7,2,1.9319841327827785,22.377944946289062,6.943258285522461,1.1000001430511475,22.820858001708984,8.780754089355469,1.5,not_evaluated_this_snapshot
1786670525.8719492,8,373,1,2,2.1312064703203175,5.661285877227783,2.9592361450195312,0.30000001192092896,3.65008544921875,3.539851188659668,-0.10000002384185791,visibility_direction_rejected
1786670525.8719492,8,373,2,2,1.7056638689219585,22.007408142089844,7.335905075073242,1.1000001430511475,22.820858001708984,8.780754089355469,1.5,not_evaluated_this_snapshot
1786670525.8719492,8,373,3,2,0.19685451818369606,12.693933486938477,9.577876091003418,0.08886483311653137,12.68613052368164,9.75209903717041,-0.0024433271028101444,not_evaluated_this_snapshot
1786670525.8719492,8,373,4,2,2.072179501909557,13.917600631713867,6.426852226257324,-0.03473564237356186,15.706316947937012,7.471596717834473,0.01940099522471428,not_evaluated_this_snapshot
1786670525.8719492,8,373,5,2,0.1530966991750624,32.763511657714844,11.759404182434082,0.0972118005156517,32.753665924072266,11.638230323791504,0.19026316702365875,not_evaluated_this_snapshot
1786670525.8719492,8,373,6,2,0.1466690228215175,40.98398208618164,4.313149929046631,0.30000001192092896,40.839454650878906,4.288177490234375,0.29999998211860657,not_evaluated_this_snapshot
1786670525.8719492,8,373,7,2,1.9319841327827785,22.377944946289062,6.943258285522461,1.1000001430511475,22.820858001708984,8.780754089355469,1.5,not_evaluated_this_snapshot
1786670526.2844718,8,375,1,2,2.1689259947264983,5.661285877227783,2.9592361450195312,0.30000001192092896,3.6047191619873047,3.520282745361328,-0.10000002384185791,visibility_direction_rejected
1786670526.2844718,8,375,2,2,1.7056638689219585,22.007408142089844,7.335905075073242,1.1000001430511475,22.820858001708984,8.780754089355469,1.5,not_evaluated_this_snapshot
1786670526.2844718,8,375,3,2,0.19685451818369606,12.693933486938477,9.577876091003418,0.08886483311653137,12.68613052368164,9.75209903717041,-0.0024433271028101444,not_evaluated_this_snapshot
1786670526.2844718,8,375,4,2,2.072179501909557,13.917600631713867,6.426852226257324,-0.03473564237356186,15.706316947937012,7.471596717834473,0.01940099522471428,not_evaluated_this_snapshot
1786670526.2844718,8,375,5,2,0.1530966991750624,32.763511657714844,11.759404182434082,0.0972118005156517,32.753665924072266,11.638230323791504,0.19026316702365875,not_evaluated_this_snapshot
1786670526.2844718,8,375,6,2,0.1466690228215175,40.98398208618164,4.313149929046631,0.30000001192092896,40.839454650878906,4.288177490234375,0.29999998211860657,not_evaluated_this_snapshot
1786670526.2844718,8,375,7,2,1.9319841327827785,22.377944946289062,6.943258285522461,1.1000001430511475,22.820858001708984,8.780754089355469,1.5,not_evaluated_this_snapshot
1786670526.6970086,8,381,1,2,2.2356418212101183,5.661285877227783,2.9592361450195312,0.30000001192092896,3.564268112182617,3.623021364212036,-0.10000002384185791,visibility_direction_rejected
1786670526.6970086,8,381,2,2,1.7056638689219585,22.007408142089844,7.335905075073242,1.1000001430511475,22.820858001708984,8.780754089355469,1.5,not_evaluated_this_snapshot
1786670526.6970086,8,381,3,2,0.19685451818369606,12.693933486938477,9.577876091003418,0.08886483311653137,12.68613052368164,9.75209903717041,-0.0024433271028101444,not_evaluated_this_snapshot
1786670526.6970086,8,381,4,2,2.072179501909557,13.917600631713867,6.426852226257324,-0.03473564237356186,15.706316947937012,7.471596717834473,0.01940099522471428,not_evaluated_this_snapshot
1786670526.6970086,8,381,5,2,0.1530966991750624,32.763511657714844,11.759404182434082,0.0972118005156517,32.753665924072266,11.638230323791504,0.19026316702365875,not_evaluated_this_snapshot
1786670526.6970086,8,381,6,2,0.1466690228215175,40.98398208618164,4.313149929046631,0.30000001192092896,40.839454650878906,4.288177490234375,0.29999998211860657,not_evaluated_this_snapshot
1786670526.6970086,8,381,7,2,1.9319841327827785,22.377944946289062,6.943258285522461,1.1000001430511475,22.820858001708984,8.780754089355469,1.5,not_evaluated_this_snapshot
1786670527.1196072,8,383,1,2,2.2780209325061556,5.661285877227783,2.9592361450195312,0.30000001192092896,3.445474624633789,3.4879703521728516,0.30000001192092896,visibility_direction_rejected
1786670527.1196072,8,383,2,2,1.7056638689219585,22.007408142089844,7.335905075073242,1.1000001430511475,22.820858001708984,8.780754089355469,1.5,not_evaluated_this_snapshot
1786670527.1196072,8,383,3,2,0.19685451818369606,12.693933486938477,9.577876091003418,0.08886483311653137,12.68613052368164,9.75209903717041,-0.0024433271028101444,not_evaluated_this_snapshot
1786670527.1196072,8,383,4,2,2.072179501909557,13.917600631713867,6.426852226257324,-0.03473564237356186,15.706316947937012,7.471596717834473,0.01940099522471428,not_evaluated_this_snapshot
1786670527.1196072,8,383,5,2,0.1530966991750624,32.763511657714844,11.759404182434082,0.0972118005156517,32.753665924072266,11.638230323791504,0.19026316702365875,not_evaluated_this_snapshot
1786670527.1196072,8,383,6,2,0.1466690228215175,40.98398208618164,4.313149929046631,0.30000001192092896,40.839454650878906,4.288177490234375,0.29999998211860657,not_evaluated_this_snapshot
1786670527.1196072,8,383,7,2,1.9319841327827785,22.377944946289062,6.943258285522461,1.1000001430511475,22.820858001708984,8.780754089355469,1.5,not_evaluated_this_snapshot
1786670527.5623875,8,390,1,2,2.3296067716503623,5.661285877227783,2.9592361450195312,0.30000001192092896,3.4481561183929443,3.6866455078125,0.30000001192092896,visibility_direction_rejected
1786670527.5623875,8,390,2,2,1.7056638689219585,22.007408142089844,7.335905075073242,1.1000001430511475,22.820858001708984,8.780754089355469,1.5,not_evaluated_this_snapshot
1786670527.5623875,8,390,3,2,0.19685451818369606,12.693933486938477,9.577876091003418,0.08886483311653137,12.68613052368164,9.75209903717041,-0.0024433271028101444,not_evaluated_this_snapshot
1786670527.5623875,8,390,4,2,2.072179501909557,13.917600631713867,6.426852226257324,-0.03473564237356186,15.706316947937012,7.471596717834473,0.01940099522471428,not_evaluated_this_snapshot
1786670527.5623875,8,390,5,2,0.1530966991750624,32.763511657714844,11.759404182434082,0.0972118005156517,32.753665924072266,11.638230323791504,0.19026316702365875,not_evaluated_this_snapshot
1786670527.5623875,8,390,6,2,0.1466690228215175,40.98398208618164,4.313149929046631,0.30000001192092896,40.839454650878906,4.288177490234375,0.29999998211860657,not_evaluated_this_snapshot
1786670527.5623875,8,390,7,2,1.9319841327827785,22.377944946289062,6.943258285522461,1.1000001430511475,22.820858001708984,8.780754089355469,1.5,not_evaluated_this_snapshot
1786670527.9957442,8,394,1,2,2.3296067716503623,5.661285877227783,2.9592361450195312,0.30000001192092896,3.4481561183929443,3.6866455078125,0.30000001192092896,visibility_direction_rejected
1786670527.9957442,8,394,2,2,1.7056638689219585,22.007408142089844,7.335905075073242,1.1000001430511475,22.820858001708984,8.780754089355469,1.5,not_evaluated_this_snapshot
1786670527.9957442,8,394,3,2,0.19685451818369606,12.693933486938477,9.577876091003418,0.08886483311653137,12.68613052368164,9.75209903717041,-0.0024433271028101444,not_evaluated_this_snapshot
1786670527.9957442,8,394,4,2,2.072179501909557,13.917600631713867,6.426852226257324,-0.03473564237356186,15.706316947937012,7.471596717834473,0.01940099522471428,not_evaluated_this_snapshot
1786670527.9957442,8,394,5,2,0.1530966991750624,32.763511657714844,11.759404182434082,0.0972118005156517,32.753665924072266,11.638230323791504,0.19026316702365875,not_evaluated_this_snapshot
1786670527.9957442,8,394,6,2,0.1466690228215175,40.98398208618164,4.313149929046631,0.30000001192092896,40.839454650878906,4.288177490234375,0.29999998211860657,not_evaluated_this_snapshot
1786670527.9957442,8,394,7,2,1.9319841327827785,22.377944946289062,6.943258285522461,1.1000001430511475,22.820858001708984,8.780754089355469,1.5,not_evaluated_this_snapshot
1786670528.408316,8,393,1,2,2.3296067716503623,5.661285877227783,2.9592361450195312,0.30000001192092896,3.4481561183929443,3.6866455078125,0.30000001192092896,visibility_direction_rejected
1786670528.408316,8,393,2,2,1.7056638689219585,22.007408142089844,7.335905075073242,1.1000001430511475,22.820858001708984,8.780754089355469,1.5,not_evaluated_this_snapshot
1786670528.408316,8,393,3,2,0.19685451818369606,12.693933486938477,9.577876091003418,0.08886483311653137,12.68613052368164,9.75209903717041,-0.0024433271028101444,not_evaluated_this_snapshot
1786670528.408316,8,393,4,2,2.072179501909557,13.917600631713867,6.426852226257324,-0.03473564237356186,15.706316947937012,7.471596717834473,0.01940099522471428,not_evaluated_this_snapshot
1786670528.408316,8,393,5,2,0.1530966991750624,32.763511657714844,11.759404182434082,0.0972118005156517,32.753665924072266,11.638230323791504,0.19026316702365875,not_evaluated_this_snapshot
1786670528.408316,8,393,6,2,0.1466690228215175,40.98398208618164,4.313149929046631,0.30000001192092896,40.839454650878906,4.288177490234375,0.29999998211860657,not_evaluated_this_snapshot
1786670528.408316,8,393,7,2,1.9319841327827785,22.377944946289062,6.943258285522461,1.1000001430511475,22.820858001708984,8.780754089355469,1.5,not_evaluated_this_snapshot
1786670528.831044,8,393,1,2,2.3296067716503623,5.661285877227783,2.9592361450195312,0.30000001192092896,3.4481561183929443,3.6866455078125,0.30000001192092896,visibility_direction_rejected
1786670528.831044,8,393,2,2,1.7056638689219585,22.007408142089844,7.335905075073242,1.1000001430511475,22.820858001708984,8.780754089355469,1.5,not_evaluated_this_snapshot
1786670528.831044,8,393,3,2,0.19685451818369606,12.693933486938477,9.577876091003418,0.08886483311653137,12.68613052368164,9.75209903717041,-0.0024433271028101444,not_evaluated_this_snapshot
1786670528.831044,8,393,4,2,2.072179501909557,13.917600631713867,6.426852226257324,-0.03473564237356186,15.706316947937012,7.471596717834473,0.01940099522471428,not_evaluated_this_snapshot
1786670528.831044,8,393,5,2,0.1530966991750624,32.763511657714844,11.759404182434082,0.0972118005156517,32.753665924072266,11.638230323791504,0.19026316702365875,not_evaluated_this_snapshot
1786670528.831044,8,393,6,2,0.1466690228215175,40.98398208618164,4.313149929046631,0.30000001192092896,40.839454650878906,4.288177490234375,0.29999998211860657,not_evaluated_this_snapshot
1786670528.831044,8,393,7,2,1.9319841327827785,22.377944946289062,6.943258285522461,1.1000001430511475,22.820858001708984,8.780754089355469,1.5,not_evaluated_this_snapshot
1786670529.253678,8,393,1,2,2.3296067716503623,5.661285877227783,2.9592361450195312,0.30000001192092896,3.4481561183929443,3.6866455078125,0.30000001192092896,visibility_direction_rejected
1786670529.253678,8,393,2,2,1.7056638689219585,22.007408142089844,7.335905075073242,1.1000001430511475,22.820858001708984,8.780754089355469,1.5,not_evaluated_this_snapshot
1786670529.253678,8,393,3,2,0.19685451818369606,12.693933486938477,9.577876091003418,0.08886483311653137,12.68613052368164,9.75209903717041,-0.0024433271028101444,not_evaluated_this_snapshot
1786670529.253678,8,393,4,2,2.072179501909557,13.917600631713867,6.426852226257324,-0.03473564237356186,15.706316947937012,7.471596717834473,0.01940099522471428,not_evaluated_this_snapshot
1786670529.253678,8,393,5,2,0.1530966991750624,32.763511657714844,11.759404182434082,0.0972118005156517,32.753665924072266,11.638230323791504,0.19026316702365875,not_evaluated_this_snapshot
1786670529.253678,8,393,6,2,0.1466690228215175,40.98398208618164,4.313149929046631,0.30000001192092896,40.839454650878906,4.288177490234375,0.29999998211860657,not_evaluated_this_snapshot
1786670529.253678,8,393,7,2,1.9319841327827785,22.377944946289062,6.943258285522461,1.1000001430511475,22.820858001708984,8.780754089355469,1.5,not_evaluated_this_snapshot
1786670529.6865342,8,399,1,2,2.3296067716503623,5.661285877227783,2.9592361450195312,0.30000001192092896,3.4481561183929443,3.6866455078125,0.30000001192092896,visibility_direction_rejected
1786670529.6865342,8,399,2,2,1.7056638689219585,22.007408142089844,7.335905075073242,1.1000001430511475,22.820858001708984,8.780754089355469,1.5,not_evaluated_this_snapshot
1786670529.6865342,8,399,3,2,0.19685451818369606,12.693933486938477,9.577876091003418,0.08886483311653137,12.68613052368164,9.75209903717041,-0.0024433271028101444,not_evaluated_this_snapshot
1786670529.6865342,8,399,4,2,2.072179501909557,13.917600631713867,6.426852226257324,-0.03473564237356186,15.706316947937012,7.471596717834473,0.01940099522471428,not_evaluated_this_snapshot
1786670529.6865342,8,399,5,2,0.1530966991750624,32.763511657714844,11.759404182434082,0.0972118005156517,32.753665924072266,11.638230323791504,0.19026316702365875,not_evaluated_this_snapshot
1786670529.6865342,8,399,6,2,0.1466690228215175,40.98398208618164,4.313149929046631,0.30000001192092896,40.839454650878906,4.288177490234375,0.29999998211860657,not_evaluated_this_snapshot
1786670529.6865342,8,399,7,2,1.9319841327827785,22.377944946289062,6.943258285522461,1.1000001430511475,22.820858001708984,8.780754089355469,1.5,not_evaluated_this_snapshot
1786670530.129258,8,390,1,2,2.3296067716503623,5.661285877227783,2.9592361450195312,0.30000001192092896,3.4481561183929443,3.6866455078125,0.30000001192092896,visibility_direction_rejected
1786670530.129258,8,390,2,2,1.7056638689219585,22.007408142089844,7.335905075073242,1.1000001430511475,22.820858001708984,8.780754089355469,1.5,not_evaluated_this_snapshot
1786670530.129258,8,390,3,2,0.19685451818369606,12.693933486938477,9.577876091003418,0.08886483311653137,12.68613052368164,9.75209903717041,-0.0024433271028101444,not_evaluated_this_snapshot
1786670530.129258,8,390,4,2,2.072179501909557,13.917600631713867,6.426852226257324,-0.03473564237356186,15.706316947937012,7.471596717834473,0.01940099522471428,not_evaluated_this_snapshot
1786670530.129258,8,390,5,2,0.1530966991750624,32.763511657714844,11.759404182434082,0.0972118005156517,32.753665924072266,11.638230323791504,0.19026316702365875,not_evaluated_this_snapshot
1786670530.129258,8,390,6,2,0.1466690228215175,40.98398208618164,4.313149929046631,0.30000001192092896,40.839454650878906,4.288177490234375,0.29999998211860657,not_evaluated_this_snapshot
1786670530.129258,8,390,7,2,1.9319841327827785,22.377944946289062,6.943258285522461,1.1000001430511475,22.820858001708984,8.780754089355469,1.5,not_evaluated_this_snapshot
1786670530.5719128,8,395,1,2,2.3296067716503623,5.661285877227783,2.9592361450195312,0.30000001192092896,3.4481561183929443,3.6866455078125,0.30000001192092896,visibility_direction_rejected
1786670530.5719128,8,395,2,2,1.7056638689219585,22.007408142089844,7.335905075073242,1.1000001430511475,22.820858001708984,8.780754089355469,1.5,not_evaluated_this_snapshot
1786670530.5719128,8,395,3,2,0.19685451818369606,12.693933486938477,9.577876091003418,0.08886483311653137,12.68613052368164,9.75209903717041,-0.0024433271028101444,not_evaluated_this_snapshot
1786670530.5719128,8,395,4,2,2.072179501909557,13.917600631713867,6.426852226257324,-0.03473564237356186,15.706316947937012,7.471596717834473,0.01940099522471428,not_evaluated_this_snapshot
1786670530.5719128,8,395,5,2,0.1530966991750624,32.763511657714844,11.759404182434082,0.0972118005156517,32.753665924072266,11.638230323791504,0.19026316702365875,not_evaluated_this_snapshot
1786670530.5719128,8,395,6,2,0.1466690228215175,40.98398208618164,4.313149929046631,0.30000001192092896,40.839454650878906,4.288177490234375,0.29999998211860657,not_evaluated_this_snapshot
1786670530.5719128,8,395,7,2,1.9319841327827785,22.377944946289062,6.943258285522461,1.1000001430511475,22.820858001708984,8.780754089355469,1.5,not_evaluated_this_snapshot
1786670531.014764,8,392,1,2,2.3296067716503623,5.661285877227783,2.9592361450195312,0.30000001192092896,3.4481561183929443,3.6866455078125,0.30000001192092896,visibility_direction_rejected
1786670531.014764,8,392,2,2,1.7056638689219585,22.007408142089844,7.335905075073242,1.1000001430511475,22.820858001708984,8.780754089355469,1.5,not_evaluated_this_snapshot
1786670531.014764,8,392,3,2,0.19685451818369606,12.693933486938477,9.577876091003418,0.08886483311653137,12.68613052368164,9.75209903717041,-0.0024433271028101444,not_evaluated_this_snapshot
1786670531.014764,8,392,4,2,2.072179501909557,13.917600631713867,6.426852226257324,-0.03473564237356186,15.706316947937012,7.471596717834473,0.01940099522471428,not_evaluated_this_snapshot
1786670531.014764,8,392,5,2,0.1530966991750624,32.763511657714844,11.759404182434082,0.0972118005156517,32.753665924072266,11.638230323791504,0.19026316702365875,not_evaluated_this_snapshot
1786670531.014764,8,392,6,2,0.1466690228215175,40.98398208618164,4.313149929046631,0.30000001192092896,40.839454650878906,4.288177490234375,0.29999998211860657,not_evaluated_this_snapshot
1786670531.014764,8,392,7,2,1.9319841327827785,22.377944946289062,6.943258285522461,1.1000001430511475,22.820858001708984,8.780754089355469,1.5,not_evaluated_this_snapshot
1786670531.4575913,8,391,1,2,2.3296067716503623,5.661285877227783,2.9592361450195312,0.30000001192092896,3.4481561183929443,3.6866455078125,0.30000001192092896,visibility_direction_rejected
1786670531.4575913,8,391,2,2,1.7056638689219585,22.007408142089844,7.335905075073242,1.1000001430511475,22.820858001708984,8.780754089355469,1.5,not_evaluated_this_snapshot
1786670531.4575913,8,391,3,2,0.19685451818369606,12.693933486938477,9.577876091003418,0.08886483311653137,12.68613052368164,9.75209903717041,-0.0024433271028101444,not_evaluated_this_snapshot
1786670531.4575913,8,391,4,2,2.072179501909557,13.917600631713867,6.426852226257324,-0.03473564237356186,15.706316947937012,7.471596717834473,0.01940099522471428,not_evaluated_this_snapshot
1786670531.4575913,8,391,5,2,0.1530966991750624,32.763511657714844,11.759404182434082,0.0972118005156517,32.753665924072266,11.638230323791504,0.19026316702365875,not_evaluated_this_snapshot
1786670531.4575913,8,391,6,2,0.1466690228215175,40.98398208618164,4.313149929046631,0.30000001192092896,40.839454650878906,4.288177490234375,0.29999998211860657,not_evaluated_this_snapshot
1786670531.4575913,8,391,7,2,1.9319841327827785,22.377944946289062,6.943258285522461,1.1000001430511475,22.820858001708984,8.780754089355469,1.5,not_evaluated_this_snapshot
1786670531.8904457,9,390,1,2,2.3296067716503623,5.661285877227783,2.9592361450195312,0.30000001192092896,3.4481561183929443,3.6866455078125,0.30000001192092896,visibility_direction_rejected
1786670531.8904457,9,390,2,2,1.7056638689219585,22.007408142089844,7.335905075073242,1.1000001430511475,22.820858001708984,8.780754089355469,1.5,not_evaluated_this_snapshot
1786670531.8904457,9,390,3,2,0.19685451818369606,12.693933486938477,9.577876091003418,0.08886483311653137,12.68613052368164,9.75209903717041,-0.0024433271028101444,not_evaluated_this_snapshot
1786670531.8904457,9,390,4,2,2.072179501909557,13.917600631713867,6.426852226257324,-0.03473564237356186,15.706316947937012,7.471596717834473,0.01940099522471428,not_evaluated_this_snapshot
1786670531.8904457,9,390,5,2,0.1530966991750624,32.763511657714844,11.759404182434082,0.0972118005156517,32.753665924072266,11.638230323791504,0.19026316702365875,not_evaluated_this_snapshot
1786670531.8904457,9,390,6,2,0.1466690228215175,40.98398208618164,4.313149929046631,0.30000001192092896,40.839454650878906,4.288177490234375,0.29999998211860657,not_evaluated_this_snapshot
1786670531.8904457,9,390,7,2,1.9319841327827785,22.377944946289062,6.943258285522461,1.1000001430511475,22.820858001708984,8.780754089355469,1.5,not_evaluated_this_snapshot
1786670531.8904457,9,390,8,2,0.2109685589692084,-0.9976103901863098,29.290233612060547,-0.10000002384185791,-1.0339175462722778,29.082412719726562,-0.10000002384185791,visibility_direction_rejected
1786670532.3233585,10,388,1,2,2.3296067716503623,5.661285877227783,2.9592361450195312,0.30000001192092896,3.4481561183929443,3.6866455078125,0.30000001192092896,visibility_direction_rejected
1786670532.3233585,10,388,2,2,1.7056638689219585,22.007408142089844,7.335905075073242,1.1000001430511475,22.820858001708984,8.780754089355469,1.5,not_evaluated_this_snapshot
1786670532.3233585,10,388,3,2,0.19685451818369606,12.693933486938477,9.577876091003418,0.08886483311653137,12.68613052368164,9.75209903717041,-0.0024433271028101444,not_evaluated_this_snapshot
1786670532.3233585,10,388,4,2,2.072179501909557,13.917600631713867,6.426852226257324,-0.03473564237356186,15.706316947937012,7.471596717834473,0.01940099522471428,not_evaluated_this_snapshot
1786670532.3233585,10,388,5,2,0.1530966991750624,32.763511657714844,11.759404182434082,0.0972118005156517,32.753665924072266,11.638230323791504,0.19026316702365875,not_evaluated_this_snapshot
1786670532.3233585,10,388,6,2,0.1466690228215175,40.98398208618164,4.313149929046631,0.30000001192092896,40.839454650878906,4.288177490234375,0.29999998211860657,not_evaluated_this_snapshot
1786670532.3233585,10,388,7,2,1.9319841327827785,22.377944946289062,6.943258285522461,1.1000001430511475,22.820858001708984,8.780754089355469,1.5,not_evaluated_this_snapshot
1786670532.3233585,10,388,8,2,0.2109685589692084,-0.9976103901863098,29.290233612060547,-0.10000002384185791,-1.0339175462722778,29.082412719726562,-0.10000002384185791,visibility_direction_rejected
1786670532.3233585,10,388,9,2,1.922926481404094,-23.100887298583984,14.442962646484375,0.30000001192092896,-24.61379051208496,13.301623344421387,-0.02575252763926983,visibility_direction_rejected
1786670532.7863631,9,399,1,2,2.3296067716503623,5.661285877227783,2.9592361450195312,0.30000001192092896,3.4481561183929443,3.6866455078125,0.30000001192092896,visibility_direction_rejected
1786670532.7863631,9,399,2,2,1.7056638689219585,22.007408142089844,7.335905075073242,1.1000001430511475,22.820858001708984,8.780754089355469,1.5,not_evaluated_this_snapshot
1786670532.7863631,9,399,3,2,0.19685451818369606,12.693933486938477,9.577876091003418,0.08886483311653137,12.68613052368164,9.75209903717041,-0.0024433271028101444,not_evaluated_this_snapshot
1786670532.7863631,9,399,4,2,2.072179501909557,13.917600631713867,6.426852226257324,-0.03473564237356186,15.706316947937012,7.471596717834473,0.01940099522471428,not_evaluated_this_snapshot
1786670532.7863631,9,399,5,2,0.1530966991750624,32.763511657714844,11.759404182434082,0.0972118005156517,32.753665924072266,11.638230323791504,0.19026316702365875,not_evaluated_this_snapshot
1786670532.7863631,9,399,6,2,0.1466690228215175,40.98398208618164,4.313149929046631,0.30000001192092896,40.839454650878906,4.288177490234375,0.29999998211860657,not_evaluated_this_snapshot
1786670532.7863631,9,399,7,2,1.9319841327827785,22.377944946289062,6.943258285522461,1.1000001430511475,22.820858001708984,8.780754089355469,1.5,not_evaluated_this_snapshot
1786670532.7863631,9,399,8,2,2.089804639846517,-23.075170516967773,14.782297134399414,0.30000001192092896,-24.60179901123047,13.39284610748291,-0.02575252763926983,visibility_direction_rejected
1786670533.2291172,9,404,1,2,2.3296067716503623,5.661285877227783,2.9592361450195312,0.30000001192092896,3.4481561183929443,3.6866455078125,0.30000001192092896,visibility_direction_rejected
1786670533.2291172,9,404,2,2,1.7056638689219585,22.007408142089844,7.335905075073242,1.1000001430511475,22.820858001708984,8.780754089355469,1.5,not_evaluated_this_snapshot
1786670533.2291172,9,404,3,2,0.19685451818369606,12.693933486938477,9.577876091003418,0.08886483311653137,12.68613052368164,9.75209903717041,-0.0024433271028101444,not_evaluated_this_snapshot
1786670533.2291172,9,404,4,2,2.072179501909557,13.917600631713867,6.426852226257324,-0.03473564237356186,15.706316947937012,7.471596717834473,0.01940099522471428,not_evaluated_this_snapshot
1786670533.2291172,9,404,5,2,0.1530966991750624,32.763511657714844,11.759404182434082,0.0972118005156517,32.753665924072266,11.638230323791504,0.19026316702365875,not_evaluated_this_snapshot
1786670533.2291172,9,404,6,2,0.1466690228215175,40.98398208618164,4.313149929046631,0.30000001192092896,40.839454650878906,4.288177490234375,0.29999998211860657,not_evaluated_this_snapshot
1786670533.2291172,9,404,7,2,1.9319841327827785,22.377944946289062,6.943258285522461,1.1000001430511475,22.820858001708984,8.780754089355469,1.5,not_evaluated_this_snapshot
1786670533.2291172,9,404,8,2,0.7528363439607066,-26.464126586914062,22.744131088256836,0.699999988079071,-26.568546295166016,22.88656997680664,-0.03182666376233101,visibility_terrain_rejected
1786670533.6818335,9,403,1,2,2.3296067716503623,5.661285877227783,2.9592361450195312,0.30000001192092896,3.4481561183929443,3.6866455078125,0.30000001192092896,visibility_direction_rejected
1786670533.6818335,9,403,2,2,1.7056638689219585,22.007408142089844,7.335905075073242,1.1000001430511475,22.820858001708984,8.780754089355469,1.5,not_evaluated_this_snapshot
1786670533.6818335,9,403,3,2,0.19685451818369606,12.693933486938477,9.577876091003418,0.08886483311653137,12.68613052368164,9.75209903717041,-0.0024433271028101444,not_evaluated_this_snapshot
1786670533.6818335,9,403,4,2,2.072179501909557,13.917600631713867,6.426852226257324,-0.03473564237356186,15.706316947937012,7.471596717834473,0.01940099522471428,not_evaluated_this_snapshot
1786670533.6818335,9,403,5,2,0.1530966991750624,32.763511657714844,11.759404182434082,0.0972118005156517,32.753665924072266,11.638230323791504,0.19026316702365875,not_evaluated_this_snapshot
1786670533.6818335,9,403,6,2,0.1466690228215175,40.98398208618164,4.313149929046631,0.30000001192092896,40.839454650878906,4.288177490234375,0.29999998211860657,not_evaluated_this_snapshot
1786670533.6818335,9,403,7,2,1.9319841327827785,22.377944946289062,6.943258285522461,1.1000001430511475,22.820858001708984,8.780754089355469,1.5,not_evaluated_this_snapshot
1786670533.6818335,9,403,8,2,0.7528363439607066,-26.464126586914062,22.744131088256836,0.699999988079071,-26.568546295166016,22.88656997680664,-0.03182666376233101,visibility_terrain_rejected
1786670534.1245759,8,407,1,2,2.3296067716503623,5.661285877227783,2.9592361450195312,0.30000001192092896,3.4481561183929443,3.6866455078125,0.30000001192092896,visibility_direction_rejected
1786670534.1245759,8,407,2,2,1.7056638689219585,22.007408142089844,7.335905075073242,1.1000001430511475,22.820858001708984,8.780754089355469,1.5,not_evaluated_this_snapshot
1786670534.1245759,8,407,3,2,0.19685451818369606,12.693933486938477,9.577876091003418,0.08886483311653137,12.68613052368164,9.75209903717041,-0.0024433271028101444,not_evaluated_this_snapshot
1786670534.1245759,8,407,4,2,2.072179501909557,13.917600631713867,6.426852226257324,-0.03473564237356186,15.706316947937012,7.471596717834473,0.01940099522471428,not_evaluated_this_snapshot
1786670534.1245759,8,407,5,2,0.1530966991750624,32.763511657714844,11.759404182434082,0.0972118005156517,32.753665924072266,11.638230323791504,0.19026316702365875,not_evaluated_this_snapshot
1786670534.1245759,8,407,6,2,0.1466690228215175,40.98398208618164,4.313149929046631,0.30000001192092896,40.839454650878906,4.288177490234375,0.29999998211860657,not_evaluated_this_snapshot
1786670534.1245759,8,407,7,2,1.9319841327827785,22.377944946289062,6.943258285522461,1.1000001430511475,22.820858001708984,8.780754089355469,1.5,not_evaluated_this_snapshot
1786670534.5472236,8,406,1,2,2.3296067716503623,5.661285877227783,2.9592361450195312,0.30000001192092896,3.4481561183929443,3.6866455078125,0.30000001192092896,visibility_direction_rejected
1786670534.5472236,8,406,2,2,1.7056638689219585,22.007408142089844,7.335905075073242,1.1000001430511475,22.820858001708984,8.780754089355469,1.5,not_evaluated_this_snapshot
1786670534.5472236,8,406,3,2,0.19685451818369606,12.693933486938477,9.577876091003418,0.08886483311653137,12.68613052368164,9.75209903717041,-0.0024433271028101444,not_evaluated_this_snapshot
1786670534.5472236,8,406,4,2,2.072179501909557,13.917600631713867,6.426852226257324,-0.03473564237356186,15.706316947937012,7.471596717834473,0.01940099522471428,not_evaluated_this_snapshot
1786670534.5472236,8,406,5,2,0.1530966991750624,32.763511657714844,11.759404182434082,0.0972118005156517,32.753665924072266,11.638230323791504,0.19026316702365875,not_evaluated_this_snapshot
1786670534.5472236,8,406,6,2,0.1466690228215175,40.98398208618164,4.313149929046631,0.30000001192092896,40.839454650878906,4.288177490234375,0.29999998211860657,not_evaluated_this_snapshot
1786670534.5472236,8,406,7,2,1.9319841327827785,22.377944946289062,6.943258285522461,1.1000001430511475,22.820858001708984,8.780754089355469,1.5,not_evaluated_this_snapshot
1786670535.000022,8,405,1,2,2.3296067716503623,5.661285877227783,2.9592361450195312,0.30000001192092896,3.4481561183929443,3.6866455078125,0.30000001192092896,visibility_direction_rejected
1786670535.000022,8,405,2,2,1.7056638689219585,22.007408142089844,7.335905075073242,1.1000001430511475,22.820858001708984,8.780754089355469,1.5,not_evaluated_this_snapshot
1786670535.000022,8,405,3,2,0.19685451818369606,12.693933486938477,9.577876091003418,0.08886483311653137,12.68613052368164,9.75209903717041,-0.0024433271028101444,not_evaluated_this_snapshot
1786670535.000022,8,405,4,2,2.072179501909557,13.917600631713867,6.426852226257324,-0.03473564237356186,15.706316947937012,7.471596717834473,0.01940099522471428,not_evaluated_this_snapshot
1786670535.000022,8,405,5,2,0.1530966991750624,32.763511657714844,11.759404182434082,0.0972118005156517,32.753665924072266,11.638230323791504,0.19026316702365875,not_evaluated_this_snapshot
1786670535.000022,8,405,6,2,0.1466690228215175,40.98398208618164,4.313149929046631,0.30000001192092896,40.839454650878906,4.288177490234375,0.29999998211860657,not_evaluated_this_snapshot
1786670535.000022,8,405,7,2,1.9319841327827785,22.377944946289062,6.943258285522461,1.1000001430511475,22.820858001708984,8.780754089355469,1.5,not_evaluated_this_snapshot
1786670535.4627888,8,406,1,2,2.3296067716503623,5.661285877227783,2.9592361450195312,0.30000001192092896,3.4481561183929443,3.6866455078125,0.30000001192092896,visibility_direction_rejected
1786670535.4627888,8,406,2,2,1.7056638689219585,22.007408142089844,7.335905075073242,1.1000001430511475,22.820858001708984,8.780754089355469,1.5,not_evaluated_this_snapshot
1786670535.4627888,8,406,3,2,0.19685451818369606,12.693933486938477,9.577876091003418,0.08886483311653137,12.68613052368164,9.75209903717041,-0.0024433271028101444,not_evaluated_this_snapshot
1786670535.4627888,8,406,4,2,2.072179501909557,13.917600631713867,6.426852226257324,-0.03473564237356186,15.706316947937012,7.471596717834473,0.01940099522471428,not_evaluated_this_snapshot
1786670535.4627888,8,406,5,2,0.1530966991750624,32.763511657714844,11.759404182434082,0.0972118005156517,32.753665924072266,11.638230323791504,0.19026316702365875,not_evaluated_this_snapshot
1786670535.4627888,8,406,6,2,0.1466690228215175,40.98398208618164,4.313149929046631,0.30000001192092896,40.839454650878906,4.288177490234375,0.29999998211860657,not_evaluated_this_snapshot
1786670535.4627888,8,406,7,2,1.9319841327827785,22.377944946289062,6.943258285522461,1.1000001430511475,22.820858001708984,8.780754089355469,1.5,not_evaluated_this_snapshot
1786670535.935674,8,415,1,2,2.3296067716503623,5.661285877227783,2.9592361450195312,0.30000001192092896,3.4481561183929443,3.6866455078125,0.30000001192092896,visibility_direction_rejected
1786670535.935674,8,415,2,2,1.7056638689219585,22.007408142089844,7.335905075073242,1.1000001430511475,22.820858001708984,8.780754089355469,1.5,not_evaluated_this_snapshot
1786670535.935674,8,415,3,2,0.19685451818369606,12.693933486938477,9.577876091003418,0.08886483311653137,12.68613052368164,9.75209903717041,-0.0024433271028101444,not_evaluated_this_snapshot
1786670535.935674,8,415,4,2,2.072179501909557,13.917600631713867,6.426852226257324,-0.03473564237356186,15.706316947937012,7.471596717834473,0.01940099522471428,not_evaluated_this_snapshot
1786670535.935674,8,415,5,2,0.1530966991750624,32.763511657714844,11.759404182434082,0.0972118005156517,32.753665924072266,11.638230323791504,0.19026316702365875,not_evaluated_this_snapshot
1786670535.935674,8,415,6,2,0.1466690228215175,40.98398208618164,4.313149929046631,0.30000001192092896,40.839454650878906,4.288177490234375,0.29999998211860657,not_evaluated_this_snapshot
1786670535.935674,8,415,7,2,1.9319841327827785,22.377944946289062,6.943258285522461,1.1000001430511475,22.820858001708984,8.780754089355469,1.5,not_evaluated_this_snapshot
1786670536.3982852,8,417,1,2,2.3296067716503623,5.661285877227783,2.9592361450195312,0.30000001192092896,3.4481561183929443,3.6866455078125,0.30000001192092896,visibility_direction_rejected
1786670536.3982852,8,417,2,2,1.7056638689219585,22.007408142089844,7.335905075073242,1.1000001430511475,22.820858001708984,8.780754089355469,1.5,not_evaluated_this_snapshot
1786670536.3982852,8,417,3,2,0.19685451818369606,12.693933486938477,9.577876091003418,0.08886483311653137,12.68613052368164,9.75209903717041,-0.0024433271028101444,not_evaluated_this_snapshot
1786670536.3982852,8,417,4,2,2.072179501909557,13.917600631713867,6.426852226257324,-0.03473564237356186,15.706316947937012,7.471596717834473,0.01940099522471428,not_evaluated_this_snapshot
1786670536.3982852,8,417,5,2,0.1530966991750624,32.763511657714844,11.759404182434082,0.0972118005156517,32.753665924072266,11.638230323791504,0.19026316702365875,not_evaluated_this_snapshot
1786670536.3982852,8,417,6,2,0.1466690228215175,40.98398208618164,4.313149929046631,0.30000001192092896,40.839454650878906,4.288177490234375,0.29999998211860657,not_evaluated_this_snapshot
1786670536.3982852,8,417,7,2,1.9319841327827785,22.377944946289062,6.943258285522461,1.1000001430511475,22.820858001708984,8.780754089355469,1.5,not_evaluated_this_snapshot
1786670536.861222,8,412,1,2,2.3296067716503623,5.661285877227783,2.9592361450195312,0.30000001192092896,3.4481561183929443,3.6866455078125,0.30000001192092896,visibility_direction_rejected
1786670536.861222,8,412,2,2,1.7056638689219585,22.007408142089844,7.335905075073242,1.1000001430511475,22.820858001708984,8.780754089355469,1.5,not_evaluated_this_snapshot
1786670536.861222,8,412,3,2,0.19685451818369606,12.693933486938477,9.577876091003418,0.08886483311653137,12.68613052368164,9.75209903717041,-0.0024433271028101444,not_evaluated_this_snapshot
1786670536.861222,8,412,4,2,2.072179501909557,13.917600631713867,6.426852226257324,-0.03473564237356186,15.706316947937012,7.471596717834473,0.01940099522471428,not_evaluated_this_snapshot
1786670536.861222,8,412,5,2,0.1530966991750624,32.763511657714844,11.759404182434082,0.0972118005156517,32.753665924072266,11.638230323791504,0.19026316702365875,not_evaluated_this_snapshot
1786670536.861222,8,412,6,2,0.1466690228215175,40.98398208618164,4.313149929046631,0.30000001192092896,40.839454650878906,4.288177490234375,0.29999998211860657,not_evaluated_this_snapshot
1786670536.861222,8,412,7,2,1.9319841327827785,22.377944946289062,6.943258285522461,1.1000001430511475,22.820858001708984,8.780754089355469,1.5,not_evaluated_this_snapshot
1786670537.304139,8,406,1,2,2.3296067716503623,5.661285877227783,2.9592361450195312,0.30000001192092896,3.4481561183929443,3.6866455078125,0.30000001192092896,visibility_direction_rejected
1786670537.304139,8,406,2,2,1.7056638689219585,22.007408142089844,7.335905075073242,1.1000001430511475,22.820858001708984,8.780754089355469,1.5,not_evaluated_this_snapshot
1786670537.304139,8,406,3,2,0.19685451818369606,12.693933486938477,9.577876091003418,0.08886483311653137,12.68613052368164,9.75209903717041,-0.0024433271028101444,not_evaluated_this_snapshot
1786670537.304139,8,406,4,2,2.072179501909557,13.917600631713867,6.426852226257324,-0.03473564237356186,15.706316947937012,7.471596717834473,0.01940099522471428,not_evaluated_this_snapshot
1786670537.304139,8,406,5,2,0.1530966991750624,32.763511657714844,11.759404182434082,0.0972118005156517,32.753665924072266,11.638230323791504,0.19026316702365875,not_evaluated_this_snapshot
1786670537.304139,8,406,6,2,0.1466690228215175,40.98398208618164,4.313149929046631,0.30000001192092896,40.839454650878906,4.288177490234375,0.29999998211860657,not_evaluated_this_snapshot
1786670537.304139,8,406,7,2,1.9319841327827785,22.377944946289062,6.943258285522461,1.1000001430511475,22.820858001708984,8.780754089355469,1.5,not_evaluated_this_snapshot
1786670537.7366748,8,411,1,2,2.3296067716503623,5.661285877227783,2.9592361450195312,0.30000001192092896,3.4481561183929443,3.6866455078125,0.30000001192092896,visibility_direction_rejected
1786670537.7366748,8,411,2,2,1.7056638689219585,22.007408142089844,7.335905075073242,1.1000001430511475,22.820858001708984,8.780754089355469,1.5,not_evaluated_this_snapshot
1786670537.7366748,8,411,3,2,0.19685451818369606,12.693933486938477,9.577876091003418,0.08886483311653137,12.68613052368164,9.75209903717041,-0.0024433271028101444,not_evaluated_this_snapshot
1786670537.7366748,8,411,4,2,2.072179501909557,13.917600631713867,6.426852226257324,-0.03473564237356186,15.706316947937012,7.471596717834473,0.01940099522471428,not_evaluated_this_snapshot
1786670537.7366748,8,411,5,2,0.1530966991750624,32.763511657714844,11.759404182434082,0.0972118005156517,32.753665924072266,11.638230323791504,0.19026316702365875,not_evaluated_this_snapshot
1786670537.7366748,8,411,6,2,0.1466690228215175,40.98398208618164,4.313149929046631,0.30000001192092896,40.839454650878906,4.288177490234375,0.29999998211860657,not_evaluated_this_snapshot
1786670537.7366748,8,411,7,2,1.9319841327827785,22.377944946289062,6.943258285522461,1.1000001430511475,22.820858001708984,8.780754089355469,1.5,not_evaluated_this_snapshot
1786670538.1491828,8,407,1,2,2.3296067716503623,5.661285877227783,2.9592361450195312,0.30000001192092896,3.4481561183929443,3.6866455078125,0.30000001192092896,visibility_direction_rejected
1786670538.1491828,8,407,2,2,1.7056638689219585,22.007408142089844,7.335905075073242,1.1000001430511475,22.820858001708984,8.780754089355469,1.5,not_evaluated_this_snapshot
1786670538.1491828,8,407,3,2,0.19685451818369606,12.693933486938477,9.577876091003418,0.08886483311653137,12.68613052368164,9.75209903717041,-0.0024433271028101444,not_evaluated_this_snapshot
1786670538.1491828,8,407,4,2,2.072179501909557,13.917600631713867,6.426852226257324,-0.03473564237356186,15.706316947937012,7.471596717834473,0.01940099522471428,not_evaluated_this_snapshot
1786670538.1491828,8,407,5,2,0.1530966991750624,32.763511657714844,11.759404182434082,0.0972118005156517,32.753665924072266,11.638230323791504,0.19026316702365875,not_evaluated_this_snapshot
1786670538.1491828,8,407,6,2,0.1466690228215175,40.98398208618164,4.313149929046631,0.30000001192092896,40.839454650878906,4.288177490234375,0.29999998211860657,not_evaluated_this_snapshot
1786670538.1491828,8,407,7,2,1.9319841327827785,22.377944946289062,6.943258285522461,1.1000001430511475,22.820858001708984,8.780754089355469,1.5,not_evaluated_this_snapshot
1786670538.5616927,8,410,1,2,2.3296067716503623,5.661285877227783,2.9592361450195312,0.30000001192092896,3.4481561183929443,3.6866455078125,0.30000001192092896,visibility_direction_rejected
1786670538.5616927,8,410,2,2,1.7056638689219585,22.007408142089844,7.335905075073242,1.1000001430511475,22.820858001708984,8.780754089355469,1.5,not_evaluated_this_snapshot
1786670538.5616927,8,410,3,2,0.19685451818369606,12.693933486938477,9.577876091003418,0.08886483311653137,12.68613052368164,9.75209903717041,-0.0024433271028101444,not_evaluated_this_snapshot
1786670538.5616927,8,410,4,2,2.072179501909557,13.917600631713867,6.426852226257324,-0.03473564237356186,15.706316947937012,7.471596717834473,0.01940099522471428,not_evaluated_this_snapshot
1786670538.5616927,8,410,5,2,0.1530966991750624,32.763511657714844,11.759404182434082,0.0972118005156517,32.753665924072266,11.638230323791504,0.19026316702365875,not_evaluated_this_snapshot
1786670538.5616927,8,410,6,2,0.1466690228215175,40.98398208618164,4.313149929046631,0.30000001192092896,40.839454650878906,4.288177490234375,0.29999998211860657,not_evaluated_this_snapshot
1786670538.5616927,8,410,7,2,1.9319841327827785,22.377944946289062,6.943258285522461,1.1000001430511475,22.820858001708984,8.780754089355469,1.5,not_evaluated_this_snapshot
1786670538.974252,9,407,1,2,2.3296067716503623,5.661285877227783,2.9592361450195312,0.30000001192092896,3.4481561183929443,3.6866455078125,0.30000001192092896,visibility_direction_rejected
1786670538.974252,9,407,2,2,1.7056638689219585,22.007408142089844,7.335905075073242,1.1000001430511475,22.820858001708984,8.780754089355469,1.5,not_evaluated_this_snapshot
1786670538.974252,9,407,3,2,0.19685451818369606,12.693933486938477,9.577876091003418,0.08886483311653137,12.68613052368164,9.75209903717041,-0.0024433271028101444,not_evaluated_this_snapshot
1786670538.974252,9,407,4,2,2.072179501909557,13.917600631713867,6.426852226257324,-0.03473564237356186,15.706316947937012,7.471596717834473,0.01940099522471428,not_evaluated_this_snapshot
1786670538.974252,9,407,5,2,0.1530966991750624,32.763511657714844,11.759404182434082,0.0972118005156517,32.753665924072266,11.638230323791504,0.19026316702365875,not_evaluated_this_snapshot
1786670538.974252,9,407,6,2,0.1466690228215175,40.98398208618164,4.313149929046631,0.30000001192092896,40.839454650878906,4.288177490234375,0.29999998211860657,not_evaluated_this_snapshot
1786670538.974252,9,407,7,2,1.9319841327827785,22.377944946289062,6.943258285522461,1.1000001430511475,22.820858001708984,8.780754089355469,1.5,not_evaluated_this_snapshot
1786670538.974252,9,407,8,2,0.9149916954621563,-11.219432830810547,26.349658966064453,-0.09295666962862015,-10.445443153381348,26.837614059448242,-0.10000002384185791,visibility_vote_pending
1786670539.3670673,9,406,1,2,2.3296067716503623,5.661285877227783,2.9592361450195312,0.30000001192092896,3.4481561183929443,3.6866455078125,0.30000001192092896,visibility_direction_rejected
1786670539.3670673,9,406,2,2,1.7056638689219585,22.007408142089844,7.335905075073242,1.1000001430511475,22.820858001708984,8.780754089355469,1.5,not_evaluated_this_snapshot
1786670539.3670673,9,406,3,2,0.19685451818369606,12.693933486938477,9.577876091003418,0.08886483311653137,12.68613052368164,9.75209903717041,-0.0024433271028101444,not_evaluated_this_snapshot
1786670539.3670673,9,406,4,2,2.072179501909557,13.917600631713867,6.426852226257324,-0.03473564237356186,15.706316947937012,7.471596717834473,0.01940099522471428,not_evaluated_this_snapshot
1786670539.3670673,9,406,5,2,0.1530966991750624,32.763511657714844,11.759404182434082,0.0972118005156517,32.753665924072266,11.638230323791504,0.19026316702365875,not_evaluated_this_snapshot
1786670539.3670673,9,406,6,2,0.1466690228215175,40.98398208618164,4.313149929046631,0.30000001192092896,40.839454650878906,4.288177490234375,0.29999998211860657,not_evaluated_this_snapshot
1786670539.3670673,9,406,7,2,1.9319841327827785,22.377944946289062,6.943258285522461,1.1000001430511475,22.820858001708984,8.780754089355469,1.5,not_evaluated_this_snapshot
1786670539.3670673,9,406,8,2,0.9149916954621563,-11.219432830810547,26.349658966064453,-0.09295666962862015,-10.445443153381348,26.837614059448242,-0.10000002384185791,visibility_vote_pending
1786670539.759837,8,412,1,2,2.3296067716503623,5.661285877227783,2.9592361450195312,0.30000001192092896,3.4481561183929443,3.6866455078125,0.30000001192092896,visibility_direction_rejected
1786670539.759837,8,412,2,2,1.7056638689219585,22.007408142089844,7.335905075073242,1.1000001430511475,22.820858001708984,8.780754089355469,1.5,not_evaluated_this_snapshot
1786670539.759837,8,412,3,2,0.19685451818369606,12.693933486938477,9.577876091003418,0.08886483311653137,12.68613052368164,9.75209903717041,-0.0024433271028101444,not_evaluated_this_snapshot
1786670539.759837,8,412,4,2,2.072179501909557,13.917600631713867,6.426852226257324,-0.03473564237356186,15.706316947937012,7.471596717834473,0.01940099522471428,not_evaluated_this_snapshot
1786670539.759837,8,412,5,2,0.1530966991750624,32.763511657714844,11.759404182434082,0.0972118005156517,32.753665924072266,11.638230323791504,0.19026316702365875,not_evaluated_this_snapshot
1786670539.759837,8,412,6,2,0.1466690228215175,40.98398208618164,4.313149929046631,0.30000001192092896,40.839454650878906,4.288177490234375,0.29999998211860657,not_evaluated_this_snapshot
1786670539.759837,8,412,7,2,1.9319841327827785,22.377944946289062,6.943258285522461,1.1000001430511475,22.820858001708984,8.780754089355469,1.5,not_evaluated_this_snapshot
1786670540.1632946,8,410,1,2,2.3296067716503623,5.661285877227783,2.9592361450195312,0.30000001192092896,3.4481561183929443,3.6866455078125,0.30000001192092896,visibility_direction_rejected
1786670540.1632946,8,410,2,2,1.7056638689219585,22.007408142089844,7.335905075073242,1.1000001430511475,22.820858001708984,8.780754089355469,1.5,not_evaluated_this_snapshot
1786670540.1632946,8,410,3,2,0.19685451818369606,12.693933486938477,9.577876091003418,0.08886483311653137,12.68613052368164,9.75209903717041,-0.0024433271028101444,not_evaluated_this_snapshot
1786670540.1632946,8,410,4,2,2.072179501909557,13.917600631713867,6.426852226257324,-0.03473564237356186,15.706316947937012,7.471596717834473,0.01940099522471428,not_evaluated_this_snapshot
1786670540.1632946,8,410,5,2,0.1530966991750624,32.763511657714844,11.759404182434082,0.0972118005156517,32.753665924072266,11.638230323791504,0.19026316702365875,not_evaluated_this_snapshot
1786670540.1632946,8,410,6,2,0.1466690228215175,40.98398208618164,4.313149929046631,0.30000001192092896,40.839454650878906,4.288177490234375,0.29999998211860657,not_evaluated_this_snapshot
1786670540.1632946,8,410,7,2,1.9319841327827785,22.377944946289062,6.943258285522461,1.1000001430511475,22.820858001708984,8.780754089355469,1.5,not_evaluated_this_snapshot
1786670540.5669193,8,420,1,2,2.3296067716503623,5.661285877227783,2.9592361450195312,0.30000001192092896,3.4481561183929443,3.6866455078125,0.30000001192092896,visibility_direction_rejected
1786670540.5669193,8,420,2,2,1.7056638689219585,22.007408142089844,7.335905075073242,1.1000001430511475,22.820858001708984,8.780754089355469,1.5,not_evaluated_this_snapshot
1786670540.5669193,8,420,3,2,0.19685451818369606,12.693933486938477,9.577876091003418,0.08886483311653137,12.68613052368164,9.75209903717041,-0.0024433271028101444,not_evaluated_this_snapshot
1786670540.5669193,8,420,4,2,2.072179501909557,13.917600631713867,6.426852226257324,-0.03473564237356186,15.706316947937012,7.471596717834473,0.01940099522471428,not_evaluated_this_snapshot
1786670540.5669193,8,420,5,2,0.1530966991750624,32.763511657714844,11.759404182434082,0.0972118005156517,32.753665924072266,11.638230323791504,0.19026316702365875,not_evaluated_this_snapshot
1786670540.5669193,8,420,6,2,0.1466690228215175,40.98398208618164,4.313149929046631,0.30000001192092896,40.839454650878906,4.288177490234375,0.29999998211860657,not_evaluated_this_snapshot
1786670540.5669193,8,420,7,2,1.9319841327827785,22.377944946289062,6.943258285522461,1.1000001430511475,22.820858001708984,8.780754089355469,1.5,not_evaluated_this_snapshot
1786670540.9693325,8,418,1,2,2.3296067716503623,5.661285877227783,2.9592361450195312,0.30000001192092896,3.4481561183929443,3.6866455078125,0.30000001192092896,visibility_direction_rejected
1786670540.9693325,8,418,2,2,1.7056638689219585,22.007408142089844,7.335905075073242,1.1000001430511475,22.820858001708984,8.780754089355469,1.5,not_evaluated_this_snapshot
1786670540.9693325,8,418,3,2,0.19685451818369606,12.693933486938477,9.577876091003418,0.08886483311653137,12.68613052368164,9.75209903717041,-0.0024433271028101444,not_evaluated_this_snapshot
1786670540.9693325,8,418,4,2,2.072179501909557,13.917600631713867,6.426852226257324,-0.03473564237356186,15.706316947937012,7.471596717834473,0.01940099522471428,not_evaluated_this_snapshot
1786670540.9693325,8,418,5,2,0.1530966991750624,32.763511657714844,11.759404182434082,0.0972118005156517,32.753665924072266,11.638230323791504,0.19026316702365875,not_evaluated_this_snapshot
1786670540.9693325,8,418,6,2,0.1466690228215175,40.98398208618164,4.313149929046631,0.30000001192092896,40.839454650878906,4.288177490234375,0.29999998211860657,not_evaluated_this_snapshot
1786670540.9693325,8,418,7,2,1.9319841327827785,22.377944946289062,6.943258285522461,1.1000001430511475,22.820858001708984,8.780754089355469,1.5,not_evaluated_this_snapshot
1786670541.3823993,9,414,1,3,0.07500136290943085,-0.10379600524902344,20.75208854675293,-0.015614280477166176,-0.02897927537560463,20.746992111206055,-0.014315159991383553,visibility_direction_rejected
1786670541.3823993,9,414,2,2,2.3296067716503623,5.661285877227783,2.9592361450195312,0.30000001192092896,3.4481561183929443,3.6866455078125,0.30000001192092896,visibility_direction_rejected
1786670541.3823993,9,414,3,2,1.7056638689219585,22.007408142089844,7.335905075073242,1.1000001430511475,22.820858001708984,8.780754089355469,1.5,not_evaluated_this_snapshot
1786670541.3823993,9,414,4,2,0.19685451818369606,12.693933486938477,9.577876091003418,0.08886483311653137,12.68613052368164,9.75209903717041,-0.0024433271028101444,not_evaluated_this_snapshot
1786670541.3823993,9,414,5,2,2.072179501909557,13.917600631713867,6.426852226257324,-0.03473564237356186,15.706316947937012,7.471596717834473,0.01940099522471428,not_evaluated_this_snapshot
1786670541.3823993,9,414,6,2,0.1530966991750624,32.763511657714844,11.759404182434082,0.0972118005156517,32.753665924072266,11.638230323791504,0.19026316702365875,not_evaluated_this_snapshot
1786670541.3823993,9,414,7,2,0.1466690228215175,40.98398208618164,4.313149929046631,0.30000001192092896,40.839454650878906,4.288177490234375,0.29999998211860657,not_evaluated_this_snapshot
1786670541.3823993,9,414,8,2,1.9319841327827785,22.377944946289062,6.943258285522461,1.1000001430511475,22.820858001708984,8.780754089355469,1.5,not_evaluated_this_snapshot
1786670541.8151276,8,431,1,2,2.3296067716503623,5.661285877227783,2.9592361450195312,0.30000001192092896,3.4481561183929443,3.6866455078125,0.30000001192092896,visibility_direction_rejected
1786670541.8151276,8,431,2,2,1.7056638689219585,22.007408142089844,7.335905075073242,1.1000001430511475,22.820858001708984,8.780754089355469,1.5,not_evaluated_this_snapshot
1786670541.8151276,8,431,3,2,0.19685451818369606,12.693933486938477,9.577876091003418,0.08886483311653137,12.68613052368164,9.75209903717041,-0.0024433271028101444,not_evaluated_this_snapshot
1786670541.8151276,8,431,4,2,2.072179501909557,13.917600631713867,6.426852226257324,-0.03473564237356186,15.706316947937012,7.471596717834473,0.01940099522471428,not_evaluated_this_snapshot
1786670541.8151276,8,431,5,2,0.1530966991750624,32.763511657714844,11.759404182434082,0.0972118005156517,32.753665924072266,11.638230323791504,0.19026316702365875,not_evaluated_this_snapshot
1786670541.8151276,8,431,6,2,0.1466690228215175,40.98398208618164,4.313149929046631,0.30000001192092896,40.839454650878906,4.288177490234375,0.29999998211860657,not_evaluated_this_snapshot
1786670541.8151276,8,431,7,2,1.9319841327827785,22.377944946289062,6.943258285522461,1.1000001430511475,22.820858001708984,8.780754089355469,1.5,not_evaluated_this_snapshot
1786670542.2481039,9,431,1,3,1.3989433954360382,-5.60280704498291,21.309057235717773,-0.01508890651166439,-5.353763103485107,19.93254280090332,-0.030180281028151512,visibility_direction_rejected
1786670542.2481039,9,431,2,2,2.3296067716503623,5.661285877227783,2.9592361450195312,0.30000001192092896,3.4481561183929443,3.6866455078125,0.30000001192092896,visibility_direction_rejected
1786670542.2481039,9,431,3,2,1.7056638689219585,22.007408142089844,7.335905075073242,1.1000001430511475,22.820858001708984,8.780754089355469,1.5,not_evaluated_this_snapshot
1786670542.2481039,9,431,4,2,0.19685451818369606,12.693933486938477,9.577876091003418,0.08886483311653137,12.68613052368164,9.75209903717041,-0.0024433271028101444,not_evaluated_this_snapshot
1786670542.2481039,9,431,5,2,2.072179501909557,13.917600631713867,6.426852226257324,-0.03473564237356186,15.706316947937012,7.471596717834473,0.01940099522471428,not_evaluated_this_snapshot
1786670542.2481039,9,431,6,2,0.1530966991750624,32.763511657714844,11.759404182434082,0.0972118005156517,32.753665924072266,11.638230323791504,0.19026316702365875,not_evaluated_this_snapshot
1786670542.2481039,9,431,7,2,0.1466690228215175,40.98398208618164,4.313149929046631,0.30000001192092896,40.839454650878906,4.288177490234375,0.29999998211860657,not_evaluated_this_snapshot
1786670542.2481039,9,431,8,2,1.9319841327827785,22.377944946289062,6.943258285522461,1.1000001430511475,22.820858001708984,8.780754089355469,1.5,not_evaluated_this_snapshot
1786670542.691546,10,436,1,3,2.022997610948579,-3.0029258728027344,20.897159576416016,-0.014736713841557503,-1.530358076095581,19.510072708129883,-0.022046832367777824,visibility_direction_rejected
1786670542.691546,10,436,2,2,2.3296067716503623,5.661285877227783,2.9592361450195312,0.30000001192092896,3.4481561183929443,3.6866455078125,0.30000001192092896,visibility_direction_rejected
1786670542.691546,10,436,3,2,1.7056638689219585,22.007408142089844,7.335905075073242,1.1000001430511475,22.820858001708984,8.780754089355469,1.5,not_evaluated_this_snapshot
1786670542.691546,10,436,4,2,0.19685451818369606,12.693933486938477,9.577876091003418,0.08886483311653137,12.68613052368164,9.75209903717041,-0.0024433271028101444,not_evaluated_this_snapshot
1786670542.691546,10,436,5,2,2.072179501909557,13.917600631713867,6.426852226257324,-0.03473564237356186,15.706316947937012,7.471596717834473,0.01940099522471428,not_evaluated_this_snapshot
1786670542.691546,10,436,6,2,0.1530966991750624,32.763511657714844,11.759404182434082,0.0972118005156517,32.753665924072266,11.638230323791504,0.19026316702365875,not_evaluated_this_snapshot
1786670542.691546,10,436,7,2,0.1466690228215175,40.98398208618164,4.313149929046631,0.30000001192092896,40.839454650878906,4.288177490234375,0.29999998211860657,not_evaluated_this_snapshot
1786670542.691546,10,436,8,2,1.9319841327827785,22.377944946289062,6.943258285522461,1.1000001430511475,22.820858001708984,8.780754089355469,1.5,not_evaluated_this_snapshot
1786670542.691546,10,436,9,2,1.4367197956948308,-5.802926063537598,21.29715919494629,-0.014736713841557503,-5.353763103485107,19.93254280090332,-0.030180281028151512,visibility_direction_rejected
1786670543.1357536,9,433,1,3,2.159180149563718,-3.1390628814697266,20.95023536682129,-0.014347225427627563,-1.530358076095581,19.510072708129883,-0.022046832367777824,visibility_direction_rejected
1786670543.1357536,9,433,2,2,1.7140054071815933,5.661285877227783,2.9592361450195312,0.30000001192092896,4.194270133972168,3.750235080718994,-0.10000002384185791,visibility_direction_rejected
1786670543.1357536,9,433,3,2,1.7056638689219585,22.007408142089844,7.335905075073242,1.1000001430511475,22.820858001708984,8.780754089355469,1.5,not_evaluated_this_snapshot
1786670543.1357536,9,433,4,2,0.19685451818369606,12.693933486938477,9.577876091003418,0.08886483311653137,12.68613052368164,9.75209903717041,-0.0024433271028101444,not_evaluated_this_snapshot
1786670543.1357536,9,433,5,2,2.072179501909557,13.917600631713867,6.426852226257324,-0.03473564237356186,15.706316947937012,7.471596717834473,0.01940099522471428,not_evaluated_this_snapshot
1786670543.1357536,9,433,6,2,0.1530966991750624,32.763511657714844,11.759404182434082,0.0972118005156517,32.753665924072266,11.638230323791504,0.19026316702365875,not_evaluated_this_snapshot
1786670543.1357536,9,433,7,2,0.1466690228215175,40.98398208618164,4.313149929046631,0.30000001192092896,40.839454650878906,4.288177490234375,0.29999998211860657,not_evaluated_this_snapshot
1786670543.1357536,9,433,8,2,1.9319841327827785,22.377944946289062,6.943258285522461,1.1000001430511475,22.820858001708984,8.780754089355469,1.5,not_evaluated_this_snapshot
1786670543.5886412,8,442,1,2,1.6013522128968143,5.661285877227783,2.9592361450195312,0.30000001192092896,4.336187362670898,3.764495611190796,-0.10000002384185791,visibility_direction_rejected
1786670543.5886412,8,442,2,2,1.7056638689219585,22.007408142089844,7.335905075073242,1.1000001430511475,22.820858001708984,8.780754089355469,1.5,not_evaluated_this_snapshot
1786670543.5886412,8,442,3,2,0.19685451818369606,12.693933486938477,9.577876091003418,0.08886483311653137,12.68613052368164,9.75209903717041,-0.0024433271028101444,not_evaluated_this_snapshot
1786670543.5886412,8,442,4,2,2.072179501909557,13.917600631713867,6.426852226257324,-0.03473564237356186,15.706316947937012,7.471596717834473,0.01940099522471428,not_evaluated_this_snapshot
1786670543.5886412,8,442,5,2,0.1530966991750624,32.763511657714844,11.759404182434082,0.0972118005156517,32.753665924072266,11.638230323791504,0.19026316702365875,not_evaluated_this_snapshot
1786670543.5886412,8,442,6,2,0.1466690228215175,40.98398208618164,4.313149929046631,0.30000001192092896,40.839454650878906,4.288177490234375,0.29999998211860657,not_evaluated_this_snapshot
1786670543.5886412,8,442,7,2,1.9319841327827785,22.377944946289062,6.943258285522461,1.1000001430511475,22.820858001708984,8.780754089355469,1.5,not_evaluated_this_snapshot
1786670544.0329735,8,444,1,2,2.2532366847629564,5.661285877227783,2.9592361450195312,0.30000001192092896,4.779122352600098,5.03260612487793,0.30000001192092896,visibility_direction_rejected
1786670544.0329735,8,444,2,2,1.7056638689219585,22.007408142089844,7.335905075073242,1.1000001430511475,22.820858001708984,8.780754089355469,1.5,not_evaluated_this_snapshot
1786670544.0329735,8,444,3,2,0.19685451818369606,12.693933486938477,9.577876091003418,0.08886483311653137,12.68613052368164,9.75209903717041,-0.0024433271028101444,not_evaluated_this_snapshot
1786670544.0329735,8,444,4,2,2.072179501909557,13.917600631713867,6.426852226257324,-0.03473564237356186,15.706316947937012,7.471596717834473,0.01940099522471428,not_evaluated_this_snapshot
1786670544.0329735,8,444,5,2,0.1530966991750624,32.763511657714844,11.759404182434082,0.0972118005156517,32.753665924072266,11.638230323791504,0.19026316702365875,not_evaluated_this_snapshot
1786670544.0329735,8,444,6,2,0.1466690228215175,40.98398208618164,4.313149929046631,0.30000001192092896,40.839454650878906,4.288177490234375,0.29999998211860657,not_evaluated_this_snapshot
1786670544.0329735,8,444,7,2,1.9319841327827785,22.377944946289062,6.943258285522461,1.1000001430511475,22.820858001708984,8.780754089355469,1.5,not_evaluated_this_snapshot
1786670544.4756887,8,439,1,2,2.3829245626666955,5.661285877227783,2.9592361450195312,0.30000001192092896,3.3881635665893555,3.5518949031829834,-0.10000002384185791,visibility_direction_rejected
1786670544.4756887,8,439,2,2,1.7056638689219585,22.007408142089844,7.335905075073242,1.1000001430511475,22.820858001708984,8.780754089355469,1.5,not_evaluated_this_snapshot
1786670544.4756887,8,439,3,2,0.19685451818369606,12.693933486938477,9.577876091003418,0.08886483311653137,12.68613052368164,9.75209903717041,-0.0024433271028101444,not_evaluated_this_snapshot
1786670544.4756887,8,439,4,2,2.072179501909557,13.917600631713867,6.426852226257324,-0.03473564237356186,15.706316947937012,7.471596717834473,0.01940099522471428,not_evaluated_this_snapshot
1786670544.4756887,8,439,5,2,0.1530966991750624,32.763511657714844,11.759404182434082,0.0972118005156517,32.753665924072266,11.638230323791504,0.19026316702365875,not_evaluated_this_snapshot
1786670544.4756887,8,439,6,2,0.1466690228215175,40.98398208618164,4.313149929046631,0.30000001192092896,40.839454650878906,4.288177490234375,0.29999998211860657,not_evaluated_this_snapshot
1786670544.4756887,8,439,7,2,1.9319841327827785,22.377944946289062,6.943258285522461,1.1000001430511475,22.820858001708984,8.780754089355469,1.5,not_evaluated_this_snapshot
1786670544.9284575,8,442,1,2,2.4292446787049276,5.661285877227783,2.9592361450195312,0.30000001192092896,3.3557357788085938,3.7245259284973145,0.30000001192092896,visibility_direction_rejected
1786670544.9284575,8,442,2,2,1.7056638689219585,22.007408142089844,7.335905075073242,1.1000001430511475,22.820858001708984,8.780754089355469,1.5,not_evaluated_this_snapshot
1786670544.9284575,8,442,3,2,0.19685451818369606,12.693933486938477,9.577876091003418,0.08886483311653137,12.68613052368164,9.75209903717041,-0.0024433271028101444,not_evaluated_this_snapshot
1786670544.9284575,8,442,4,2,2.072179501909557,13.917600631713867,6.426852226257324,-0.03473564237356186,15.706316947937012,7.471596717834473,0.01940099522471428,not_evaluated_this_snapshot
1786670544.9284575,8,442,5,2,0.1530966991750624,32.763511657714844,11.759404182434082,0.0972118005156517,32.753665924072266,11.638230323791504,0.19026316702365875,not_evaluated_this_snapshot
1786670544.9284575,8,442,6,2,0.1466690228215175,40.98398208618164,4.313149929046631,0.30000001192092896,40.839454650878906,4.288177490234375,0.29999998211860657,not_evaluated_this_snapshot
1786670544.9284575,8,442,7,2,1.9319841327827785,22.377944946289062,6.943258285522461,1.1000001430511475,22.820858001708984,8.780754089355469,1.5,not_evaluated_this_snapshot
1786670545.3615308,8,435,1,2,2.4340305063762733,5.661285877227783,2.9592361450195312,-0.10000002384185791,3.3482327461242676,3.6028895378112793,0.30000001192092896,visibility_direction_rejected
1786670545.3615308,8,435,2,2,1.7056638689219585,22.007408142089844,7.335905075073242,1.1000001430511475,22.820858001708984,8.780754089355469,1.5,not_evaluated_this_snapshot
1786670545.3615308,8,435,3,2,0.19685451818369606,12.693933486938477,9.577876091003418,0.08886483311653137,12.68613052368164,9.75209903717041,-0.0024433271028101444,not_evaluated_this_snapshot
1786670545.3615308,8,435,4,2,2.072179501909557,13.917600631713867,6.426852226257324,-0.03473564237356186,15.706316947937012,7.471596717834473,0.01940099522471428,not_evaluated_this_snapshot
1786670545.3615308,8,435,5,2,0.1530966991750624,32.763511657714844,11.759404182434082,0.0972118005156517,32.753665924072266,11.638230323791504,0.19026316702365875,not_evaluated_this_snapshot
1786670545.3615308,8,435,6,2,0.1466690228215175,40.98398208618164,4.313149929046631,0.30000001192092896,40.839454650878906,4.288177490234375,0.29999998211860657,not_evaluated_this_snapshot
1786670545.3615308,8,435,7,2,1.9319841327827785,22.377944946289062,6.943258285522461,1.1000001430511475,22.820858001708984,8.780754089355469,1.5,not_evaluated_this_snapshot
1786670545.8049595,8,438,1,2,2.4410016328241597,5.661285877227783,2.9592361450195312,-0.10000002384185791,3.3517720699310303,3.6408774852752686,0.30000001192092896,visibility_direction_rejected
1786670545.8049595,8,438,2,2,1.7056638689219585,22.007408142089844,7.335905075073242,1.1000001430511475,22.820858001708984,8.780754089355469,1.5,not_evaluated_this_snapshot
1786670545.8049595,8,438,3,2,0.19685451818369606,12.693933486938477,9.577876091003418,0.08886483311653137,12.68613052368164,9.75209903717041,-0.0024433271028101444,visibility_polygon_rejected
1786670545.8049595,8,438,4,2,2.072179501909557,13.917600631713867,6.426852226257324,-0.03473564237356186,15.706316947937012,7.471596717834473,0.01940099522471428,not_evaluated_this_snapshot
1786670545.8049595,8,438,5,2,0.1530966991750624,32.763511657714844,11.759404182434082,0.0972118005156517,32.753665924072266,11.638230323791504,0.19026316702365875,not_evaluated_this_snapshot
1786670545.8049595,8,438,6,2,0.1466690228215175,40.98398208618164,4.313149929046631,0.30000001192092896,40.839454650878906,4.288177490234375,0.29999998211860657,not_evaluated_this_snapshot
1786670545.8049595,8,438,7,2,1.9319841327827785,22.377944946289062,6.943258285522461,1.1000001430511475,22.820858001708984,8.780754089355469,1.5,not_evaluated_this_snapshot
1786670546.2375808,8,437,1,2,2.4244270018619756,5.661285877227783,2.9592361450195312,-0.10000002384185791,3.364708662033081,3.625253677368164,0.30000001192092896,visibility_direction_rejected
1786670546.2375808,8,437,2,2,1.7056638689219585,22.007408142089844,7.335905075073242,1.1000001430511475,22.820858001708984,8.780754089355469,1.5,not_evaluated_this_snapshot
1786670546.2375808,8,437,3,2,0.19685451818369606,12.693933486938477,9.577876091003418,0.08886483311653137,12.68613052368164,9.75209903717041,-0.0024433271028101444,visibility_polygon_rejected
1786670546.2375808,8,437,4,2,2.072179501909557,13.917600631713867,6.426852226257324,-0.03473564237356186,15.706316947937012,7.471596717834473,0.01940099522471428,not_evaluated_this_snapshot
1786670546.2375808,8,437,5,2,0.1530966991750624,32.763511657714844,11.759404182434082,0.0972118005156517,32.753665924072266,11.638230323791504,0.19026316702365875,not_evaluated_this_snapshot
1786670546.2375808,8,437,6,2,0.1466690228215175,40.98398208618164,4.313149929046631,0.30000001192092896,40.839454650878906,4.288177490234375,0.29999998211860657,not_evaluated_this_snapshot
1786670546.2375808,8,437,7,2,1.9319841327827785,22.377944946289062,6.943258285522461,1.1000001430511475,22.820858001708984,8.780754089355469,1.5,not_evaluated_this_snapshot
1786670546.690376,8,450,1,2,2.4195821870392,5.661285877227783,2.9592361450195312,-0.10000002384185791,3.3840854167938232,3.6724934577941895,0.30000001192092896,visibility_direction_rejected
1786670546.690376,8,450,2,2,1.7056638689219585,22.007408142089844,7.335905075073242,1.1000001430511475,22.820858001708984,8.780754089355469,1.5,not_evaluated_this_snapshot
1786670546.690376,8,450,3,2,0.19685451818369606,12.693933486938477,9.577876091003418,0.08886483311653137,12.68613052368164,9.75209903717041,-0.0024433271028101444,visibility_polygon_rejected
1786670546.690376,8,450,4,2,2.072179501909557,13.917600631713867,6.426852226257324,-0.03473564237356186,15.706316947937012,7.471596717834473,0.01940099522471428,not_evaluated_this_snapshot
1786670546.690376,8,450,5,2,0.1530966991750624,32.763511657714844,11.759404182434082,0.0972118005156517,32.753665924072266,11.638230323791504,0.19026316702365875,not_evaluated_this_snapshot
1786670546.690376,8,450,6,2,0.1466690228215175,40.98398208618164,4.313149929046631,0.30000001192092896,40.839454650878906,4.288177490234375,0.29999998211860657,not_evaluated_this_snapshot
1786670546.690376,8,450,7,2,1.9319841327827785,22.377944946289062,6.943258285522461,1.1000001430511475,22.820858001708984,8.780754089355469,1.5,not_evaluated_this_snapshot
1786670547.1537597,8,460,1,2,2.4030189289687436,5.661285877227783,2.9592361450195312,-0.10000002384185791,3.410194158554077,3.6988887786865234,0.30000001192092896,visibility_direction_rejected
1786670547.1537597,8,460,2,2,1.7056638689219585,22.007408142089844,7.335905075073242,1.1000001430511475,22.820858001708984,8.780754089355469,1.5,not_evaluated_this_snapshot
1786670547.1537597,8,460,3,2,0.19685451818369606,12.693933486938477,9.577876091003418,0.08886483311653137,12.68613052368164,9.75209903717041,-0.0024433271028101444,visibility_polygon_rejected
1786670547.1537597,8,460,4,2,2.072179501909557,13.917600631713867,6.426852226257324,-0.03473564237356186,15.706316947937012,7.471596717834473,0.01940099522471428,not_evaluated_this_snapshot
1786670547.1537597,8,460,5,2,0.1530966991750624,32.763511657714844,11.759404182434082,0.0972118005156517,32.753665924072266,11.638230323791504,0.19026316702365875,not_evaluated_this_snapshot
1786670547.1537597,8,460,6,2,0.1466690228215175,40.98398208618164,4.313149929046631,0.30000001192092896,40.839454650878906,4.288177490234375,0.29999998211860657,not_evaluated_this_snapshot
1786670547.1537597,8,460,7,2,1.9319841327827785,22.377944946289062,6.943258285522461,1.1000001430511475,22.820858001708984,8.780754089355469,1.5,not_evaluated_this_snapshot
1786670547.617232,8,451,1,2,2.4364466414905097,5.661285877227783,2.9592361450195312,-0.10000002384185791,3.3809258937835693,3.718334674835205,0.29999998211860657,visibility_direction_rejected
1786670547.617232,8,451,2,2,1.7056638689219585,22.007408142089844,7.335905075073242,1.1000001430511475,22.820858001708984,8.780754089355469,1.5,not_evaluated_this_snapshot
1786670547.617232,8,451,3,2,0.19685451818369606,12.693933486938477,9.577876091003418,0.08886483311653137,12.68613052368164,9.75209903717041,-0.0024433271028101444,visibility_polygon_rejected
1786670547.617232,8,451,4,2,2.072179501909557,13.917600631713867,6.426852226257324,-0.03473564237356186,15.706316947937012,7.471596717834473,0.01940099522471428,not_evaluated_this_snapshot
1786670547.617232,8,451,5,2,0.1530966991750624,32.763511657714844,11.759404182434082,0.0972118005156517,32.753665924072266,11.638230323791504,0.19026316702365875,not_evaluated_this_snapshot
1786670547.617232,8,451,6,2,0.1466690228215175,40.98398208618164,4.313149929046631,0.30000001192092896,40.839454650878906,4.288177490234375,0.29999998211860657,not_evaluated_this_snapshot
1786670547.617232,8,451,7,2,1.9319841327827785,22.377944946289062,6.943258285522461,1.1000001430511475,22.820858001708984,8.780754089355469,1.5,not_evaluated_this_snapshot
1786670548.0809486,8,449,1,2,2.4364466414905097,5.661285877227783,2.9592361450195312,-0.10000002384185791,3.3809258937835693,3.718334674835205,0.29999998211860657,visibility_direction_rejected
1786670548.0809486,8,449,2,2,1.7056638689219585,22.007408142089844,7.335905075073242,1.1000001430511475,22.820858001708984,8.780754089355469,1.5,not_evaluated_this_snapshot
1786670548.0809486,8,449,3,2,0.19685451818369606,12.693933486938477,9.577876091003418,0.08886483311653137,12.68613052368164,9.75209903717041,-0.0024433271028101444,visibility_polygon_rejected
1786670548.0809486,8,449,4,2,2.072179501909557,13.917600631713867,6.426852226257324,-0.03473564237356186,15.706316947937012,7.471596717834473,0.01940099522471428,visibility_direction_rejected
1786670548.0809486,8,449,5,2,0.1530966991750624,32.763511657714844,11.759404182434082,0.0972118005156517,32.753665924072266,11.638230323791504,0.19026316702365875,not_evaluated_this_snapshot
1786670548.0809486,8,449,6,2,0.1466690228215175,40.98398208618164,4.313149929046631,0.30000001192092896,40.839454650878906,4.288177490234375,0.29999998211860657,not_evaluated_this_snapshot
1786670548.0809486,8,449,7,2,1.9319841327827785,22.377944946289062,6.943258285522461,1.1000001430511475,22.820858001708984,8.780754089355469,1.5,not_evaluated_this_snapshot
1786670548.554183,8,449,1,2,2.383877417266275,8.265490531921387,3.0490012168884277,-0.0063869040459394455,8.797659873962402,5.372718334197998,-0.00885483156889677,visibility_static_rejected
1786670548.554183,8,449,2,2,1.7056638689219585,22.007408142089844,7.335905075073242,1.1000001430511475,22.820858001708984,8.780754089355469,1.5,not_evaluated_this_snapshot
1786670548.554183,8,449,3,2,0.19685451818369606,12.693933486938477,9.577876091003418,0.08886483311653137,12.68613052368164,9.75209903717041,-0.0024433271028101444,visibility_polygon_rejected
1786670548.554183,8,449,4,2,2.072179501909557,13.917600631713867,6.426852226257324,-0.03473564237356186,15.706316947937012,7.471596717834473,0.01940099522471428,visibility_direction_rejected
1786670548.554183,8,449,5,2,0.1530966991750624,32.763511657714844,11.759404182434082,0.0972118005156517,32.753665924072266,11.638230323791504,0.19026316702365875,not_evaluated_this_snapshot
1786670548.554183,8,449,6,2,0.1466690228215175,40.98398208618164,4.313149929046631,0.30000001192092896,40.839454650878906,4.288177490234375,0.29999998211860657,not_evaluated_this_snapshot
1786670548.554183,8,449,7,2,1.9319841327827785,22.377944946289062,6.943258285522461,1.1000001430511475,22.820858001708984,8.780754089355469,1.5,not_evaluated_this_snapshot
1786670549.02841,9,446,1,2,2.4364466414905097,5.661285877227783,2.9592361450195312,-0.10000002384185791,3.3809258937835693,3.718334674835205,0.29999998211860657,visibility_direction_rejected
1786670549.02841,9,446,2,2,1.7056638689219585,22.007408142089844,7.335905075073242,1.1000001430511475,22.820858001708984,8.780754089355469,1.5,not_evaluated_this_snapshot
1786670549.02841,9,446,3,2,0.19685451818369606,12.693933486938477,9.577876091003418,0.08886483311653137,12.68613052368164,9.75209903717041,-0.0024433271028101444,visibility_polygon_rejected
1786670549.02841,9,446,4,2,2.072179501909557,13.917600631713867,6.426852226257324,-0.03473564237356186,15.706316947937012,7.471596717834473,0.01940099522471428,visibility_direction_rejected
1786670549.02841,9,446,5,2,0.1530966991750624,32.763511657714844,11.759404182434082,0.0972118005156517,32.753665924072266,11.638230323791504,0.19026316702365875,not_evaluated_this_snapshot
1786670549.02841,9,446,6,2,0.1466690228215175,40.98398208618164,4.313149929046631,0.30000001192092896,40.839454650878906,4.288177490234375,0.29999998211860657,not_evaluated_this_snapshot
1786670549.02841,9,446,7,2,1.9319841327827785,22.377944946289062,6.943258285522461,1.1000001430511475,22.820858001708984,8.780754089355469,1.5,not_evaluated_this_snapshot
1786670549.02841,9,446,8,1,3.146035621229392,-10.504998207092285,-0.48663270473480225,-0.008309335447847843,-9.787002563476562,2.576375961303711,-0.00885483156889677,not_evaluated_this_snapshot
1786670549.5135987,9,450,1,2,2.4364466414905097,5.661285877227783,2.9592361450195312,-0.10000002384185791,3.3809258937835693,3.718334674835205,0.29999998211860657,visibility_direction_rejected
1786670549.5135987,9,450,2,2,1.7056638689219585,22.007408142089844,7.335905075073242,1.1000001430511475,22.820858001708984,8.780754089355469,1.5,not_evaluated_this_snapshot
1786670549.5135987,9,450,3,2,0.19685451818369606,12.693933486938477,9.577876091003418,0.08886483311653137,12.68613052368164,9.75209903717041,-0.0024433271028101444,visibility_polygon_rejected
1786670549.5135987,9,450,4,2,2.072179501909557,13.917600631713867,6.426852226257324,-0.03473564237356186,15.706316947937012,7.471596717834473,0.01940099522471428,visibility_direction_rejected
1786670549.5135987,9,450,5,2,0.1530966991750624,32.763511657714844,11.759404182434082,0.0972118005156517,32.753665924072266,11.638230323791504,0.19026316702365875,not_evaluated_this_snapshot
1786670549.5135987,9,450,6,2,0.1466690228215175,40.98398208618164,4.313149929046631,0.30000001192092896,40.839454650878906,4.288177490234375,0.29999998211860657,not_evaluated_this_snapshot
1786670549.5135987,9,450,7,2,1.9319841327827785,22.377944946289062,6.943258285522461,1.1000001430511475,22.820858001708984,8.780754089355469,1.5,not_evaluated_this_snapshot
1786670549.5135987,9,450,8,1,3.0655622892236845,-10.049338340759277,-0.46533265709877014,-0.00787452980875969,-9.741114616394043,2.5846951007843018,-0.00885483156889677,not_evaluated_this_snapshot
1786670550.0181086,9,450,1,2,2.4364466414905097,5.661285877227783,2.9592361450195312,-0.10000002384185791,3.3809258937835693,3.718334674835205,0.29999998211860657,visibility_direction_rejected
1786670550.0181086,9,450,2,2,1.7056638689219585,22.007408142089844,7.335905075073242,1.1000001430511475,22.820858001708984,8.780754089355469,1.5,not_evaluated_this_snapshot
1786670550.0181086,9,450,3,2,0.19685451818369606,12.693933486938477,9.577876091003418,0.08886483311653137,12.68613052368164,9.75209903717041,-0.0024433271028101444,visibility_polygon_rejected
1786670550.0181086,9,450,4,2,2.072179501909557,13.917600631713867,6.426852226257324,-0.03473564237356186,15.706316947937012,7.471596717834473,0.01940099522471428,visibility_direction_rejected
1786670550.0181086,9,450,5,2,0.1530966991750624,32.763511657714844,11.759404182434082,0.0972118005156517,32.753665924072266,11.638230323791504,0.19026316702365875,not_evaluated_this_snapshot
1786670550.0181086,9,450,6,2,0.1466690228215175,40.98398208618164,4.313149929046631,0.30000001192092896,40.839454650878906,4.288177490234375,0.29999998211860657,not_evaluated_this_snapshot
1786670550.0181086,9,450,7,2,1.9319841327827785,22.377944946289062,6.943258285522461,1.1000001430511475,22.820858001708984,8.780754089355469,1.5,not_evaluated_this_snapshot
1786670550.0181086,9,450,8,1,3.030566949577206,-9.580501556396484,-0.4231322705745697,-0.007434925530105829,-9.800960540771484,2.59940505027771,-0.00885483156889677,not_evaluated_this_snapshot
1786670550.5215595,10,451,1,2,2.4364466414905097,5.661285877227783,2.9592361450195312,-0.10000002384185791,3.3809258937835693,3.718334674835205,0.29999998211860657,visibility_direction_rejected
1786670550.5215595,10,451,2,2,1.7056638689219585,22.007408142089844,7.335905075073242,1.1000001430511475,22.820858001708984,8.780754089355469,1.5,not_evaluated_this_snapshot
1786670550.5215595,10,451,3,2,0.19685451818369606,12.693933486938477,9.577876091003418,0.08886483311653137,12.68613052368164,9.75209903717041,-0.0024433271028101444,visibility_polygon_rejected
1786670550.5215595,10,451,4,2,2.072179501909557,13.917600631713867,6.426852226257324,-0.03473564237356186,15.706316947937012,7.471596717834473,0.01940099522471428,visibility_direction_rejected
1786670550.5215595,10,451,5,2,0.1530966991750624,32.763511657714844,11.759404182434082,0.0972118005156517,32.753665924072266,11.638230323791504,0.19026316702365875,not_evaluated_this_snapshot
1786670550.5215595,10,451,6,2,0.1466690228215175,40.98398208618164,4.313149929046631,0.30000001192092896,40.839454650878906,4.288177490234375,0.29999998211860657,not_evaluated_this_snapshot
1786670550.5215595,10,451,7,2,1.9319841327827785,22.377944946289062,6.943258285522461,1.1000001430511475,22.820858001708984,8.780754089355469,1.5,not_evaluated_this_snapshot
1786670550.5215595,10,451,8,2,0.2103239386613746,-26.080490112304688,10.434693336486816,0.30000001192092896,-26.17269515991211,10.62372875213623,0.30000001192092896,visibility_direction_rejected
1786670550.5215595,10,451,9,1,2.9932230878387354,-9.037891387939453,-0.34938526153564453,-0.006935694254934788,-9.80834674835205,2.542980432510376,-0.00885483156889677,not_evaluated_this_snapshot
1786670551.014951,9,450,1,2,2.4364466414905097,5.661285877227783,2.9592361450195312,-0.10000002384185791,3.3809258937835693,3.718334674835205,0.29999998211860657,visibility_direction_rejected
1786670551.014951,9,450,2,2,1.7056638689219585,22.007408142089844,7.335905075073242,1.1000001430511475,22.820858001708984,8.780754089355469,1.5,not_evaluated_this_snapshot
1786670551.014951,9,450,3,2,0.19685451818369606,12.693933486938477,9.577876091003418,0.08886483311653137,12.68613052368164,9.75209903717041,-0.0024433271028101444,visibility_polygon_rejected
1786670551.014951,9,450,4,2,2.072179501909557,13.917600631713867,6.426852226257324,-0.03473564237356186,15.706316947937012,7.471596717834473,0.01940099522471428,visibility_direction_rejected
1786670551.014951,9,450,5,2,0.1530966991750624,32.763511657714844,11.759404182434082,0.0972118005156517,32.753665924072266,11.638230323791504,0.19026316702365875,not_evaluated_this_snapshot
1786670551.014951,9,450,6,2,0.1466690228215175,40.98398208618164,4.313149929046631,0.30000001192092896,40.839454650878906,4.288177490234375,0.29999998211860657,not_evaluated_this_snapshot
1786670551.014951,9,450,7,2,1.9319841327827785,22.377944946289062,6.943258285522461,1.1000001430511475,22.820858001708984,8.780754089355469,1.5,not_evaluated_this_snapshot
1786670551.014951,9,450,8,1,3.0805742784102788,-8.569201469421387,-0.31155169010162354,-0.006494559813290834,-9.801822662353516,2.511669397354126,-0.00885483156889677,not_evaluated_this_snapshot
1786670551.5189574,8,450,1,2,2.4364466414905097,5.661285877227783,2.9592361450195312,-0.10000002384185791,3.3809258937835693,3.718334674835205,0.29999998211860657,visibility_direction_rejected
1786670551.5189574,8,450,2,2,1.7056638689219585,22.007408142089844,7.335905075073242,1.1000001430511475,22.820858001708984,8.780754089355469,1.5,not_evaluated_this_snapshot
1786670551.5189574,8,450,3,2,0.19685451818369606,12.693933486938477,9.577876091003418,0.08886483311653137,12.68613052368164,9.75209903717041,-0.0024433271028101444,visibility_polygon_rejected
1786670551.5189574,8,450,4,2,2.072179501909557,13.917600631713867,6.426852226257324,-0.03473564237356186,15.706316947937012,7.471596717834473,0.01940099522471428,visibility_direction_rejected
1786670551.5189574,8,450,5,2,0.1530966991750624,32.763511657714844,11.759404182434082,0.0972118005156517,32.753665924072266,11.638230323791504,0.19026316702365875,not_evaluated_this_snapshot
1786670551.5189574,8,450,6,2,0.1466690228215175,40.98398208618164,4.313149929046631,0.30000001192092896,40.839454650878906,4.288177490234375,0.29999998211860657,not_evaluated_this_snapshot
1786670551.5189574,8,450,7,2,1.9319841327827785,22.377944946289062,6.943258285522461,1.1000001430511475,22.820858001708984,8.780754089355469,1.5,not_evaluated_this_snapshot
1786670552.03325,9,453,1,3,1.3920414699733998,11.492557525634766,6.232199668884277,0.699999988079071,10.159223556518555,6.232199668884277,0.30000001192092896,visibility_direction_rejected
1786670552.03325,9,453,2,2,2.4364466414905097,5.661285877227783,2.9592361450195312,-0.10000002384185791,3.3809258937835693,3.718334674835205,0.29999998211860657,visibility_direction_rejected
1786670552.03325,9,453,3,2,1.7056638689219585,22.007408142089844,7.335905075073242,1.1000001430511475,22.820858001708984,8.780754089355469,1.5,not_evaluated_this_snapshot
1786670552.03325,9,453,4,2,0.19685451818369606,12.693933486938477,9.577876091003418,0.08886483311653137,12.68613052368164,9.75209903717041,-0.0024433271028101444,visibility_polygon_rejected
1786670552.03325,9,453,5,2,2.072179501909557,13.917600631713867,6.426852226257324,-0.03473564237356186,15.706316947937012,7.471596717834473,0.01940099522471428,visibility_direction_rejected
1786670552.03325,9,453,6,2,0.1530966991750624,32.763511657714844,11.759404182434082,0.0972118005156517,32.753665924072266,11.638230323791504,0.19026316702365875,not_evaluated_this_snapshot
1786670552.03325,9,453,7,2,0.1466690228215175,40.98398208618164,4.313149929046631,0.30000001192092896,40.839454650878906,4.288177490234375,0.29999998211860657,not_evaluated_this_snapshot
1786670552.03325,9,453,8,2,1.9319841327827785,22.377944946289062,6.943258285522461,1.1000001430511475,22.820858001708984,8.780754089355469,1.5,not_evaluated_this_snapshot
1786670552.5586073,10,454,1,3,1.475054642529488,11.665103912353516,6.277118682861328,0.699999988079071,10.245497703552246,6.254659175872803,0.30000001192092896,visibility_direction_rejected
1786670552.5586073,10,454,2,2,2.4364466414905097,5.661285877227783,2.9592361450195312,-0.10000002384185791,3.3809258937835693,3.718334674835205,0.29999998211860657,visibility_direction_rejected
1786670552.5586073,10,454,3,2,1.7056638689219585,22.007408142089844,7.335905075073242,1.1000001430511475,22.820858001708984,8.780754089355469,1.5,not_evaluated_this_snapshot
1786670552.5586073,10,454,4,2,0.19685451818369606,12.693933486938477,9.577876091003418,0.08886483311653137,12.68613052368164,9.75209903717041,-0.0024433271028101444,visibility_polygon_rejected
1786670552.5586073,10,454,5,2,2.072179501909557,13.917600631713867,6.426852226257324,-0.03473564237356186,15.706316947937012,7.471596717834473,0.01940099522471428,visibility_direction_rejected
1786670552.5586073,10,454,6,2,0.1530966991750624,32.763511657714844,11.759404182434082,0.0972118005156517,32.753665924072266,11.638230323791504,0.19026316702365875,not_evaluated_this_snapshot
1786670552.5586073,10,454,7,2,0.1466690228215175,40.98398208618164,4.313149929046631,0.30000001192092896,40.839454650878906,4.288177490234375,0.29999998211860657,not_evaluated_this_snapshot
1786670552.5586073,10,454,8,2,1.9319841327827785,22.377944946289062,6.943258285522461,1.1000001430511475,22.820858001708984,8.780754089355469,1.5,not_evaluated_this_snapshot
1786670552.5586073,10,454,9,1,3.3373500684221797,-7.001562118530273,-0.12288160622119904,-0.00504289660602808,-7.134895324707031,-3.4562149047851562,-0.10000002384185791,not_evaluated_this_snapshot
1786670553.1723373,8,465,1,3,1.4755809552047774,11.753149032592773,6.290548324584961,0.699999988079071,10.332951545715332,6.271099090576172,0.30000001192092896,visibility_direction_rejected
1786670553.1723373,8,465,2,2,2.4364466414905097,5.661285877227783,2.9592361450195312,-0.10000002384185791,3.3809258937835693,3.718334674835205,0.29999998211860657,visibility_direction_rejected
1786670553.1723373,8,465,3,2,1.7056638689219585,22.007408142089844,7.335905075073242,1.1000001430511475,22.820858001708984,8.780754089355469,1.5,not_evaluated_this_snapshot
1786670553.1723373,8,465,4,2,2.072179501909557,13.917600631713867,6.426852226257324,-0.03473564237356186,15.706316947937012,7.471596717834473,0.01940099522471428,visibility_direction_rejected
1786670553.1723373,8,465,5,2,0.1530966991750624,32.763511657714844,11.759404182434082,0.0972118005156517,32.753665924072266,11.638230323791504,0.19026316702365875,not_evaluated_this_snapshot
1786670553.1723373,8,465,6,2,0.1466690228215175,40.98398208618164,4.313149929046631,0.30000001192092896,40.839454650878906,4.288177490234375,0.29999998211860657,not_evaluated_this_snapshot
1786670553.1723373,8,465,7,2,1.9319841327827785,22.377944946289062,6.943258285522461,1.1000001430511475,22.820858001708984,8.780754089355469,1.5,not_evaluated_this_snapshot
1786670553.766009,9,467,1,3,1.4413879811362864,11.697882652282715,6.301577091217041,0.699999988079071,10.313217163085938,6.284233093261719,0.30000001192092896,visibility_direction_rejected
1786670553.766009,9,467,2,2,2.4364466414905097,5.661285877227783,2.9592361450195312,-0.10000002384185791,3.3809258937835693,3.718334674835205,0.29999998211860657,visibility_direction_rejected
1786670553.766009,9,467,3,2,1.7056638689219585,22.007408142089844,7.335905075073242,1.1000001430511475,22.820858001708984,8.780754089355469,1.5,not_evaluated_this_snapshot
1786670553.766009,9,467,4,2,2.072179501909557,13.917600631713867,6.426852226257324,-0.03473564237356186,15.706316947937012,7.471596717834473,0.01940099522471428,visibility_direction_rejected
1786670553.766009,9,467,5,2,0.1530966991750624,32.763511657714844,11.759404182434082,0.0972118005156517,32.753665924072266,11.638230323791504,0.19026316702365875,not_evaluated_this_snapshot
1786670553.766009,9,467,6,2,0.1466690228215175,40.98398208618164,4.313149929046631,0.30000001192092896,40.839454650878906,4.288177490234375,0.29999998211860657,not_evaluated_this_snapshot
1786670553.766009,9,467,7,2,1.9319841327827785,22.377944946289062,6.943258285522461,1.1000001430511475,22.820858001708984,8.780754089355469,1.5,not_evaluated_this_snapshot
1786670553.766009,9,467,8,1,0.4003030874451636,-5.879319190979004,-0.07636436074972153,-0.003969739191234112,-6.152396202087402,-0.3528597354888916,-0.10000002384185791,not_evaluated_this_snapshot
1786670554.339618,9,471,1,3,1.43411276080108,11.711478233337402,6.307224273681641,0.699999988079071,10.334360122680664,6.292219638824463,0.30000001192092896,visibility_direction_rejected
1786670554.339618,9,471,2,2,2.4364466414905097,5.661285877227783,2.9592361450195312,-0.10000002384185791,3.3809258937835693,3.718334674835205,0.29999998211860657,visibility_direction_rejected
1786670554.339618,9,471,3,2,1.7056638689219585,22.007408142089844,7.335905075073242,1.1000001430511475,22.820858001708984,8.780754089355469,1.5,not_evaluated_this_snapshot
1786670554.339618,9,471,4,2,2.072179501909557,13.917600631713867,6.426852226257324,-0.03473564237356186,15.706316947937012,7.471596717834473,0.01940099522471428,visibility_direction_rejected
1786670554.339618,9,471,5,2,0.1530966991750624,32.763511657714844,11.759404182434082,0.0972118005156517,32.753665924072266,11.638230323791504,0.19026316702365875,not_evaluated_this_snapshot
1786670554.339618,9,471,6,2,0.1466690228215175,40.98398208618164,4.313149929046631,0.30000001192092896,40.839454650878906,4.288177490234375,0.29999998211860657,not_evaluated_this_snapshot
1786670554.339618,9,471,7,2,1.9319841327827785,22.377944946289062,6.943258285522461,1.1000001430511475,22.820858001708984,8.780754089355469,1.5,not_evaluated_this_snapshot
1786670554.339618,9,471,8,1,0.8748369722179853,-5.314400672912598,-0.07583368569612503,-0.0034207573626190424,-6.139730930328369,-0.3494065999984741,-0.10000002384185791,not_evaluated_this_snapshot
1786670554.9541702,7,471,1,2,2.4364466414905097,5.661285877227783,2.9592361450195312,-0.10000002384185791,3.3809258937835693,3.718334674835205,0.29999998211860657,visibility_direction_rejected
1786670554.9541702,7,471,2,2,1.7056638689219585,22.007408142089844,7.335905075073242,1.1000001430511475,22.820858001708984,8.780754089355469,1.5,not_evaluated_this_snapshot
1786670554.9541702,7,471,3,2,0.1530966991750624,32.763511657714844,11.759404182434082,0.0972118005156517,32.753665924072266,11.638230323791504,0.19026316702365875,not_evaluated_this_snapshot
1786670554.9541702,7,471,4,2,0.1466690228215175,40.98398208618164,4.313149929046631,0.30000001192092896,40.839454650878906,4.288177490234375,0.29999998211860657,not_evaluated_this_snapshot
1786670554.9541702,7,471,5,2,1.9319841327827785,22.377944946289062,6.943258285522461,1.1000001430511475,22.820858001708984,8.780754089355469,1.5,not_evaluated_this_snapshot
1786670554.9541702,7,471,6,1,1.4339289278231244,-4.643994331359863,-0.07777775824069977,-0.0027682771906256676,-3.54270601272583,-0.9954596757888794,-0.03706270083785057,not_evaluated_this_snapshot
1786670555.5882707,6,465,1,2,2.4364466414905097,5.661285877227783,2.9592361450195312,-0.10000002384185791,3.3809258937835693,3.718334674835205,0.29999998211860657,visibility_direction_rejected
1786670555.5882707,6,465,2,2,1.7056638689219585,22.007408142089844,7.335905075073242,1.1000001430511475,22.820858001708984,8.780754089355469,1.5,visibility_direction_rejected
1786670555.5882707,6,465,3,2,0.1530966991750624,32.763511657714844,11.759404182434082,0.0972118005156517,32.753665924072266,11.638230323791504,0.19026316702365875,not_evaluated_this_snapshot
1786670555.5882707,6,465,4,2,0.1466690228215175,40.98398208618164,4.313149929046631,0.30000001192092896,40.839454650878906,4.288177490234375,0.29999998211860657,not_evaluated_this_snapshot
1786670555.5882707,6,465,5,2,1.9319841327827785,22.377944946289062,6.943258285522461,1.1000001430511475,22.820858001708984,8.780754089355469,1.5,visibility_direction_rejected
1786670556.2829728,11,478,1,4,0.033789790644286805,-17.69202995300293,16.968273162841797,-0.10000002384185791,-17.716541290283203,16.94501495361328,-0.10000002384185791,visibility_direction_rejected
1786670556.2829728,11,478,2,3,0.14194753822854125,2.0413026809692383,10.16827392578125,-0.0015756847569718957,1.9387156963348389,10.260175704956055,-0.0359133780002594,visibility_direction_rejected
1786670556.2829728,11,478,3,2,2.299669553494524,5.661285877227783,2.9592361450195312,-0.10000002384185791,3.4845335483551025,3.5839195251464844,0.30000001192092896,visibility_direction_rejected
1786670556.2829728,11,478,4,2,0.0656388335131644,11.706409454345703,6.309942722320557,0.699999988079071,11.641302108764648,6.30160665512085,0.699999988079071,visibility_direction_rejected
1786670556.2829728,11,478,5,2,1.7056638689219585,22.007408142089844,7.335905075073242,1.1000001430511475,22.820858001708984,8.780754089355469,1.5,visibility_direction_rejected
1786670556.2829728,11,478,6,2,0.1530966991750624,32.763511657714844,11.759404182434082,0.0972118005156517,32.753665924072266,11.638230323791504,0.19026316702365875,not_evaluated_this_snapshot
1786670556.2829728,11,478,7,2,0.1466690228215175,40.98398208618164,4.313149929046631,0.30000001192092896,40.839454650878906,4.288177490234375,0.29999998211860657,not_evaluated_this_snapshot
1786670556.2829728,11,478,8,2,1.9319841327827785,22.377944946289062,6.943258285522461,1.1000001430511475,22.820858001708984,8.780754089355469,1.5,visibility_direction_rejected
1786670556.2829728,11,478,9,2,0.03466623812581893,-17.69202995300293,4.434939861297607,-0.10000002384185791,-17.657474517822266,4.432170391082764,-0.10000002384185791,visibility_direction_rejected
1786670556.2829728,11,478,10,2,0.3747313722610798,-12.358697891235352,17.634939193725586,-0.0015756847569718957,-12.366070747375488,17.412630081176758,0.30000001192092896,visibility_direction_rejected
1786670556.9871695,11,473,1,4,0.04694571382862791,-17.760475158691406,16.961559295654297,-0.10000002384185791,-17.716541290283203,16.94501495361328,-0.10000002384185791,visibility_direction_rejected
1786670556.9871695,11,473,2,3,0.10307612005449597,-17.760475158691406,4.428226470947266,-0.10000002384185791,-17.657474517822266,4.432170391082764,-0.10000002384185791,visibility_direction_rejected
1786670556.9871695,11,473,3,2,2.4364466414905097,5.661285877227783,2.9592361450195312,-0.10000002384185791,3.3809258937835693,3.718334674835205,0.29999998211860657,visibility_direction_rejected
1786670556.9871695,11,473,4,2,1.7056638689219585,22.007408142089844,7.335905075073242,1.1000001430511475,22.820858001708984,8.780754089355469,1.5,visibility_direction_rejected
1786670556.9871695,11,473,5,2,0.1530966991750624,32.763511657714844,11.759404182434082,0.0972118005156517,32.753665924072266,11.638230323791504,0.19026316702365875,not_evaluated_this_snapshot
1786670556.9871695,11,473,6,2,0.1466690228215175,40.98398208618164,4.313149929046631,0.30000001192092896,40.839454650878906,4.288177490234375,0.29999998211860657,not_evaluated_this_snapshot
1786670556.9871695,11,473,7,2,1.9319841327827785,22.377944946289062,6.943258285522461,1.1000001430511475,22.820858001708984,8.780754089355469,1.5,visibility_direction_rejected
1786670556.9871695,11,473,8,2,0.057254184551240886,-14.495586395263672,16.688180923461914,-0.10000002384185791,-14.462746620178223,16.641281127929688,-0.10000002384185791,visibility_direction_rejected
1786670556.9871695,11,473,9,2,0.3757123214341062,-12.427142143249512,17.62822723388672,-0.0015756847569718957,-12.366070747375488,17.412630081176758,0.30000001192092896,visibility_direction_rejected
1786670556.9871695,11,473,10,1,1.1795046909753353,-2.7622525691986084,-0.11182068288326263,-0.0009258950012736022,-3.54270601272583,-0.9954596757888794,-0.03706270083785057,not_evaluated_this_snapshot
1786670557.6915357,12,453,1,7,0.12237192669608563,10.306447982788086,8.960678100585938,-0.0009258950012736022,10.197319984436035,9.005547523498535,-0.03337128460407257,visibility_direction_rejected
1786670557.6915357,12,453,2,4,0.420735264806655,-16.89304542541504,18.563207626342773,-0.10000002384185791,-16.826757431030273,18.76418685913086,0.26363635063171387,visibility_direction_rejected
1786670557.6915357,12,453,3,3,1.1029625966117842,-13.159712791442871,15.36320972442627,-0.0015756847569718957,-12.102622985839844,15.676534652709961,-0.03182666376233101,visibility_direction_rejected
1786670557.6915357,12,453,4,3,0.035644044640201614,-17.693044662475586,4.429876327514648,-0.10000002384185791,-17.657474517822266,4.432170391082764,-0.10000002384185791,visibility_direction_rejected
1786670557.6915357,12,453,5,2,2.6947115750330672,5.661285877227783,2.9592361450195312,-0.10000002384185791,3.9084815979003906,4.966509819030762,0.30000001192092896,visibility_direction_rejected
1786670557.6915357,12,453,6,2,1.7056638689219585,22.007408142089844,7.335905075073242,1.1000001430511475,22.820858001708984,8.780754089355469,1.5,visibility_direction_rejected
1786670557.6915357,12,453,7,2,0.1530966991750624,32.763511657714844,11.759404182434082,0.0972118005156517,32.753665924072266,11.638230323791504,0.19026316702365875,not_evaluated_this_snapshot
1786670557.6915357,12,453,8,2,0.1466690228215175,40.98398208618164,4.313149929046631,0.30000001192092896,40.839454650878906,4.288177490234375,0.29999998211860657,not_evaluated_this_snapshot
1786670557.6915357,12,453,9,2,1.9319841327827785,22.377944946289062,6.943258285522461,1.1000001430511475,22.820858001708984,8.780754089355469,1.5,visibility_direction_rejected
1786670557.6915357,12,453,10,2,1.2565109730571875,-12.359711647033691,20.029874801635742,-0.10000002384185791,-11.869062423706055,21.186630249023438,-0.10000002384185791,visibility_direction_rejected
1786670557.6915357,12,453,11,1,1.7055398521537133,-2.0915184020996094,-0.10015659034252167,-0.00027831230545416474,-3.54270601272583,-0.9954596757888794,-0.03706270083785057,not_evaluated_this_snapshot
1786670558.366235,11,465,1,4,0.4164441690009295,-16.860074996948242,18.563976287841797,-0.10000002384185791,-16.826757431030273,18.76418685913086,0.26363635063171387,visibility_direction_rejected
1786670558.366235,11,465,2,3,0.16636678826562648,-21.42782974243164,17.36628532409668,-0.10000002384185791,-21.273101806640625,17.427417755126953,-0.10000002384185791,visibility_direction_rejected
1786670558.366235,11,465,3,3,0.003014195700823273,-17.66007423400879,4.430644989013672,-0.10000002384185791,-17.657474517822266,4.432170391082764,-0.10000002384185791,visibility_direction_rejected
1786670558.366235,11,465,4,2,2.6964816601163,5.661285877227783,2.9592361450195312,-0.10000002384185791,3.9055042266845703,4.96628475189209,0.30000001192092896,visibility_direction_rejected
1786670558.366235,11,465,5,2,1.4505306220771446,19.91927146911621,7.095032215118408,1.100000023841858,18.57217025756836,7.632951736450195,1.100000023841858,visibility_direction_rejected
1786670558.366235,11,465,6,2,0.1530966991750624,32.763511657714844,11.759404182434082,0.0972118005156517,32.753665924072266,11.638230323791504,0.19026316702365875,not_evaluated_this_snapshot
1786670558.366235,11,465,7,2,0.1466690228215175,40.98398208618164,4.313149929046631,0.30000001192092896,40.839454650878906,4.288177490234375,0.29999998211860657,not_evaluated_this_snapshot
1786670558.366235,11,465,8,2,1.9319841327827785,22.377944946289062,6.943258285522461,1.1000001430511475,22.820858001708984,8.780754089355469,1.5,visibility_direction_rejected
1786670558.366235,11,465,9,2,1.2432921331748596,-12.326741218566895,20.030643463134766,-0.10000002384185791,-11.869062423706055,21.186630249023438,-0.10000002384185791,visibility_direction_rejected
1786670558.366235,11,465,10,1,1.0285314287782565,-1.294495940208435,-0.10038195550441742,0.0004965988337062299,-0.2763250172138214,0.004999733529984951,-0.10000002384185791,not_evaluated_this_snapshot
1786670559.0805583,9,468,1,4,0.4165441637559575,-16.8659725189209,18.564838409423828,-0.10000002384185791,-16.826757431030273,18.76418685913086,0.26363635063171387,visibility_direction_rejected
1786670559.0805583,9,468,2,3,0.008524913557910673,-17.665973663330078,4.4315080642700195,-0.10000002384185791,-17.657474517822266,4.432170391082764,-0.10000002384185791,visibility_direction_rejected
1786670559.0805583,9,468,3,2,3.1154869852818843,5.661285877227783,2.9592361450195312,-0.10000002384185791,4.577097415924072,5.76829195022583,0.699999988079071,not_evaluated_this_snapshot
1786670559.0805583,9,468,4,2,1.296088874170075,19.91927146911621,7.095032215118408,1.100000023841858,19.243764877319336,6.968292236328125,0.0011487181764096022,visibility_direction_rejected
1786670559.0805583,9,468,5,2,0.1530966991750624,32.763511657714844,11.759404182434082,0.0972118005156517,32.753665924072266,11.638230323791504,0.19026316702365875,not_evaluated_this_snapshot
1786670559.0805583,9,468,6,2,0.1466690228215175,40.98398208618164,4.313149929046631,0.30000001192092896,40.839454650878906,4.288177490234375,0.29999998211860657,not_evaluated_this_snapshot
1786670559.0805583,9,468,7,2,1.9319841327827785,22.377944946289062,6.943258285522461,1.1000001430511475,22.820858001708984,8.780754089355469,1.5,visibility_direction_rejected
1786670559.0805583,9,468,8,2,1.2446754098241848,-12.332639694213867,20.031505584716797,-0.10000002384185791,-11.869062423706055,21.186630249023438,-0.10000002384185791,visibility_direction_rejected
1786670559.7447543,9,463,1,4,0.41756229803747696,-16.8935604095459,18.570114135742188,-0.10000002384185791,-16.826757431030273,18.76418685913086,0.26363635063171387,visibility_direction_rejected
1786670559.7447543,9,463,2,3,0.0363786582679151,-17.693559646606445,4.436782360076904,-0.10000002384185791,-17.657474517822266,4.432170391082764,-0.10000002384185791,visibility_direction_rejected
1786670559.7447543,9,463,3,2,3.404826518954377,8.265490531921387,3.0490012168884277,-0.0063869040459394455,8.062429428100586,6.3735504150390625,0.699999988079071,not_evaluated_this_snapshot
1786670559.7447543,9,463,4,2,0.494380369133969,19.91927146911621,7.095032215118408,1.100000023841858,20.40329360961914,6.994361877441406,1.100000023841858,visibility_direction_rejected
1786670559.7447543,9,463,5,2,0.1530966991750624,32.763511657714844,11.759404182434082,0.0972118005156517,32.753665924072266,11.638230323791504,0.19026316702365875,not_evaluated_this_snapshot
1786670559.7447543,9,463,6,2,0.1466690228215175,40.98398208618164,4.313149929046631,0.30000001192092896,40.839454650878906,4.288177490234375,0.29999998211860657,not_evaluated_this_snapshot
1786670559.7447543,9,463,7,2,1.9319841327827785,22.377944946289062,6.943258285522461,1.1000001430511475,22.820858001708984,8.780754089355469,1.5,visibility_direction_rejected
1786670559.7447543,9,463,8,2,1.25035789231768,-12.36022663116455,20.036781311035156,-0.10000002384185791,-11.869062423706055,21.186630249023438,-0.10000002384185791,visibility_direction_rejected
1786670560.4188805,9,461,1,4,0.4119859421088731,-16.87373161315918,18.576318740844727,-0.10000002384185791,-16.826757431030273,18.76418685913086,0.26363635063171387,visibility_direction_rejected
1786670560.4188805,9,461,2,3,0.01952552145622185,-17.673730850219727,4.442986011505127,-0.10000002384185791,-17.657474517822266,4.432170391082764,-0.10000002384185791,visibility_direction_rejected
1786670560.4188805,9,461,3,2,3.3727736875506547,5.661285877227783,2.9592361450195312,-0.10000002384185791,3.373541831970215,5.4050140380859375,0.30000001192092896,not_evaluated_this_snapshot
1786670560.4188805,9,461,4,2,0.494380369133969,19.91927146911621,7.095032215118408,1.100000023841858,20.40329360961914,6.994361877441406,1.100000023841858,visibility_direction_rejected
1786670560.4188805,9,461,5,2,0.1530966991750624,32.763511657714844,11.759404182434082,0.0972118005156517,32.753665924072266,11.638230323791504,0.19026316702365875,not_evaluated_this_snapshot
1786670560.4188805,9,461,6,2,0.1466690228215175,40.98398208618164,4.313149929046631,0.30000001192092896,40.839454650878906,4.288177490234375,0.29999998211860657,not_evaluated_this_snapshot
1786670560.4188805,9,461,7,2,1.9319841327827785,22.377944946289062,6.943258285522461,1.1000001430511475,22.820858001708984,8.780754089355469,1.5,visibility_direction_rejected
1786670560.4188805,9,461,8,2,1.236965921735229,-12.340398788452148,20.042984008789062,-0.10000002384185791,-11.869062423706055,21.186630249023438,-0.10000002384185791,visibility_direction_rejected
1786670561.123559,11,459,1,4,0.4119859421088731,-16.87373161315918,18.576318740844727,-0.10000002384185791,-16.826757431030273,18.76418685913086,0.26363635063171387,visibility_direction_rejected
1786670561.123559,11,459,2,3,3.3683737674087704,5.951104640960693,0.3720777928829193,-0.10000002384185791,2.594731330871582,0.08800026774406433,-0.10000002384185791,not_evaluated_this_snapshot
1786670561.123559,11,459,3,3,0.01952552145622185,-17.673730850219727,4.442986011505127,-0.10000002384185791,-17.657474517822266,4.432170391082764,-0.10000002384185791,visibility_direction_rejected
1786670561.123559,11,459,4,2,0.03567562707517213,19.91927146911621,7.095032215118408,1.100000023841858,19.95378303527832,7.104071140289307,1.100000023841858,visibility_direction_rejected
1786670561.123559,11,459,5,2,0.020288002709763758,12.693933486938477,9.577876091003418,0.08886483311653137,12.699625015258789,9.571667671203613,0.10732194781303406,visibility_direction_rejected
1786670561.123559,11,459,6,2,0.1530966991750624,32.763511657714844,11.759404182434082,0.0972118005156517,32.753665924072266,11.638230323791504,0.19026316702365875,not_evaluated_this_snapshot
1786670561.123559,11,459,7,2,0.1466690228215175,40.98398208618164,4.313149929046631,0.30000001192092896,40.839454650878906,4.288177490234375,0.29999998211860657,not_evaluated_this_snapshot
1786670561.123559,11,459,8,2,1.1685562164486498,22.377944946289062,6.943258285522461,1.1000001430511475,21.261398315429688,7.288000583648682,1.100000023841858,visibility_direction_rejected
1786670561.123559,11,459,9,2,1.236965921735229,-12.340398788452148,20.042984008789062,-0.10000002384185791,-11.869062423706055,21.186630249023438,-0.10000002384185791,visibility_direction_rejected
1786670561.123559,11,459,10,1,0.7378054220083861,1.3947314023971558,-0.045333076268434525,0.003089828882366419,2.111527919769287,0.09584792703390121,-0.10000002384185791,not_evaluated_this_snapshot
1786670561.8279243,9,456,1,5,0.4119859421088731,-16.87373161315918,18.576318740844727,-0.10000002384185791,-16.826757431030273,18.76418685913086,0.26363635063171387,visibility_direction_rejected
1786670561.8279243,9,456,2,4,0.01952552145622185,-17.673730850219727,4.442986011505127,-0.10000002384185791,-17.657474517822266,4.432170391082764,-0.10000002384185791,visibility_direction_rejected
1786670561.8279243,9,456,3,3,0.8557987991156858,20.803916931152344,6.629256248474121,0.30000001192092896,21.14643669128418,7.30384635925293,0.699999988079071,visibility_direction_rejected
1786670561.8279243,9,456,4,2,0.03567562707517213,19.91927146911621,7.095032215118408,1.100000023841858,19.95378303527832,7.104071140289307,1.100000023841858,visibility_direction_rejected
1786670561.8279243,9,456,5,2,0.020288002709763758,12.693933486938477,9.577876091003418,0.08886483311653137,12.699625015258789,9.571667671203613,0.10732194781303406,visibility_direction_rejected
1786670561.8279243,9,456,6,2,0.1530966991750624,32.763511657714844,11.759404182434082,0.0972118005156517,32.753665924072266,11.638230323791504,0.19026316702365875,not_evaluated_this_snapshot
1786670561.8279243,9,456,7,2,0.1466690228215175,40.98398208618164,4.313149929046631,0.30000001192092896,40.839454650878906,4.288177490234375,0.29999998211860657,not_evaluated_this_snapshot
1786670561.8279243,9,456,8,2,1.236965921735229,-12.340398788452148,20.042984008789062,-0.10000002384185791,-11.869062423706055,21.186630249023438,-0.10000002384185791,visibility_direction_rejected
1786670562.5526109,9,457,1,5,0.4119859421088731,-16.87373161315918,18.576318740844727,-0.10000002384185791,-16.826757431030273,18.76418685913086,0.26363635063171387,visibility_direction_rejected
1786670562.5526109,9,457,2,4,0.01952552145622185,-17.673730850219727,4.442986011505127,-0.10000002384185791,-17.657474517822266,4.432170391082764,-0.10000002384185791,visibility_direction_rejected
1786670562.5526109,9,457,3,3,0.5160501308561452,21.947463989257812,4.90312385559082,0.30000001192092896,21.5133056640625,5.1820759773254395,0.30000001192092896,visibility_direction_rejected
1786670562.5526109,9,457,4,2,3.2946072502897064,5.661285877227783,2.9592361450195312,-0.10000002384185791,4.046639442443848,0.11540883034467697,0.30000001192092896,not_evaluated_this_snapshot
1786670562.5526109,9,457,5,2,0.03567562707517213,19.91927146911621,7.095032215118408,1.100000023841858,19.95378303527832,7.104071140289307,1.100000023841858,visibility_direction_rejected
1786670562.5526109,9,457,6,2,0.1530966991750624,32.763511657714844,11.759404182434082,0.0972118005156517,32.753665924072266,11.638230323791504,0.19026316702365875,not_evaluated_this_snapshot
1786670562.5526109,9,457,7,2,0.1466690228215175,40.98398208618164,4.313149929046631,0.30000001192092896,40.839454650878906,4.288177490234375,0.29999998211860657,not_evaluated_this_snapshot
1786670562.5526109,9,457,8,2,1.236965921735229,-12.340398788452148,20.042984008789062,-0.10000002384185791,-11.869062423706055,21.186630249023438,-0.10000002384185791,visibility_direction_rejected
1786670563.2568665,6,469,1,5,0.4119859421088731,-16.87373161315918,18.576318740844727,-0.10000002384185791,-16.826757431030273,18.76418685913086,0.26363635063171387,visibility_direction_rejected
1786670563.2568665,6,469,2,4,0.01952552145622185,-17.673730850219727,4.442986011505127,-0.10000002384185791,-17.657474517822266,4.432170391082764,-0.10000002384185791,visibility_direction_rejected
1786670563.2568665,6,469,3,2,3.350337170856711,5.661285877227783,2.9592361450195312,-0.10000002384185791,3.3645880222320557,5.36546516418457,0.30000001192092896,not_evaluated_this_snapshot
1786670563.2568665,6,469,4,2,0.1530966991750624,32.763511657714844,11.759404182434082,0.0972118005156517,32.753665924072266,11.638230323791504,0.19026316702365875,not_evaluated_this_snapshot
1786670563.2568665,6,469,5,2,0.1466690228215175,40.98398208618164,4.313149929046631,0.30000001192092896,40.839454650878906,4.288177490234375,0.29999998211860657,not_evaluated_this_snapshot
1786670563.9814298,7,468,1,4,0.4119859421088731,-16.87373161315918,18.576318740844727,-0.10000002384185791,-16.826757431030273,18.76418685913086,0.26363635063171387,visibility_direction_rejected
1786670563.9814298,7,468,2,4,0.01952552145622185,-17.673730850219727,4.442986011505127,-0.10000002384185791,-17.657474517822266,4.432170391082764,-0.10000002384185791,visibility_direction_rejected
1786670563.9814298,7,468,3,2,3.2832872381507845,5.661285877227783,2.9592361450195312,-0.10000002384185791,4.179708480834961,0.031145188957452774,0.005767928436398506,not_evaluated_this_snapshot
1786670563.9814298,7,468,4,2,1.4642546890519224,22.83097267150879,9.2328462600708,0.10732194781303406,22.820858001708984,8.780754089355469,1.5,visibility_direction_rejected
1786670563.9814298,7,468,5,2,0.1530966991750624,32.763511657714844,11.759404182434082,0.0972118005156517,32.753665924072266,11.638230323791504,0.19026316702365875,not_evaluated_this_snapshot
1786670563.9814298,7,468,6,2,0.1466690228215175,40.98398208618164,4.313149929046631,0.30000001192092896,40.839454650878906,4.288177490234375,0.29999998211860657,not_evaluated_this_snapshot
1786670564.6756902,7,473,1,4,0.01952552145622185,-17.673730850219727,4.442986011505127,-0.10000002384185791,-17.657474517822266,4.432170391082764,-0.10000002384185791,visibility_direction_rejected
1786670564.6756902,7,473,2,3,0.4119859421088731,-16.87373161315918,18.576318740844727,-0.10000002384185791,-16.826757431030273,18.76418685913086,0.26363635063171387,not_evaluated_this_snapshot
1786670564.6756902,7,473,3,2,2.974516834972257,5.661285877227783,2.9592361450195312,-0.10000002384185791,4.951048851013184,0.07272075116634369,0.006501850206404924,not_evaluated_this_snapshot
1786670564.6756902,7,473,4,2,1.4642546890519224,22.83097267150879,9.2328462600708,0.10732194781303406,22.820858001708984,8.780754089355469,1.5,visibility_direction_rejected
1786670564.6756902,7,473,5,2,0.1530966991750624,32.763511657714844,11.759404182434082,0.0972118005156517,32.753665924072266,11.638230323791504,0.19026316702365875,not_evaluated_this_snapshot
1786670564.6756902,7,473,6,2,0.1466690228215175,40.98398208618164,4.313149929046631,0.30000001192092896,40.839454650878906,4.288177490234375,0.29999998211860657,not_evaluated_this_snapshot
1786670565.389968,8,474,1,4,1.6270342503318604,-10.824974060058594,4.349754810333252,0.00177766103297472,-9.278347969055176,4.844557285308838,-0.10000002384185791,visibility_direction_rejected
1786670565.389968,8,474,2,4,0.01952552145622185,-17.673730850219727,4.442986011505127,-0.10000002384185791,-17.657474517822266,4.432170391082764,-0.10000002384185791,visibility_direction_rejected
1786670565.389968,8,474,3,3,0.4119859421088731,-16.87373161315918,18.576318740844727,-0.10000002384185791,-16.826757431030273,18.76418685913086,0.26363635063171387,not_evaluated_this_snapshot
1786670565.389968,8,474,4,2,2.8270385441342407,5.661285877227783,2.9592361450195312,-0.10000002384185791,5.618223667144775,0.13455626368522644,0.007126742508262396,not_evaluated_this_snapshot
1786670565.389968,8,474,5,2,1.4642546890519224,22.83097267150879,9.2328462600708,0.10732194781303406,22.820858001708984,8.780754089355469,1.5,visibility_direction_rejected
1786670565.389968,8,474,6,2,0.1530966991750624,32.763511657714844,11.759404182434082,0.0972118005156517,32.753665924072266,11.638230323791504,0.19026316702365875,not_evaluated_this_snapshot
1786670565.389968,8,474,7,2,0.1466690228215175,40.98398208618164,4.313149929046631,0.30000001192092896,40.839454650878906,4.288177490234375,0.29999998211860657,not_evaluated_this_snapshot
1786670566.0841868,6,481,1,3,0.4119859421088731,-16.87373161315918,18.576318740844727,-0.10000002384185791,-16.826757431030273,18.76418685913086,0.26363635063171387,not_evaluated_this_snapshot
1786670566.0841868,6,481,2,3,0.01952552145622185,-17.673730850219727,4.442986011505127,-0.10000002384185791,-17.657474517822266,4.432170391082764,-0.10000002384185791,visibility_direction_rejected
1786670566.0841868,6,481,3,2,2.8411909368738892,5.661285877227783,2.9592361450195312,-0.10000002384185791,6.282562732696533,0.18889851868152618,0.007751749828457832,not_evaluated_this_snapshot
1786670566.0841868,6,481,4,2,0.1530966991750624,32.763511657714844,11.759404182434082,0.0972118005156517,32.753665924072266,11.638230323791504,0.19026316702365875,not_evaluated_this_snapshot
1786670566.0841868,6,481,5,2,0.1466690228215175,40.98398208618164,4.313149929046631,0.30000001192092896,40.839454650878906,4.288177490234375,0.29999998211860657,not_evaluated_this_snapshot
1786670566.838815,7,482,1,3,0.4119859421088731,-16.87373161315918,18.576318740844727,-0.10000002384185791,-16.826757431030273,18.76418685913086,0.26363635063171387,not_evaluated_this_snapshot
1786670566.838815,7,482,2,3,0.01952552145622185,-17.673730850219727,4.442986011505127,-0.10000002384185791,-17.657474517822266,4.432170391082764,-0.10000002384185791,visibility_direction_rejected
1786670566.838815,7,482,3,2,2.7047070432634803,8.265490531921387,3.0490012168884277,-0.0063869040459394455,8.549113273620605,5.72128963470459,0.30000001192092896,visibility_direction_rejected
1786670566.838815,7,482,4,2,0.1530966991750624,32.763511657714844,11.759404182434082,0.0972118005156517,32.753665924072266,11.638230323791504,0.19026316702365875,visibility_direction_rejected
1786670566.838815,7,482,5,2,0.1466690228215175,40.98398208618164,4.313149929046631,0.30000001192092896,40.839454650878906,4.288177490234375,0.29999998211860657,not_evaluated_this_snapshot
1786670566.838815,7,482,6,2,1.2539530823914684,-4.650886058807373,-0.4120436906814575,-0.10000002384185791,-3.54270601272583,-0.9954596757888794,-0.03706270083785057,visibility_vote_pending
1786670568.2576032,8,487,1,3,0.4119859421088731,-16.87373161315918,18.576318740844727,-0.10000002384185791,-16.826757431030273,18.76418685913086,0.26363635063171387,not_evaluated_this_snapshot
1786670568.2576032,8,487,2,3,0.01952552145622185,-17.673730850219727,4.442986011505127,-0.10000002384185791,-17.657474517822266,4.432170391082764,-0.10000002384185791,visibility_direction_rejected
1786670568.2576032,8,487,3,2,2.6919424579603253,8.265490531921387,3.0490012168884277,-0.0063869040459394455,8.491519927978516,5.7138824462890625,0.30000001192092896,visibility_direction_rejected
1786670568.2576032,8,487,4,2,0.1530966991750624,32.763511657714844,11.759404182434082,0.0972118005156517,32.753665924072266,11.638230323791504,0.19026316702365875,visibility_direction_rejected
1786670568.2576032,8,487,5,2,0.1466690228215175,40.98398208618164,4.313149929046631,0.30000001192092896,40.839454650878906,4.288177490234375,0.29999998211860657,not_evaluated_this_snapshot
1786670568.2576032,8,487,6,2,1.3018355563516317,-4.708479881286621,-0.4194509983062744,-0.10000002384185791,-3.54270601272583,-0.9954596757888794,-0.03706270083785057,visibility_vote_pending
1786670568.2576032,8,487,7,1,4.417235487259352,8.01456356048584,0.24474886059761047,-0.0012805097503587604,11.881230354309082,-1.8885846138000488,-0.10000002384185791,not_evaluated_this_snapshot
1786670570.4217956,12,483,1,4,0.774091543713876,27.29744529724121,6.4995269775390625,0.699999988079071,26.89448356628418,5.973371505737305,0.30000001192092896,visibility_direction_rejected
1786670570.4217956,12,483,2,3,0.4119859421088731,-16.87373161315918,18.576318740844727,-0.10000002384185791,-16.826757431030273,18.76418685913086,0.26363635063171387,not_evaluated_this_snapshot
1786670570.4217956,12,483,3,3,0.01952552145622185,-17.673730850219727,4.442986011505127,-0.10000002384185791,-17.657474517822266,4.432170391082764,-0.10000002384185791,visibility_direction_rejected
1786670570.4217956,12,483,4,2,4.088026942368306,6.6352362632751465,-0.8266406059265137,-0.10000002384185791,3.0377349853515625,-2.7682762145996094,-0.10000002384185791,not_evaluated_this_snapshot
1786670570.4217956,12,483,5,2,2.6987266581674514,8.265490531921387,3.0490012168884277,-0.01600768230855465,8.600654602050781,5.708123207092285,0.30000001192092896,visibility_direction_rejected
1786670570.4217956,12,483,6,2,1.792021790629853,-1.767237901687622,-1.2301807403564453,-0.10000002384185791,-3.54270601272583,-0.9954596757888794,-0.03706270083785057,visibility_direction_rejected
1786670570.4217956,12,483,7,2,0.1530966991750624,32.763511657714844,11.759404182434082,0.0972118005156517,32.753665924072266,11.638230323791504,0.19026316702365875,visibility_direction_rejected
1786670570.4217956,12,483,8,2,0.1466690228215175,40.98398208618164,4.313149929046631,0.30000001192092896,40.839454650878906,4.288177490234375,0.29999998211860657,not_evaluated_this_snapshot
1786670570.4217956,12,483,9,2,1.6944231071287703,4.7142252922058105,6.542900562286377,-0.0015756847569718957,5.626112937927246,7.451779842376709,1.100000023841858,visibility_direction_rejected
1786670570.4217956,12,483,10,2,1.1778602391637238,-4.572184085845947,-0.42662882804870605,-0.10000002384185791,-3.54270601272583,-0.9954596757888794,-0.03706270083785057,visibility_vote_pending
1786670570.4217956,12,483,11,1,4.771406313353229,7.968569755554199,0.2400261014699936,0.0037124273367226124,12.235237121582031,-1.8933073282241821,-0.10000002384185791,not_evaluated_this_snapshot
1786670571.1160324,11,485,1,4,0.7653839921400516,27.2999324798584,6.499546527862549,0.699999988079071,26.915374755859375,5.972357749938965,0.29999998211860657,visibility_direction_rejected
1786670571.1160324,11,485,2,3,0.4119859421088731,-16.87373161315918,18.576318740844727,-0.10000002384185791,-16.826757431030273,18.76418685913086,0.26363635063171387,not_evaluated_this_snapshot
1786670571.1160324,11,485,3,3,0.01952552145622185,-17.673730850219727,4.442986011505127,-0.10000002384185791,-17.657474517822266,4.432170391082764,-0.10000002384185791,visibility_direction_rejected
1786670571.1160324,11,485,4,2,4.0887636234044,6.637983322143555,-0.8301844000816345,-0.10000002384185791,3.0377349853515625,-2.7682762145996094,-0.10000002384185791,not_evaluated_this_snapshot
1786670571.1160324,11,485,5,2,2.7010709112934315,8.265490531921387,3.0490012168884277,-0.01600768230855465,8.629555702209473,5.706703186035156,0.30000001192092896,visibility_direction_rejected
1786670571.1160324,11,485,6,2,0.1530966991750624,32.763511657714844,11.759404182434082,0.0972118005156517,32.753665924072266,11.638230323791504,0.19026316702365875,visibility_direction_rejected
1786670571.1160324,11,485,7,2,0.1466690228215175,40.98398208618164,4.313149929046631,0.30000001192092896,40.839454650878906,4.288177490234375,0.29999998211860657,not_evaluated_this_snapshot
1786670571.1160324,11,485,8,2,1.6944231071287703,4.7142252922058105,6.542900562286377,-0.0015756847569718957,5.626112937927246,7.451779842376709,1.100000023841858,visibility_direction_rejected
1786670571.1160324,11,485,9,2,1.1591468694393452,-4.551291465759277,-0.4276430308818817,-0.10000002384185791,-3.54270601272583,-0.9954596757888794,-0.03706270083785057,visibility_vote_pending
1786670571.1160324,11,485,10,1,4.767365522817751,7.974063873291016,0.23293854296207428,0.003720485372468829,12.237983703613281,-1.8968510627746582,-0.10000002384185791,not_evaluated_this_snapshot
1786670571.811545,10,487,1,4,0.7657963196481863,27.30136489868164,6.499098300933838,0.699999988079071,26.915374755859375,5.972357749938965,0.29999998211860657,visibility_direction_rejected
1786670571.811545,10,487,2,3,0.4119859421088731,-16.87373161315918,18.576318740844727,-0.10000002384185791,-16.826757431030273,18.76418685913086,0.26363635063171387,not_evaluated_this_snapshot
1786670571.811545,10,487,3,3,0.01952552145622185,-17.673730850219727,4.442986011505127,-0.10000002384185791,-17.657474517822266,4.432170391082764,-0.10000002384185791,visibility_direction_rejected
1786670571.811545,10,487,4,2,2.7026047765110253,8.265490531921387,3.0490012168884277,-0.01600768230855465,8.650156021118164,5.705360412597656,0.30000001192092896,visibility_direction_rejected
1786670571.811545,10,487,5,2,0.1530966991750624,32.763511657714844,11.759404182434082,0.0972118005156517,32.753665924072266,11.638230323791504,0.19026316702365875,visibility_direction_rejected
1786670571.811545,10,487,6,2,0.1466690228215175,40.98398208618164,4.313149929046631,0.30000001192092896,40.839454650878906,4.288177490234375,0.29999998211860657,not_evaluated_this_snapshot
1786670571.811545,10,487,7,2,1.6944231071287703,4.7142252922058105,6.542900562286377,-0.0015756847569718957,5.626112937927246,7.451779842376709,1.100000023841858,visibility_direction_rejected
1786670571.811545,10,487,8,2,1.1591468694393452,-4.551291465759277,-0.4276430308818817,-0.10000002384185791,-3.54270601272583,-0.9954596757888794,-0.03706270083785057,visibility_vote_pending
1786670571.811545,10,487,9,1,0.8496290297495638,7.973753929138184,0.2306373566389084,0.003721066052094102,7.17375373840332,-0.03602932393550873,-0.10000002384185791,not_evaluated_this_snapshot
1786670572.495942,11,484,1,4,0.7675606101969317,27.30352020263672,6.500081539154053,0.699999988079071,26.915374755859375,5.972357749938965,0.29999998211860657,visibility_direction_rejected
1786670572.495942,11,484,2,3,0.4119859421088731,-16.87373161315918,18.576318740844727,-0.10000002384185791,-16.826757431030273,18.76418685913086,0.26363635063171387,not_evaluated_this_snapshot
1786670572.495942,11,484,3,3,0.01952552145622185,-17.673730850219727,4.442986011505127,-0.10000002384185791,-17.657474517822266,4.432170391082764,-0.10000002384185791,visibility_direction_rejected
1786670572.495942,11,484,4,2,4.179299027310059,6.7410054206848145,-0.8311834335327148,-0.10000002384185791,3.0377349853515625,-2.7682762145996094,-0.10000002384185791,not_evaluated_this_snapshot
1786670572.495942,11,484,5,2,2.7026047765110253,8.265490531921387,3.0490012168884277,-0.01600768230855465,8.650156021118164,5.705360412597656,0.30000001192092896,visibility_direction_rejected
1786670572.495942,11,484,6,2,0.1530966991750624,32.763511657714844,11.759404182434082,0.0972118005156517,32.753665924072266,11.638230323791504,0.19026316702365875,visibility_direction_rejected
1786670572.495942,11,484,7,2,0.1466690228215175,40.98398208618164,4.313149929046631,0.30000001192092896,40.839454650878906,4.288177490234375,0.29999998211860657,not_evaluated_this_snapshot
1786670572.495942,11,484,8,2,1.6944231071287703,4.7142252922058105,6.542900562286377,-0.0015756847569718957,5.626112937927246,7.451779842376709,1.100000023841858,visibility_direction_rejected
1786670572.495942,11,484,9,2,1.1591468694393452,-4.551291465759277,-0.4276430308818817,-0.10000002384185791,-3.54270601272583,-0.9954596757888794,-0.03706270083785057,visibility_vote_pending
1786670572.495942,11,484,10,1,4.7667549259820206,7.980967998504639,0.23833118379116058,0.00372513011097908,12.241005897521973,-1.8978501558303833,-0.10000002384185791,not_evaluated_this_snapshot
1786670573.2004209,11,485,1,4,0.7692195077055134,27.305011749267578,6.501396179199219,0.699999988079071,26.915374755859375,5.972357749938965,0.29999998211860657,visibility_direction_rejected
1786670573.2004209,11,485,2,3,0.4119859421088731,-16.87373161315918,18.576318740844727,-0.10000002384185791,-16.826757431030273,18.76418685913086,0.26363635063171387,not_evaluated_this_snapshot
1786670573.2004209,11,485,3,3,0.01952552145622185,-17.673730850219727,4.442986011505127,-0.10000002384185791,-17.657474517822266,4.432170391082764,-0.10000002384185791,visibility_direction_rejected
1786670573.2004209,11,485,4,2,4.234328445310272,6.802264213562012,-0.8297569155693054,-0.10000002384185791,3.0377349853515625,-2.7682762145996094,-0.10000002384185791,not_evaluated_this_snapshot
1786670573.2004209,11,485,5,2,2.7026047765110253,8.265490531921387,3.0490012168884277,-0.01600768230855465,8.650156021118164,5.705360412597656,0.30000001192092896,visibility_direction_rejected
1786670573.2004209,11,485,6,2,0.1530966991750624,32.763511657714844,11.759404182434082,0.0972118005156517,32.753665924072266,11.638230323791504,0.19026316702365875,visibility_direction_rejected
1786670573.2004209,11,485,7,2,0.1466690228215175,40.98398208618164,4.313149929046631,0.30000001192092896,40.839454650878906,4.288177490234375,0.29999998211860657,not_evaluated_this_snapshot
1786670573.2004209,11,485,8,2,1.6944231071287703,4.7142252922058105,6.542900562286377,-0.0015756847569718957,5.626112937927246,7.451779842376709,1.100000023841858,visibility_direction_rejected
1786670573.2004209,11,485,9,2,1.1591468694393452,-4.551291465759277,-0.4276430308818817,-0.10000002384185791,-3.54270601272583,-0.9954596757888794,-0.03706270083785057,visibility_vote_pending
1786670573.2004209,11,485,10,1,4.769460334390266,7.9806342124938965,0.24261602759361267,0.003723163390532136,12.242265701293945,-1.896423578262329,-0.10000002384185791,not_evaluated_this_snapshot
1786670573.884801,11,484,1,4,0.7692194767106456,27.305011749267578,6.501396179199219,0.6999999284744263,26.915374755859375,5.972357749938965,0.29999998211860657,visibility_direction_rejected
1786670573.884801,11,484,2,3,0.4119859421088731,-16.87373161315918,18.576318740844727,-0.10000002384185791,-16.826757431030273,18.76418685913086,0.26363635063171387,not_evaluated_this_snapshot
1786670573.884801,11,484,3,3,0.01952552145622185,-17.673730850219727,4.442986011505127,-0.10000002384185791,-17.657474517822266,4.432170391082764,-0.10000002384185791,visibility_direction_rejected
1786670573.884801,11,484,4,2,4.27155764697682,6.84426736831665,-0.8301028609275818,-0.10000002384185791,3.0377349853515625,-2.7682762145996094,-0.10000002384185791,not_evaluated_this_snapshot
1786670573.884801,11,484,5,2,2.825089789156611,8.265490531921387,3.0490012168884277,-0.01600768230855465,9.17820930480957,5.703848838806152,0.30000001192092896,visibility_static_rejected
1786670573.884801,11,484,6,2,0.1530966991750624,32.763511657714844,11.759404182434082,0.0972118005156517,32.753665924072266,11.638230323791504,0.19026316702365875,visibility_direction_rejected
1786670573.884801,11,484,7,2,0.1466690228215175,40.98398208618164,4.313149929046631,0.30000001192092896,40.839454650878906,4.288177490234375,0.29999998211860657,not_evaluated_this_snapshot
1786670573.884801,11,484,8,2,1.6944231071287703,4.7142252922058105,6.542900562286377,-0.0015756847569718957,5.626112937927246,7.451779842376709,1.100000023841858,visibility_direction_rejected
1786670573.884801,11,484,9,2,1.1591468694393452,-4.551291465759277,-0.4276430308818817,-0.10000002384185791,-3.54270601272583,-0.9954596757888794,-0.03706270083785057,visibility_vote_pending
1786670573.884801,11,484,10,1,4.761678311282161,7.987615585327148,0.2348342388868332,0.0037329327315092087,12.244267463684082,-1.8967695236206055,-0.10000002384185791,not_evaluated_this_snapshot
1786670574.589129,11,483,1,4,0.7692194767106456,27.305011749267578,6.501396179199219,0.6999999284744263,26.915374755859375,5.972357749938965,0.29999998211860657,visibility_direction_rejected
1786670574.589129,11,483,2,3,0.4119859421088731,-16.87373161315918,18.576318740844727,-0.10000002384185791,-16.826757431030273,18.76418685913086,0.26363635063171387,not_evaluated_this_snapshot
1786670574.589129,11,483,3,3,0.01952552145622185,-17.673730850219727,4.442986011505127,-0.10000002384185791,-17.657474517822266,4.432170391082764,-0.10000002384185791,visibility_direction_rejected
1786670574.589129,11,483,4,2,4.2963933761240245,6.8729400634765625,-0.8317334055900574,-0.10000002384185791,3.0377349853515625,-2.7682762145996094,-0.10000002384185791,not_evaluated_this_snapshot
1786670574.589129,11,483,5,2,2.8228345025796404,8.265490531921387,3.0490012168884277,-0.01600768230855465,9.178228378295898,5.701442241668701,0.30000001192092896,visibility_static_rejected
1786670574.589129,11,483,6,2,0.1530966991750624,32.763511657714844,11.759404182434082,0.0972118005156517,32.753665924072266,11.638230323791504,0.19026316702365875,visibility_direction_rejected
1786670574.589129,11,483,7,2,0.1466690228215175,40.98398208618164,4.313149929046631,0.30000001192092896,40.839454650878906,4.288177490234375,0.29999998211860657,not_evaluated_this_snapshot
1786670574.589129,11,483,8,2,1.6944231071287703,4.7142252922058105,6.542900562286377,-0.0015756847569718957,5.626112937927246,7.451779842376709,1.100000023841858,visibility_direction_rejected
1786670574.589129,11,483,9,2,1.1591468694393452,-4.551291465759277,-0.4276430308818817,-0.10000002384185791,-3.54270601272583,-0.9954596757888794,-0.03706270083785057,visibility_vote_pending
1786670574.589129,11,483,10,1,4.766497602058779,7.97830867767334,0.22514989972114563,0.0037275974173098803,12.244369506835938,-1.8984001874923706,-0.10000002384185791,not_evaluated_this_snapshot
1786670575.273436,11,483,1,4,0.7692194767106456,27.305011749267578,6.501396179199219,0.6999999284744263,26.915374755859375,5.972357749938965,0.29999998211860657,visibility_direction_rejected
1786670575.273436,11,483,2,3,0.4119859421088731,-16.87373161315918,18.576318740844727,-0.10000002384185791,-16.826757431030273,18.76418685913086,0.26363635063171387,not_evaluated_this_snapshot
1786670575.273436,11,483,3,3,0.01952552145622185,-17.673730850219727,4.442986011505127,-0.10000002384185791,-17.657474517822266,4.432170391082764,-0.10000002384185791,visibility_direction_rejected
1786670575.273436,11,483,4,2,4.316164710925596,6.894918441772461,-0.8314195871353149,-0.10000002384185791,3.0377349853515625,-2.7682762145996094,-0.10000002384185791,not_evaluated_this_snapshot
1786670575.273436,11,483,5,2,2.823461337321102,8.265490531921387,3.0490012168884277,-0.01600768230855465,9.178874015808105,5.701887130737305,0.30000001192092896,visibility_static_rejected
1786670575.273436,11,483,6,2,0.1530966991750624,32.763511657714844,11.759404182434082,0.0972118005156517,32.753665924072266,11.638230323791504,0.19026316702365875,visibility_direction_rejected
1786670575.273436,11,483,7,2,0.1466690228215175,40.98398208618164,4.313149929046631,0.30000001192092896,40.839454650878906,4.288177490234375,0.29999998211860657,not_evaluated_this_snapshot
1786670575.273436,11,483,8,2,1.6944231071287703,4.7142252922058105,6.542900562286377,-0.0015756847569718957,5.626112937927246,7.451779842376709,1.100000023841858,visibility_direction_rejected
1786670575.273436,11,483,9,2,1.1591468694393452,-4.551291465759277,-0.4276430308818817,-0.10000002384185791,-3.54270601272583,-0.9954596757888794,-0.03706270083785057,visibility_vote_pending
1786670575.273436,11,483,10,1,4.768598496544217,7.982100009918213,0.2374441772699356,0.0037265706341713667,12.244369506835938,-1.8984001874923706,-0.10000002384185791,not_evaluated_this_snapshot
1786670575.9777758,10,491,1,4,0.7692194767106456,27.305011749267578,6.501396179199219,0.6999999284744263,26.915374755859375,5.972357749938965,0.29999998211860657,visibility_direction_rejected
1786670575.9777758,10,491,2,3,0.4119859421088731,-16.87373161315918,18.576318740844727,-0.10000002384185791,-16.826757431030273,18.76418685913086,0.26363635063171387,not_evaluated_this_snapshot
1786670575.9777758,10,491,3,3,0.01952552145622185,-17.673730850219727,4.442986011505127,-0.10000002384185791,-17.657474517822266,4.432170391082764,-0.10000002384185791,visibility_direction_rejected
1786670575.9777758,10,491,4,2,4.316164710925596,6.894918441772461,-0.8314195871353149,-0.10000002384185791,3.0377349853515625,-2.7682762145996094,-0.10000002384185791,not_evaluated_this_snapshot
1786670575.9777758,10,491,5,2,2.8235961948194377,8.265490531921387,3.0490012168884277,-0.01600768230855465,9.179717063903809,5.701740264892578,0.30000001192092896,visibility_static_rejected
1786670575.9777758,10,491,6,2,0.1530966991750624,32.763511657714844,11.759404182434082,0.0972118005156517,32.753665924072266,11.638230323791504,0.19026316702365875,visibility_direction_rejected
1786670575.9777758,10,491,7,2,0.1466690228215175,40.98398208618164,4.313149929046631,0.30000001192092896,40.839454650878906,4.288177490234375,0.29999998211860657,not_evaluated_this_snapshot
1786670575.9777758,10,491,8,2,1.1591468694393452,-4.551291465759277,-0.4276430308818817,-0.10000002384185791,-3.54270601272583,-0.9954596757888794,-0.03706270083785057,visibility_vote_pending
1786670575.9777758,10,491,9,1,4.7647487016998396,7.984778881072998,0.23419398069381714,0.0037304204888641834,12.244369506835938,-1.8984001874923706,-0.10000002384185791,not_evaluated_this_snapshot
1786670576.671969,10,490,1,4,0.7692194767106456,27.305011749267578,6.501396179199219,0.6999999284744263,26.915374755859375,5.972357749938965,0.29999998211860657,visibility_direction_rejected
1786670576.671969,10,490,2,3,0.4119859421088731,-16.87373161315918,18.576318740844727,-0.10000002384185791,-16.826757431030273,18.76418685913086,0.26363635063171387,not_evaluated_this_snapshot
1786670576.671969,10,490,3,3,0.01952552145622185,-17.673730850219727,4.442986011505127,-0.10000002384185791,-17.657474517822266,4.432170391082764,-0.10000002384185791,visibility_direction_rejected
1786670576.671969,10,490,4,2,4.316164710925596,6.894918441772461,-0.8314195871353149,-0.10000002384185791,3.0377349853515625,-2.7682762145996094,-0.10000002384185791,not_evaluated_this_snapshot
1786670576.671969,10,490,5,2,2.8235961948194377,8.265490531921387,3.0490012168884277,-0.01600768230855465,9.179717063903809,5.701740264892578,0.30000001192092896,visibility_static_rejected
1786670576.671969,10,490,6,2,0.1530966991750624,32.763511657714844,11.759404182434082,0.0972118005156517,32.753665924072266,11.638230323791504,0.19026316702365875,visibility_direction_rejected
1786670576.671969,10,490,7,2,0.1466690228215175,40.98398208618164,4.313149929046631,0.30000001192092896,40.839454650878906,4.288177490234375,0.29999998211860657,not_evaluated_this_snapshot
1786670576.671969,10,490,8,2,1.1591468694393452,-4.551291465759277,-0.4276430308818817,-0.10000002384185791,-3.54270601272583,-0.9954596757888794,-0.03706270083785057,visibility_vote_pending
1786670576.671969,10,490,9,1,4.768332062839208,7.977819919586182,0.22828413546085358,0.003725920571014285,12.244369506835938,-1.8984001874923706,-0.10000002384185791,not_evaluated_this_snapshot
1786670576.8027773,11,491,1,4,0.7692194767106456,27.305011749267578,6.501396179199219,0.6999999284744263,26.915374755859375,5.972357749938965,0.29999998211860657,visibility_direction_rejected
1786670576.8027773,11,491,2,3,0.4119859421088731,-16.87373161315918,18.576318740844727,-0.10000002384185791,-16.826757431030273,18.76418685913086,0.26363635063171387,not_evaluated_this_snapshot
1786670576.8027773,11,491,3,3,0.01952552145622185,-17.673730850219727,4.442986011505127,-0.10000002384185791,-17.657474517822266,4.432170391082764,-0.10000002384185791,visibility_direction_rejected
1786670576.8027773,11,491,4,2,4.316164710925596,6.894918441772461,-0.8314195871353149,-0.10000002384185791,3.0377349853515625,-2.7682762145996094,-0.10000002384185791,not_evaluated_this_snapshot
1786670576.8027773,11,491,5,2,2.8235961948194377,8.265490531921387,3.0490012168884277,-0.01600768230855465,9.179717063903809,5.701740264892578,0.30000001192092896,visibility_static_rejected
1786670576.8027773,11,491,6,2,0.1530966991750624,32.763511657714844,11.759404182434082,0.0972118005156517,32.753665924072266,11.638230323791504,0.19026316702365875,visibility_direction_rejected
1786670576.8027773,11,491,7,2,0.1466690228215175,40.98398208618164,4.313149929046631,0.30000001192092896,40.839454650878906,4.288177490234375,0.29999998211860657,not_evaluated_this_snapshot
1786670576.8027773,11,491,8,2,1.1591468694393452,-4.551291465759277,-0.4276430308818817,-0.10000002384185791,-3.54270601272583,-0.9954596757888794,-0.03706270083785057,visibility_vote_pending
1786670576.8027773,11,491,9,1,4.773536899075708,7.974795818328857,0.2338842749595642,0.0037208343856036663,12.244369506835938,-1.8984001874923706,-0.10000002384185791,not_evaluated_this_snapshot
1786670576.8027773,11,491,10,1,0.604603893432695,0.0,0.0,-0.10000002384185791,-0.42439672350883484,-0.43061965703964233,-0.10000002384185791,not_evaluated_this_snapshot
