wall_elapsed_s,ros_time,map_stamp,odom_stamp,map_frame,source_odom_frame,graph_frame,goal_frame,path_frame,initial_position_error_m,initial_yaw_error_deg,static_points,dynamic_points,graph_static_points,accumulated_static_points,graph_nodes,graph_edges,graph_components,largest_component,static_graph_nodes,static_graph_edges,static_graph_components,static_graph_largest,static_graph_invalid_frames,robot_component,robot_degree,blocked_edges,path_poses,path_length_m,path_goal_error_m,path_min_clearance_m,graph_edges_checked,graph_min_clearance_m,graph_clearance_violations,robot_static_clearance_m,waypoint_path_distance_m,reached,semantic_snapshot_s,semantic_update_s,semantic_callback_s,main_loop_s
3.407618,1786670396.954054,1769605459.457861,1769605459.457861,map_start,map,map_start,,,0.000000,0.000000,288,0,74,288,20,54,1,20,0,0,0,0,0,20,12,0,0,0.000000,inf,inf,29,0.471781,0,1.428286,inf,0,0.000971,0.000094,0.001101,0.000000
3.407668,1786670396.954054,1769605459.457861,1769605459.457861,map_start,map,map_start,,,0.000000,0.000000,288,0,74,288,20,54,1,20,0,0,0,0,0,20,12,0,0,0.000000,inf,inf,29,0.471781,0,1.428286,inf,0,0.000971,0.000094,0.001101,0.000000
3.811366,1786670397.356748,1769605459.857742,1769605459.857742,map_start,map,map_start,,,0.000000,0.000000,400,0,119,404,20,54,1,20,0,0,0,0,0,20,11,0,0,0.000000,inf,inf,27,0.492241,0,1.311488,inf,0,0.000620,0.000125,0.000755,0.005927
4.214707,1786670397.759454,1769605460.157801,1769605460.157801,map_start,map,map_start,,,0.000000,0.000000,440,0,139,444,21,52,1,21,0,0,0,0,0,21,8,0,0,0.000000,inf,inf,26,0.457477,0,1.039506,inf,0,0.000649,0.000135,0.000794,0.006411
4.618233,1786670398.162923,1769605460.557768,1769605460.557768,map_start,map,map_start,,,0.000000,0.000000,512,0,170,516,21,49,1,21,0,0,0,0,0,21,7,0,0,0.000000,inf,inf,23,0.473785,0,1.039506,inf,0,0.000856,0.000112,0.000977,0.005958
5.011595,1786670398.556172,1769605460.857878,1769605460.957700,map_start,map,map_start,,,0.000000,0.000000,528,0,176,544,21,51,1,21,0,0,0,0,0,21,7,0,0,0.000000,inf,inf,23,0.473785,0,1.039506,inf,0,0.000502,0.000095,0.000605,0.005956
5.414199,1786670398.959926,1769605461.257947,1769605461.257947,map_start,map,map_start,,,0.000000,0.000000,528,0,189,564,19,47,1,19,0,0,0,0,0,19,8,0,0,0.000000,inf,inf,23,0.478615,0,1.041107,inf,0,0.000510,0.000096,0.000614,0.005486
5.819127,1786670399.363860,1769605461.557801,1769605461.657746,map_start,map,map_start,,,0.000000,0.000000,556,0,199,576,21,50,1,21,0,0,0,0,0,21,8,0,0,0.000000,inf,inf,24,0.478615,0,1.041107,inf,0,0.000554,0.000105,0.000668,0.006524
6.216265,1786670399.767627,1769605461.957834,1769605461.957834,map_start,map,map_start,,,0.000000,0.000000,552,0,204,580,21,51,1,21,0,0,0,0,0,21,8,0,0,0.000000,inf,inf,24,0.478615,0,1.041107,inf,0,0.000770,0.000163,0.000944,0.006524
6.619466,1786670400.171196,1769605462.357857,1769605462.357857,map_start,map,map_start,,,0.000000,0.000000,564,0,211,604,20,47,1,20,0,0,0,0,0,20,8,0,0,0.000000,inf,inf,22,0.482220,0,1.039914,inf,0,0.000760,0.000157,0.000927,0.009521
7.012619,1786670400.554821,1769605462.657860,1769605462.757703,map_start,map,map_start,,,0.000000,0.000000,580,0,220,632,22,52,1,22,6,5,1,6,0,22,8,0,0,0.000000,inf,inf,23,0.490023,0,1.039914,inf,0,0.000864,0.000170,0.001045,0.008699
7.414252,1786670400.958539,1769605463.057787,1769605463.057787,map_start,map,map_start,,,0.000000,0.000000,604,0,225,648,22,52,1,22,6,5,1,6,0,22,8,0,0,0.000000,inf,inf,23,0.490023,0,1.039914,inf,0,0.000558,0.000107,0.000674,0.006938
7.818707,1786670401.361700,1769605463.358770,1769605463.457826,map_start,map,map_start,,,0.000000,0.000000,608,0,228,660,22,51,1,22,7,7,1,7,0,22,6,0,0,0.000000,inf,inf,22,0.480433,0,1.039317,inf,0,0.000566,0.000110,0.000684,0.007724
8.216649,1786670401.765221,1769605463.757796,1769605463.757796,map_start,map,map_start,,,0.000000,0.000000,588,0,226,664,22,51,1,22,7,7,1,7,0,22,6,0,0,0.000000,inf,inf,22,0.480433,0,1.039317,inf,0,0.000883,0.000173,0.001069,0.007724
8.615527,1786670402.158216,1769605464.057722,1769605464.157863,map_start,map,map_start,,,0.000000,0.000000,608,0,228,668,22,52,1,22,7,7,1,7,0,22,7,0,0,0.000000,inf,inf,23,0.485456,0,1.037916,inf,0,0.000604,0.000110,0.000721,0.007891
9.021229,1786670402.570792,1769605464.457789,1769605464.557767,map_start,map,map_start,,,0.000000,0.000000,612,0,231,672,25,68,1,25,7,7,1,7,0,25,7,0,0,0.000000,inf,inf,24,0.485456,0,1.037916,inf,0,0.000918,0.000175,0.001103,0.007891
9.422460,1786670402.973394,1769605464.857798,1769605464.857798,map_start,map,map_start,,,0.000000,0.000000,608,0,233,672,26,71,1,26,8,10,1,8,0,26,7,0,0,0.000000,inf,inf,25,0.485456,0,1.037916,inf,0,0.000700,0.000111,0.000819,0.009843
9.819906,1786670403.366269,1769605465.157680,1769605465.257789,map_start,map,map_start,,,0.000000,0.000000,624,0,242,700,26,73,1,26,8,10,1,8,0,26,7,0,0,0.000000,inf,inf,25,0.486365,0,1.037884,inf,0,0.000823,0.000173,0.001008,0.009843
10.218200,1786670403.769412,1769605465.557701,1769605465.557701,map_start,map,map_start,,,0.000000,0.000000,624,0,248,708,25,69,1,25,19,41,1,19,0,25,7,0,0,0.000000,inf,inf,24,0.486365,0,1.037884,inf,0,0.000913,0.000114,0.001035,0.010299
10.620868,1786670404.162983,1769605465.857830,1769605465.957759,map_start,map,map_start,,,0.000000,0.000000,628,0,251,724,26,77,1,26,19,41,1,19,0,26,8,0,0,0.000000,inf,inf,27,0.486235,0,1.037884,inf,0,0.000657,0.000117,0.000782,0.010299
11.015276,1786670404.566473,1769605466.157845,1769605466.257717,map_start,map,map_start,,,0.000000,0.000000,652,0,276,756,1,0,1,1,19,40,1,19,0,1,0,0,0,0.000000,inf,inf,0,inf,0,0.809739,inf,0,0.000687,0.000123,0.000818,0.009927
11.417946,1786670404.969154,1769605466.557896,1769605466.657809,map_start,map,map_start,,,0.000000,0.000000,707,0,292,791,1,0,1,1,18,38,1,18,0,1,0,0,0,0.000000,inf,inf,0,inf,0,0.809739,inf,0,0.000705,0.000127,0.000840,0.010713
11.821927,1786670405.372127,1769605466.957787,1769605467.057767,map_start,map,map_start,,,0.000000,0.000000,759,0,315,847,1,0,1,1,18,32,1,18,0,1,0,0,0,0.000000,inf,inf,0,inf,0,0.809739,inf,0,0.000805,0.000139,0.000952,0.010745
12.217554,1786670405.764869,1769605467.357737,1769605467.357737,map_start,map,map_start,,,0.000000,0.000000,815,0,339,927,1,0,1,1,17,30,1,17,0,1,0,0,0,0.000000,inf,inf,0,inf,0,0.580748,inf,0,0.001497,0.000233,0.001742,0.014259
12.619277,1786670406.168458,1769605467.657676,1769605467.757705,map_start,map,map_start,,,0.000000,0.000000,900,0,379,1016,1,0,1,1,13,24,1,13,0,1,0,0,0,0.000000,inf,inf,0,inf,0,0.580748,inf,0,0.001216,0.000258,0.001486,0.012179
13.021160,1786670406.570918,1769605467.957775,1769605468.057817,map_start,map,map_start,,,0.000000,0.000000,957,0,414,1068,1,0,1,1,12,23,1,12,0,1,0,0,0,0.000000,inf,inf,0,inf,0,0.580748,inf,0,0.000892,0.000170,0.001070,0.012179
13.417360,1786670406.964719,1769605468.357821,1769605468.457785,map_start,map,map_start,,,0.000000,0.000000,1130,0,476,1205,1,0,1,1,12,23,1,12,0,1,0,0,0,0.000000,inf,inf,0,inf,0,0.525080,inf,0,0.001348,0.000195,0.001549,0.013845
13.820305,1786670407.368309,1769605468.757795,1769605468.757795,map_start,map,map_start,,,0.000000,0.000000,1269,0,526,1360,1,0,1,1,12,23,1,12,0,1,0,0,0,0.000000,inf,inf,0,inf,0,0.525080,inf,0,0.001040,0.000210,0.001256,0.013509
14.222427,1786670407.771518,1769605469.057775,1769605469.157821,map_start,map,map_start,,,0.000000,0.000000,1387,0,575,1478,27,59,1,27,11,18,1,11,0,27,10,0,0,0.000000,inf,inf,22,0.545447,0,0.585082,inf,0,0.001057,0.000223,0.001287,0.011722
14.619638,1786670408.164345,1769605469.457753,1769605469.457753,map_start,map,map_start,,,0.000000,0.000000,1508,0,616,1623,1,0,1,1,11,18,1,11,0,1,0,0,0,0.000000,inf,inf,0,inf,0,0.585082,inf,0,0.001607,0.000303,0.001922,0.016748
15.023714,1786670408.568095,1769605469.857767,1769605469.857767,map_start,map,map_start,,,0.000000,0.000000,1595,0,652,1714,1,0,1,1,9,14,1,9,0,1,0,0,0,0.000000,inf,inf,0,inf,0,0.585082,inf,0,0.001647,0.000423,0.002085,0.017053
15.424639,1786670408.972296,1769605470.157923,1769605470.257796,map_start,map,map_start,,,0.000000,0.000000,1671,0,699,1790,1,0,1,1,9,14,1,9,0,1,0,0,0,0.000000,inf,inf,0,inf,0,0.826070,inf,0,0.001744,0.000278,0.002032,0.017053
15.820535,1786670409.365290,1769605470.557749,1769605470.557749,map_start,map,map_start,,,0.000000,0.000000,1792,0,772,1937,1,0,1,1,7,7,1,7,0,1,0,0,0,0.000000,inf,inf,0,inf,0,0.846768,inf,0,0.001285,0.000281,0.001575,0.016563
16.228599,1786670409.778463,1769605470.857691,1769605470.957817,map_start,map,map_start,,,0.000000,0.000000,1929,0,831,2089,31,68,1,31,6,7,1,6,0,31,7,0,0,0.000000,inf,inf,28,0.479551,0,0.639051,inf,0,0.001951,0.000491,0.002452,0.021355
16.630105,1786670410.181126,1769605471.257880,1769605471.257880,map_start,map,map_start,,,0.000000,0.000000,1983,0,893,2206,1,0,1,1,8,9,1,8,0,1,0,0,0,0.000000,inf,inf,0,inf,0,0.367538,inf,0,0.002007,0.000504,0.002525,0.020652
17.024004,1786670410.574193,1769605471.557762,1769605471.657726,map_start,map,map_start,,,0.000000,0.000000,1984,0,916,2245,1,0,1,1,6,7,1,6,0,1,0,0,0,0.000000,inf,inf,0,inf,0,0.358509,inf,0,0.001374,0.000318,0.001701,0.021080
17.430418,1786670410.978403,1769605471.957796,1769605472.057874,map_start,map,map_start,,,0.000000,0.000000,1964,0,942,2289,31,62,1,31,6,7,1,6,0,31,6,0,0,0.000000,inf,inf,27,0.474597,0,0.731921,inf,0,0.002069,0.000486,0.002566,0.021080
17.835812,1786670411.382833,1769605472.257710,1769605472.357723,map_start,map,map_start,,,0.000000,0.000000,1986,0,960,2317,35,74,1,35,10,14,1,10,0,35,8,0,0,0.000000,inf,inf,29,0.476385,0,0.663247,inf,0,0.001979,0.000325,0.002318,0.023888
18.236126,1786670411.786958,1769605472.657699,1769605472.757741,map_start,map,map_start,,,0.000000,0.000000,2020,0,1006,2375,49,111,1,49,13,15,1,13,0,49,10,0,0,0.000000,inf,inf,38,0.465614,0,0.679784,inf,0,0.001940,0.000341,0.002290,0.029177
18.642216,1786670412.190210,1769605473.057774,1769605473.057774,map_start,map,map_start,,,0.000000,0.000000,2063,0,1035,2457,45,108,1,45,17,27,1,17,0,45,9,0,0,0.000000,inf,inf,30,0.477569,0,0.850085,inf,0,0.001486,0.000348,0.001842,0.032114
19.047560,1786670412.593557,1769605473.357780,1769605473.457622,map_start,map,map_start,,,0.000000,0.000000,2101,0,1102,2553,1,0,1,1,14,23,1,14,0,1,0,0,0,0.000000,inf,inf,0,inf,0,0.623690,inf,0,0.001683,0.000370,0.002059,0.036244
19.443047,1786670412.986800,1769605473.757843,1769605473.857809,map_start,map,map_start,,,0.000000,0.000000,2193,0,1146,2641,46,109,1,46,18,36,1,18,0,46,10,0,0,0.000000,inf,inf,27,0.488012,0,0.628755,inf,0,0.001571,0.000366,0.001945,0.036244
19.846988,1786670413.389818,1769605474.157850,1769605474.157850,map_start,map,map_start,,,0.000000,0.000000,2220,0,1183,2682,1,0,1,1,16,29,1,16,0,1,0,0,0,0.000000,inf,inf,0,inf,0,0.631157,inf,0,0.002499,0.000608,0.003120,0.036546
20.249745,1786670413.792576,1769605474.457772,1769605474.557888,map_start,map,map_start,,,0.000000,0.000000,2311,0,1246,2786,43,101,1,43,16,34,1,16,0,43,10,0,0,0.000000,inf,inf,23,0.484385,0,0.627462,inf,0,0.001657,0.000403,0.002067,0.038331
20.647151,1786670414.196045,1769605474.857772,1769605474.857772,map_start,map,map_start,,,0.000000,0.000000,2379,0,1275,2901,43,103,1,43,19,42,1,19,0,43,9,0,0,0.000000,inf,inf,25,0.471282,0,0.640527,inf,0,0.002548,0.000653,0.003213,0.042546
21.043405,1786670414.590658,1769605475.157749,1769605475.257842,map_start,map,map_start,,,0.000000,0.000000,2404,0,1303,2987,43,99,1,43,19,39,1,19,0,43,9,0,0,0.000000,inf,inf,24,0.470157,0,0.633125,inf,0,0.001827,0.000434,0.002268,0.033822
21.448755,1786670414.993728,1769605475.457880,1769605475.657791,map_start,map,map_start,,,0.000000,0.000000,2411,0,1324,3037,43,101,1,43,20,43,1,20,0,43,9,0,0,0.000000,inf,inf,21,0.481679,0,0.635146,inf,0,0.001835,0.000439,0.002282,0.033822
21.838723,1786670415.386117,1769605475.857870,1769605475.957720,map_start,map,map_start,,,0.000000,0.000000,2479,0,1380,3133,43,95,1,43,20,42,1,20,0,43,9,0,0,0.000000,inf,inf,22,0.485339,0,0.628432,inf,0,0.001905,0.000443,0.002356,0.035636
22.242830,1786670415.788694,1769605476.257735,1769605476.357736,map_start,map,map_start,,,0.000000,0.000000,2552,0,1414,3237,44,108,1,44,20,43,1,20,0,44,9,0,0,0.000000,inf,inf,23,0.480065,0,0.631164,inf,0,0.002894,0.000756,0.003663,0.032977
22.649817,1786670416.192114,1769605476.657813,1769605476.657813,map_start,map,map_start,,,0.000000,0.000000,2472,0,1432,3281,50,125,1,50,30,61,1,30,0,50,10,0,0,0.000000,inf,inf,23,0.494027,0,0.635105,inf,0,0.002895,0.000470,0.003373,0.035030
23.039958,1786670416.585095,1769605476.957803,1769605477.057748,map_start,map,map_start,,,0.000000,0.000000,2490,0,1463,3349,49,119,1,49,35,76,1,35,0,49,11,0,0,0.000000,inf,inf,24,0.480071,0,0.599237,inf,0,0.002130,0.000473,0.002610,0.038677
23.456708,1786670417.007918,1769605477.357692,1769605477.457819,map_start,map,map_start,,,0.000000,0.000000,2493,0,1519,3413,57,150,1,57,34,76,1,34,0,57,11,0,0,0.000000,inf,inf,25,0.504378,0,0.602410,inf,0,0.002174,0.000501,0.002682,0.036356
23.863530,1786670417.410374,1769605477.757705,1769605477.757705,map_start,map,map_start,,,0.000000,0.000000,2498,0,1557,3475,62,163,1,62,34,76,1,34,0,62,11,0,0,0.000000,inf,inf,26,0.472487,0,0.656388,inf,0,0.002141,0.000500,0.002649,0.048939
24.269381,1786670417.813044,1769605478.057775,1769605478.157815,map_start,map,map_start,,,0.000000,0.000000,2494,0,1594,3550,61,164,1,61,33,73,1,33,0,61,11,0,0,0.000000,inf,inf,28,0.475546,0,0.657834,inf,0,0.003306,0.000790,0.004104,0.056359
24.665335,1786670418.215698,1769605478.357828,1769605478.457741,map_start,map,map_start,,,0.000000,0.000000,2483,0,1625,3663,66,177,1,66,34,74,1,34,0,66,12,0,0,0.000000,inf,inf,32,0.478876,0,0.658685,inf,0,0.002191,0.000499,0.002698,0.059347
25.070544,1786670418.618790,1769605478.757745,1769605478.857793,map_start,map,map_start,,,0.000000,0.000000,2519,0,1677,3783,1,0,1,1,34,76,1,34,0,1,0,0,0,0.000000,inf,inf,0,inf,0,0.672070,inf,0,0.002383,0.000506,0.002897,0.063842
25.475690,1786670419.021705,1769605479.157781,1769605479.157781,map_start,map,map_start,,,0.000000,0.000000,2508,0,1722,3861,62,151,1,62,37,79,1,37,0,62,11,0,0,0.000000,inf,inf,31,0.486170,0,0.667717,inf,0,0.002278,0.000535,0.002822,0.063842
25.867065,1786670419.414665,1769605479.457722,1769605479.557718,map_start,map,map_start,,,0.000000,0.000000,2599,0,1803,3996,1,0,1,1,37,77,1,37,0,1,0,0,0,0.000000,inf,inf,0,inf,0,0.335855,inf,0,0.003993,0.000680,0.004682,0.063903
26.272254,1786670419.818134,1769605479.857860,1769605479.957710,map_start,map,map_start,,,0.000000,0.000000,2576,0,1839,4097,1,0,1,1,35,77,1,35,0,1,0,0,0,0.000000,inf,inf,0,inf,0,0.337619,inf,0,0.003243,0.000563,0.003816,0.065710
26.680237,1786670420.230870,1769605480.257801,1769605480.257801,map_start,map,map_start,,,0.000000,0.000000,2667,0,1889,4211,1,0,1,1,30,73,1,30,0,1,0,0,0,0.000000,inf,inf,0,inf,0,0.326915,inf,0,0.002600,0.000569,0.003178,0.071441
27.084687,1786670420.633433,1769605480.557717,1769605480.657696,map_start,map,map_start,,,0.000000,0.000000,2709,0,1934,4327,1,0,1,1,29,65,1,29,0,1,0,0,0,0.000000,inf,inf,0,inf,0,0.326409,inf,0,0.002970,0.000645,0.003625,0.072905
27.481112,1786670421.025994,1769605480.957757,1769605480.957757,map_start,map,map_start,,,0.000000,0.000000,2670,0,1960,4419,1,0,1,1,34,70,1,34,0,1,0,0,0,0.000000,inf,inf,0,inf,0,0.311666,inf,0,0.002918,0.000589,0.003516,0.076822
27.886511,1786670421.428973,1769605481.257692,1769605481.357685,map_start,map,map_start,,,0.000000,0.000000,2611,0,1968,4441,1,0,1,1,34,72,1,34,0,1,0,0,0,0.000000,inf,inf,0,inf,0,0.306346,inf,0,0.003396,0.000586,0.003993,0.079581
28.291628,1786670421.841508,1769605481.657768,1769605481.657768,map_start,map,map_start,,,0.000000,0.000000,2634,0,1989,4505,1,0,1,1,34,68,1,34,0,1,0,0,0,0.000000,inf,inf,0,inf,0,0.306034,inf,0,0.002796,0.000603,0.003409,0.082217
28.700780,1786670422.244424,1769605481.957730,1769605482.057734,map_start,map,map_start,,,0.000000,0.000000,2642,0,2024,4567,1,0,1,1,33,65,1,33,0,1,0,0,0,0.000000,inf,inf,0,inf,0,0.303355,inf,0,0.004236,0.000712,0.004964,0.088569
29.098847,1786670422.647598,1769605482.357692,1769605482.457830,map_start,map,map_start,,,0.000000,0.000000,2556,0,2047,4623,1,0,1,1,33,62,1,33,0,1,0,0,0,0.000000,inf,inf,0,inf,0,0.305582,inf,0,0.004306,0.000937,0.005254,0.093184
29.503068,1786670423.050185,1769605482.757811,1769605482.757811,map_start,map,map_start,,,0.000000,0.000000,2557,0,2083,4698,1,0,1,1,33,60,1,33,0,1,0,0,0,0.000000,inf,inf,0,inf,0,0.299934,inf,0,0.003012,0.000605,0.003626,0.093184
29.904149,1786670423.452751,1769605483.057814,1769605483.157770,map_start,map,map_start,,,0.000000,0.000000,2526,0,2111,4747,1,0,1,1,33,60,1,33,0,1,0,0,0,0.000000,inf,inf,0,inf,0,0.538816,inf,0,0.004293,0.000587,0.004890,0.092685
30.309421,1786670423.855449,1769605483.457763,1769605483.457763,map_start,map,map_start,,,0.000000,0.000000,2499,0,2127,4802,68,149,1,68,36,68,1,36,0,68,7,0,0,0.000000,inf,inf,29,0.486320,0,0.562195,inf,0,0.003609,0.000617,0.004234,0.105479
30.716398,1786670424.268071,1769605483.857711,1769605483.857711,map_start,map,map_start,,,0.000000,0.000000,2526,0,2155,7328,70,161,1,70,36,65,1,36,0,70,10,0,0,0.000000,inf,inf,35,0.486009,0,0.571573,inf,0,0.004460,0.000978,0.005450,0.105479
31.115236,1786670424.660483,1769605484.157765,1769605484.257813,map_start,map,map_start,,,0.000000,0.000000,2366,0,2190,7449,69,155,1,69,38,68,1,38,0,69,11,0,0,0.000000,inf,inf,37,0.478528,0,0.576144,inf,0,0.003047,0.000629,0.003685,0.109691
31.518228,1786670425.064241,1769605484.557889,1769605484.557889,map_start,map,map_start,,,0.000000,0.000000,2435,0,2206,7629,62,123,1,62,41,73,1,41,0,62,7,0,0,0.000000,inf,inf,29,0.476921,0,0.570145,inf,0,0.004316,0.000986,0.005315,0.105815
31.906054,1786670425.456738,1769605484.857750,1769605484.957796,map_start,map,map_start,,,0.000000,0.000000,2252,0,2213,7717,63,131,1,63,41,72,1,41,0,63,9,0,0,0.000000,inf,inf,31,0.486408,0,0.575022,inf,0,0.003162,0.000632,0.003805,0.100797
32.308219,1786670425.859429,1769605485.257726,1769605485.257726,map_start,map,map_start,,,0.000000,0.000000,2257,0,2238,7781,58,115,1,58,41,71,1,41,0,58,10,0,0,0.000000,inf,inf,31,0.468416,0,0.570091,inf,0,0.004682,0.000603,0.005294,0.098692
32.707911,1786670426.252434,1769605485.557824,1769605485.657712,map_start,map,map_start,,,0.000000,0.000000,2189,0,2263,7821,61,120,1,61,42,74,1,42,0,61,10,0,0,0.000000,inf,inf,31,0.478969,0,0.582687,inf,0,0.003615,0.000655,0.004279,0.095971
33.104258,1786670426.656051,1769605485.957821,1769605485.957821,map_start,map,map_start,,,0.000000,0.000000,2188,0,2293,7878,61,125,1,61,47,82,1,47,0,61,13,0,0,0.000000,inf,inf,33,0.466009,0,0.573858,inf,0,0.003860,0.000637,0.004513,0.095971
33.512809,1786670427.059597,1769605486.257750,1769605486.357854,map_start,map,map_start,,,0.000000,0.000000,2202,0,2318,8110,64,129,1,64,47,81,1,47,0,64,12,0,0,0.000000,inf,inf,32,0.470631,0,0.579981,inf,0,0.003203,0.000628,0.003840,0.104114
33.920995,1786670427.472321,1769605486.657927,1769605486.757730,map_start,map,map_start,,,0.000000,0.000000,2188,0,2354,8201,69,139,1,69,47,79,1,47,0,69,14,0,0,0.000000,inf,inf,39,0.476731,0,0.580738,inf,0,0.003341,0.000649,0.003999,0.104114
34.329375,1786670427.875052,1769605487.057713,1769605487.057713,map_start,map,map_start,,,0.000000,0.000000,2256,0,2406,8374,70,136,1,70,49,85,1,49,0,70,16,0,0,0.000000,inf,inf,39,0.479704,0,0.576861,inf,0,0.003829,0.000658,0.004496,0.109188
34.729644,1786670428.277910,1769605487.357722,1769605487.457716,map_start,map,map_start,,,0.000000,0.000000,2272,0,2452,8494,67,137,1,67,48,82,1,48,0,67,17,0,0,0.000000,inf,inf,37,0.474225,0,0.588913,inf,0,0.004172,0.000685,0.004864,0.125240
35.132211,1786670428.680704,1769605487.757697,1769605487.857812,map_start,map,map_start,,,0.000000,0.000000,2271,0,2481,8591,67,130,1,67,48,82,1,48,0,67,15,0,0,0.000000,inf,inf,36,0.477496,0,0.597319,inf,0,0.003236,0.000682,0.003928,0.122737
35.531928,1786670429.083853,1769605488.057741,1769605488.157812,map_start,map,map_start,,,0.000000,0.000000,2255,0,2523,8696,67,133,1,67,47,81,1,47,0,67,15,0,0,0.000000,inf,inf,36,0.480112,0,0.591223,inf,0,0.003737,0.000707,0.004454,0.121952
35.934814,1786670429.486713,1769605488.457772,1769605488.557808,map_start,map,map_start,,,0.000000,0.000000,2256,0,2549,8792,66,125,1,66,47,81,1,47,0,66,11,0,0,0.000000,inf,inf,32,0.482204,0,0.594682,inf,0,0.005015,0.001070,0.006099,0.128225
36.332708,1786670429.879782,1769605488.857729,1769605488.857729,map_start,map,map_start,,,0.000000,0.000000,2267,0,2579,8880,70,139,1,70,48,88,1,48,0,70,12,0,0,0.000000,inf,inf,34,0.482204,0,0.579180,inf,0,0.003535,0.000709,0.004253,0.128225
36.736780,1786670430.282332,1769605489.157711,1769605489.257666,map_start,map,map_start,,,0.000000,0.000000,2235,0,2600,8947,69,132,1,69,47,85,1,47,0,69,12,0,0,0.000000,inf,inf,28,0.527660,0,0.583627,inf,0,0.003429,0.000709,0.004147,0.125094
37.137986,1786670430.684966,1769605489.557707,1769605489.557707,map_start,map,map_start,,,0.000000,0.000000,2212,0,2624,9028,69,142,1,69,50,95,1,50,0,69,12,0,0,0.000000,inf,inf,30,0.481883,0,0.564508,inf,0,0.004998,0.001092,0.006104,0.125094
37.531858,1786670431.077631,1769605489.857742,1769605489.957707,map_start,map,map_start,,,0.000000,0.000000,2156,0,2649,9068,67,134,1,67,51,94,1,51,0,67,12,0,0,0.000000,inf,inf,27,0.481487,0,0.567994,inf,0,0.003389,0.000717,0.004115,0.134030
37.941367,1786670431.490556,1769605490.257714,1769605490.357738,map_start,map,map_start,,,0.000000,0.000000,2210,0,2706,9178,70,141,1,70,52,95,1,52,0,70,11,0,0,0.000000,inf,inf,27,0.481487,0,0.575457,inf,0,0.004813,0.000751,0.005574,0.124555
38.344291,1786670431.893174,1769605490.657820,1769605490.657820,map_start,map,map_start,,,0.000000,0.000000,2195,0,2751,9236,70,144,1,70,52,94,1,52,0,70,12,0,0,0.000000,inf,inf,28,0.481487,0,0.553227,inf,0,0.004815,0.001031,0.005860,0.131692
38.724523,1786670432.275684,1769605490.957751,1769605491.057731,map_start,map,map_start,,,0.000000,0.000000,2201,0,2778,9288,63,124,1,63,51,94,1,51,0,63,9,0,0,0.000000,inf,inf,22,0.481487,0,0.550390,inf,0,0.004696,0.000723,0.005428,0.131692
39.109440,1786670432.657990,1769605491.257684,1769605491.357753,map_start,map,map_start,,,0.000000,0.000000,2123,0,2797,9324,65,117,1,65,51,91,1,51,0,65,2,0,0,0.000000,inf,inf,13,0.481487,0,0.349805,inf,0,0.003390,0.000731,0.004131,0.102880
39.511392,1786670433.060881,1769605491.557840,1769605491.757793,map_start,map,map_start,,,0.000000,0.000000,2132,0,2848,10361,72,127,1,72,51,89,1,51,0,72,2,0,0,0.000000,inf,inf,15,0.481487,0,0.359929,inf,0,0.004075,0.000715,0.004800,0.102006
39.906835,1786670433.453451,1769605491.957763,1769605492.057817,map_start,map,map_start,,,0.000000,0.000000,2136,0,2896,10484,55,96,4,51,39,68,1,39,0,51,1,0,0,0.000000,inf,inf,8,0.515077,0,0.340185,inf,0,0.003886,0.000781,0.004675,0.102006
40.294538,1786670433.836685,1769605492.257703,1769605492.457665,map_start,map,map_start,,,0.000000,0.000000,2139,0,2930,10584,1,0,1,1,38,67,1,38,0,1,0,0,0,0.000000,inf,inf,0,inf,0,0.342485,inf,0,0.003606,0.000758,0.004372,0.089669
40.703213,1786670434.249277,1769605492.657767,1769605492.757841,map_start,map,map_start,,,0.000000,0.000000,2183,0,2968,10692,1,0,1,1,38,68,1,38,0,1,0,0,0,0.000000,inf,inf,0,inf,0,0.323478,inf,0,0.005106,0.001182,0.006303,0.095972
41.101248,1786670434.651806,1769605493.057723,1769605493.157881,map_start,map,map_start,,,0.000000,0.000000,2207,0,3011,10772,54,95,1,54,40,68,1,40,0,54,2,0,0,0.000000,inf,inf,9,0.489747,0,0.555796,inf,0,0.004321,0.000764,0.005094,0.095972
41.500805,1786670435.044419,1769605493.457758,1769605493.457758,map_start,map,map_start,,,0.000000,0.000000,2348,0,3054,11256,52,99,1,52,40,68,1,40,0,52,5,0,0,0.000000,inf,inf,14,0.472196,0,0.537005,inf,0,0.003451,0.000779,0.004240,0.087508
41.896878,1786670435.446807,1769605493.757777,1769605493.857867,map_start,map,map_start,,,0.000000,0.000000,2338,0,3090,11308,52,90,2,51,38,62,1,38,0,51,5,0,0,0.000000,inf,inf,13,0.511053,0,0.531765,inf,0,0.003413,0.000789,0.004210,0.087508
42.298848,1786670435.849906,1769605494.157702,1769605494.157702,map_start,map,map_start,,,0.000000,0.000000,2297,0,3096,11348,56,92,1,56,40,64,1,40,0,56,5,0,0,0.000000,inf,inf,11,0.506336,0,0.506336,inf,0,0.003465,0.000786,0.004262,0.089969
42.698141,1786670436.242297,1769605494.457716,1769605494.557809,map_start,map,map_start,,,0.000000,0.000000,2283,0,3116,11400,52,85,2,51,38,63,1,38,0,51,6,0,0,0.000000,inf,inf,11,0.488419,0,0.487828,inf,0,0.005135,0.001189,0.006338,0.089969
43.087250,1786670436.634794,1769605494.857645,1769605494.857645,map_start,map,map_start,,,0.000000,0.000000,2279,0,3128,11464,52,84,2,51,39,64,1,39,0,51,5,0,0,0.000000,inf,inf,8,0.476525,0,0.476525,inf,0,0.003513,0.000782,0.004303,0.083314
43.488048,1786670437.037351,1769605495.157788,1769605495.257755,map_start,map,map_start,,,0.000000,0.000000,2222,0,3138,11508,52,77,2,51,39,60,1,39,0,51,3,0,0,0.000000,inf,inf,7,0.530755,0,0.455059,inf,0,0.003560,0.000776,0.004345,0.081946
43.890963,1786670437.439967,1769605495.557817,1769605495.657726,map_start,map,map_start,,,0.000000,0.000000,2116,0,3155,11520,51,79,1,51,41,64,1,41,0,51,4,0,0,0.000000,inf,inf,7,0.506607,0,0.443418,inf,0,0.003497,0.000806,0.004311,0.081946
44.295400,1786670437.843030,1769605495.957896,1769605495.957896,map_start,map,map_start,,,0.000000,0.000000,2102,0,3170,11560,1,0,1,1,40,62,1,40,0,1,0,0,0,0.000000,inf,inf,0,inf,0,0.389872,inf,0,0.003617,0.000798,0.004427,0.083924
44.686903,1786670438.235850,1769605496.257860,1769605496.357758,map_start,map,map_start,,,0.000000,0.000000,2072,0,3187,11588,51,81,1,51,41,67,1,41,0,51,2,0,0,0.000000,inf,inf,5,0.526967,0,0.604785,inf,0,0.005126,0.001178,0.006315,0.082127
45.091495,1786670438.638404,1769605496.657741,1769605496.657741,map_start,map,map_start,,,0.000000,0.000000,1988,0,3202,11949,57,94,2,56,41,68,1,41,0,56,3,0,0,0.000000,inf,inf,8,0.516229,0,0.519821,inf,0,0.003529,0.000788,0.004325,0.082127
45.494852,1786670439.041106,1769605496.857750,1769605497.057921,map_start,map,map_start,,,0.000000,0.000000,1969,0,3205,11989,64,109,1,64,41,68,1,41,0,64,2,0,0,0.000000,inf,inf,14,0.495000,0,0.449977,inf,0,0.004886,0.000772,0.005668,0.085478
45.896262,1786670439.443795,1769605497.357780,1769605497.457719,map_start,map,map_start,,,0.000000,0.000000,1928,0,3209,11997,61,104,1,61,41,67,1,41,0,61,3,0,0,0.000000,inf,inf,14,0.552101,0,0.632142,inf,0,0.004953,0.000799,0.005763,0.083512
46.312025,1786670439.856372,1769605497.757814,1769605497.757814,map_start,map,map_start,,,0.000000,0.000000,1930,0,3236,12015,68,133,1,68,41,69,1,41,0,68,8,0,0,0.000000,inf,inf,21,0.491464,0,0.584125,inf,0,0.004827,0.000776,0.005612,0.106167
46.710795,1786670440.258825,1769605498.058005,1769605498.157751,map_start,map,map_start,,,0.000000,0.000000,1862,0,3268,12038,66,128,1,66,41,70,1,41,0,66,8,0,0,0.000000,inf,inf,21,0.477104,0,0.438081,inf,0,0.003548,0.000759,0.004322,0.103708
47.131347,1786670440.681897,1769605498.457874,1769605498.557814,map_start,map,map_start,,,0.000000,0.000000,1792,0,3284,12045,71,133,1,71,41,68,1,41,0,71,9,0,0,0.000000,inf,inf,18,0.466398,0,0.562534,inf,0,0.003779,0.000807,0.004595,0.120960
47.523967,1786670441.074302,1769605498.857830,1769605498.857830,map_start,map,map_start,,,0.000000,0.000000,1786,0,3309,12107,66,118,1,66,41,68,1,41,0,66,7,0,0,0.000000,inf,inf,16,0.475681,0,0.456881,inf,0,0.004382,0.000750,0.005142,0.120960
47.921529,1786670441.466846,1769605499.157753,1769605499.257765,map_start,map,map_start,,,0.000000,0.000000,1722,0,3333,12162,68,116,1,68,41,67,1,41,0,68,4,0,0,0.000000,inf,inf,13,0.475366,0,0.478338,inf,0,0.004967,0.000789,0.005766,0.116012
48.325682,1786670441.869519,1769605499.557802,1769605499.557802,map_start,map,map_start,,,0.000000,0.000000,1691,0,3347,12207,68,115,1,68,41,67,1,41,0,68,7,0,0,0.000000,inf,inf,16,0.466109,0,0.476300,inf,0,0.003743,0.000771,0.004522,0.117566
48.718703,1786670442.262634,1769605499.857714,1769605499.957681,map_start,map,map_start,,,0.000000,0.000000,1678,0,3361,12228,65,117,1,65,41,69,1,41,0,65,8,0,0,0.000000,inf,inf,20,0.504541,0,0.681564,inf,0,0.004722,0.000799,0.005534,0.106813
49.118812,1786670442.670600,1769605500.257697,1769605500.257697,map_start,map,map_start,,,0.000000,0.000000,1670,0,3385,12257,70,133,1,70,41,70,1,41,0,70,8,0,0,0.000000,inf,inf,23,0.482396,0,0.653190,inf,0,0.005206,0.000768,0.005984,0.106813
49.523659,1786670443.073107,1769605500.557714,1769605500.657831,map_start,map,map_start,,,0.000000,0.000000,1647,0,3395,12290,74,148,1,74,41,70,1,41,0,74,5,0,0,0.000000,inf,inf,21,0.475573,0,0.554926,inf,0,0.004254,0.000788,0.005051,0.111622
49.928359,1786670443.475615,1769605500.957889,1769605501.057635,map_start,map,map_start,,,0.000000,0.000000,1616,0,3414,12312,82,193,1,82,41,70,1,41,0,82,12,0,0,0.000000,inf,inf,36,0.469794,0,0.552605,inf,0,0.005376,0.000786,0.006171,0.111622
50.326520,1786670443.878017,1769605501.357745,1769605501.357745,map_start,map,map_start,,,0.000000,0.000000,1598,0,3468,12383,78,151,1,78,41,69,1,41,0,78,2,0,0,0.000000,inf,inf,22,0.510738,0,0.308816,inf,0,0.004238,0.000794,0.005040,0.123046
50.727625,1786670444.270529,1769605501.657723,1769605501.757707,map_start,map,map_start,,,0.000000,0.000000,1362,0,3535,12559,69,124,1,69,41,69,1,41,0,69,6,0,0,0.000000,inf,inf,21,0.474706,0,0.485166,inf,0,0.004023,0.000780,0.004811,0.119450
51.144560,1786670444.693162,1769605502.057740,1769605502.157821,map_start,map,map_start,,,0.000000,0.000000,1346,0,3592,12635,83,163,1,83,43,71,1,43,0,83,8,0,0,0.000000,inf,inf,24,0.478861,0,0.389641,inf,0,0.004845,0.000809,0.005663,0.118093
51.531482,1786670445.075830,1769605502.357711,1769605502.457743,map_start,map,map_start,,,0.000000,0.000000,1570,0,3638,12822,1,0,1,1,41,69,1,41,0,1,0,0,0,0.000000,inf,inf,0,inf,0,0.330798,inf,0,0.004215,0.000819,0.005050,0.127572
51.929144,1786670445.478355,1769605502.757712,1769605502.857950,map_start,map,map_start,,,0.000000,0.000000,1532,0,3727,12869,1,0,1,1,41,67,1,41,0,1,0,0,0,0.000000,inf,inf,0,inf,0,0.366071,inf,0,0.006375,0.001317,0.007704,0.122259
52.325195,1786670445.870751,1769605503.057836,1769605503.157823,map_start,map,map_start,,,0.000000,0.000000,1454,0,3759,12898,77,142,1,77,41,69,1,41,0,77,5,0,0,0.000000,inf,inf,25,0.465757,0,0.485865,inf,0,0.004298,0.000853,0.005160,0.115306
52.731926,1786670446.283111,1769605503.457798,1769605503.557725,map_start,map,map_start,,,0.000000,0.000000,1416,0,3791,12956,1,0,1,1,41,68,1,41,0,1,0,0,0,0.000000,inf,inf,0,inf,0,0.366838,inf,0,0.006177,0.000877,0.007064,0.120242
53.134945,1786670446.685340,1769605503.857665,1769605503.857665,map_start,map,map_start,,,0.000000,0.000000,1401,0,3826,13015,83,148,1,83,41,68,1,41,0,83,1,0,0,0.000000,inf,inf,25,0.465757,0,0.425894,inf,0,0.006352,0.001338,0.007707,0.120242
53.524880,1786670447.067748,1769605504.157561,1769605504.257913,map_start,map,map_start,,,0.000000,0.000000,1387,0,3856,13062,84,153,1,84,41,66,1,41,0,84,6,0,0,0.000000,inf,inf,27,0.465757,0,0.392668,inf,0,0.005462,0.000868,0.006340,0.131027
53.925464,1786670447.470270,1769605504.557768,1769605504.557768,map_start,map,map_start,,,0.000000,0.000000,1113,0,3908,13335,1,0,1,1,41,67,1,41,0,1,0,0,0,0.000000,inf,inf,0,inf,0,0.374881,inf,0,0.004730,0.000861,0.005599,0.117147
54.328166,1786670447.872757,1769605504.857745,1769605504.957775,map_start,map,map_start,,,0.000000,0.000000,1384,0,3931,13426,83,157,1,83,41,68,1,41,0,83,11,0,0,0.000000,inf,inf,33,0.460893,0,0.460334,inf,0,0.004643,0.000960,0.005612,0.117147
54.723123,1786670448.265213,1769605505.257812,1769605505.257812,map_start,map,map_start,,,0.000000,0.000000,1382,0,3967,13485,84,160,1,84,41,68,1,41,0,84,11,0,0,0.000000,inf,inf,32,0.465757,0,0.525035,inf,0,0.004707,0.000957,0.005675,0.115807
55.144456,1786670448.687729,1769605505.657798,1769605505.657798,map_start,map,map_start,,,0.000000,0.000000,1385,0,3995,13527,85,165,1,85,41,68,1,41,0,85,12,0,0,0.000000,inf,inf,33,0.465757,0,0.662463,inf,0,0.005558,0.000927,0.006493,0.119125
55.551572,1786670449.100332,1769605505.957715,1769605506.057823,map_start,map,map_start,,,0.000000,0.000000,1374,0,4015,13558,90,188,1,90,41,68,1,41,0,90,17,0,0,0.000000,inf,inf,39,0.480419,0,0.938041,inf,0,0.004971,0.000926,0.005905,0.137587
55.955057,1786670449.503007,1769605506.357789,1769605506.457700,map_start,map,map_start,,,0.000000,0.000000,1363,0,4058,13610,91,187,1,91,41,68,1,41,0,91,15,0,0,0.000000,inf,inf,37,0.482041,0,0.585717,inf,0,0.005476,0.000921,0.006406,0.142331
56.335231,1786670449.885590,1769605506.657721,1769605506.757703,map_start,map,map_start,,,0.000000,0.000000,1291,0,4077,13626,94,197,1,94,41,68,1,41,0,94,14,0,0,0.000000,inf,inf,35,0.459124,0,0.617006,inf,0,0.004611,0.000921,0.005540,0.143445
56.744195,1786670450.288838,1769605507.057894,1769605507.157859,map_start,map,map_start,,,0.000000,0.000000,1365,0,4109,13720,99,206,1,99,41,68,1,41,0,99,8,0,0,0.000000,inf,inf,35,0.506412,0,0.892645,inf,0,0.004794,0.000889,0.005693,0.135851
57.148753,1786670450.691421,1769605507.457707,1769605507.457707,map_start,map,map_start,,,0.000000,0.000000,1344,0,4137,13794,99,210,1,99,41,68,1,41,0,99,10,0,0,0.000000,inf,inf,38,0.474727,0,0.926343,inf,0,0.004845,0.000920,0.005773,0.135851
57.557119,1786670451.104331,1769605507.657883,1769605507.857690,map_start,map,map_start,,,0.000000,0.000000,1287,0,4164,13862,1,0,1,1,41,68,1,41,0,1,0,0,0,0.000000,inf,inf,0,inf,0,0.688006,inf,0,0.005899,0.000934,0.006842,0.144202
57.942720,1786670451.486783,1769605508.157829,1769605508.157829,map_start,map,map_start,,,0.000000,0.000000,1266,0,4193,13921,95,192,1,95,41,68,1,41,0,95,9,0,0,0.000000,inf,inf,31,0.469434,0,0.637187,inf,0,0.004934,0.000894,0.005837,0.144202
58.349210,1786670451.900270,1769605508.457816,1769605508.557716,map_start,map,map_start,,,0.000000,0.000000,1327,0,4227,14026,1,0,1,1,41,67,1,41,0,1,0,0,0,0.000000,inf,inf,0,inf,0,0.546381,inf,0,0.004847,0.000956,0.005811,0.141256
58.755746,1786670452.303687,1769605508.757737,1769605508.957728,map_start,map,map_start,,,0.000000,0.000000,1370,0,4279,14172,101,202,1,101,41,67,1,41,0,101,11,0,0,0.000000,inf,inf,31,0.495263,0,0.748624,inf,0,0.006565,0.000946,0.007520,0.141256
59.157003,1786670452.707126,1769605509.157726,1769605509.257703,map_start,map,map_start,,,0.000000,0.000000,1320,0,4332,14248,102,204,1,102,41,67,1,41,0,102,10,0,0,0.000000,inf,inf,34,0.483786,0,0.980452,inf,0,0.005638,0.001118,0.006772,0.142846
59.568815,1786670453.119803,1769605509.557772,1769605509.657708,map_start,map,map_start,,,0.000000,0.000000,1381,0,4381,14328,108,215,1,108,41,67,1,41,0,108,8,0,0,0.000000,inf,inf,35,0.467067,0,0.938166,inf,0,0.005038,0.000981,0.006027,0.151555
59.981189,1786670453.532315,1769605509.957908,1769605510.057800,map_start,map,map_start,,,0.000000,0.000000,1340,0,4398,14373,110,217,1,110,41,67,1,41,0,110,8,0,0,0.000000,inf,inf,35,0.479280,0,0.855400,inf,0,0.006026,0.001002,0.007037,0.159341
60.372912,1786670453.924857,1769605510.257720,1769605510.357758,map_start,map,map_start,,,0.000000,0.000000,1306,0,4420,14431,103,203,1,103,41,67,1,41,0,103,10,0,0,0.000000,inf,inf,33,0.464577,0,0.789973,inf,0,0.005042,0.000963,0.006015,0.170527
60.768267,1786670454.317394,1769605510.657885,1769605510.757802,map_start,map,map_start,,,0.000000,0.000000,1288,0,4466,14518,99,196,1,99,41,67,1,41,0,99,9,0,0,0.000000,inf,inf,30,0.463712,0,0.727692,inf,0,0.005592,0.000980,0.006580,0.159735
61.169267,1786670454.719899,1769605510.957763,1769605511.057884,map_start,map,map_start,,,0.000000,0.000000,1295,0,4509,14596,98,192,1,98,41,67,1,41,0,98,10,0,0,0.000000,inf,inf,35,0.460353,0,0.652079,inf,0,0.005494,0.001009,0.006511,0.162900
61.567832,1786670455.113465,1769605511.357732,1769605511.457835,map_start,map,map_start,,,0.000000,0.000000,1337,0,4556,14696,96,185,1,96,41,67,1,41,0,96,9,0,0,0.000000,inf,inf,31,0.492381,0,0.601386,inf,0,0.006185,0.000980,0.007175,0.155831
61.961835,1786670455.505942,1769605511.657723,1769605511.757878,map_start,map,map_start,,,0.000000,0.000000,1236,0,4565,14712,99,184,1,99,41,67,1,41,0,99,9,0,0,0.000000,inf,inf,31,0.542878,0,0.564883,inf,0,0.005234,0.001013,0.006256,0.155831
62.362143,1786670455.908645,1769605512.057887,1769605512.157826,map_start,map,map_start,,,0.000000,0.000000,1283,0,4584,14736,97,181,1,97,41,67,1,41,0,97,8,0,0,0.000000,inf,inf,30,0.501588,0,0.542756,inf,0,0.005465,0.001021,0.006497,0.156790
62.759333,1786670456.301753,1769605512.457881,1769605512.457881,map_start,map,map_start,,,0.000000,0.000000,1217,0,4591,14752,97,178,1,97,41,67,1,41,0,97,6,0,0,0.000000,inf,inf,28,0.493204,0,0.396831,inf,0,0.006287,0.000958,0.007256,0.154879
63.163037,1786670456.715046,1769605512.757771,1769605512.857788,map_start,map,map_start,,,0.000000,0.000000,991,0,4693,15662,1,0,1,1,41,67,1,41,0,1,0,0,0,0.000000,inf,inf,0,inf,0,0.365151,inf,0,0.005718,0.001012,0.006740,0.150642
63.550514,1786670457.099087,1769605513.157681,1769605513.257771,map_start,map,map_start,,,0.000000,0.000000,1063,0,4737,15778,98,177,1,98,41,67,1,41,0,98,1,0,0,0.000000,inf,inf,22,0.467634,0,0.356220,inf,0,0.006914,0.001040,0.007964,0.142698
63.957801,1786670457.501562,1769605513.357722,1769605513.558049,map_start,map,map_start,,,0.000000,0.000000,1109,0,4784,15878,102,187,1,102,41,67,1,41,0,102,1,0,0,0.000000,inf,inf,22,0.489604,0,0.309241,inf,0,0.005371,0.001021,0.006400,0.147539
64.368817,1786670457.915234,1769605513.857721,1769605513.957836,map_start,map,map_start,,,0.000000,0.000000,1093,0,4803,15918,100,178,1,100,41,67,1,41,0,100,1,0,0,0.000000,inf,inf,21,0.482851,0,0.301440,inf,0,0.005594,0.001064,0.006667,0.147539
64.753712,1786670458.298223,1769605514.257831,1769605514.257831,map_start,map,map_start,,,0.000000,0.000000,1105,0,4828,15942,1,0,1,1,41,67,1,41,0,1,0,0,0,0.000000,inf,inf,0,inf,0,0.264047,inf,0,0.007056,0.001487,0.008557,0.147873
65.149146,1786670458.700992,1769605514.557772,1769605514.657821,map_start,map,map_start,,,0.000000,0.000000,1131,0,4861,16006,1,0,1,1,41,67,1,41,0,1,0,0,0,0.000000,inf,inf,0,inf,0,0.280435,inf,0,0.006382,0.001067,0.007461,0.139756
65.555451,1786670459.105619,1769605514.957720,1769605514.957720,map_start,map,map_start,,,0.000000,0.000000,1119,0,4881,16042,99,187,1,99,41,67,1,41,0,99,3,0,0,0.000000,inf,inf,24,0.493895,0,0.405774,inf,0,0.005741,0.001088,0.006839,0.139756
65.952490,1786670459.499511,1769605515.257747,1769605515.357776,map_start,map,map_start,,,0.000000,0.000000,1128,0,4911,16075,1,0,1,1,41,67,1,41,0,1,0,0,0,0.000000,inf,inf,0,inf,0,0.333265,inf,0,0.005531,0.001063,0.006601,0.144975
66.357397,1786670459.902019,1769605515.657808,1769605515.757948,map_start,map,map_start,,,0.000000,0.000000,1163,0,4936,16127,102,186,1,102,41,67,1,41,0,102,2,0,0,0.000000,inf,inf,24,0.506259,0,0.452155,inf,0,0.005335,0.001098,0.006443,0.146551
66.762721,1786670460.314614,1769605516.057900,1769605516.057900,map_start,map,map_start,,,0.000000,0.000000,1237,0,4974,16439,1,0,1,1,41,67,1,41,0,1,0,0,0,0.000000,inf,inf,0,inf,0,0.349009,inf,0,0.005523,0.001075,0.006608,0.150064
67.154808,1786670460.696959,1769605516.357710,1769605516.457698,map_start,map,map_start,,,0.000000,0.000000,1245,0,4987,16479,101,189,1,101,41,67,1,41,0,101,2,0,0,0.000000,inf,inf,20,0.478926,0,0.530027,inf,0,0.005565,0.001112,0.006685,0.150064
67.559205,1786670461.109600,1769605516.757798,1769605516.757798,map_start,map,map_start,,,0.000000,0.000000,1219,0,4997,16505,101,193,1,101,41,67,1,41,0,101,7,0,0,0.000000,inf,inf,24,0.480009,0,0.451952,inf,0,0.005411,0.001121,0.006542,0.149311
67.966119,1786670461.512985,1769605517.057763,1769605517.157694,map_start,map,map_start,,,0.000000,0.000000,1307,0,5026,16554,106,211,1,106,41,67,1,41,0,106,3,0,0,0.000000,inf,inf,24,0.547915,0,0.528074,inf,0,0.005523,0.001088,0.006620,0.150366
68.356521,1786670461.906232,1769605517.457896,1769605517.557786,map_start,map,map_start,,,0.000000,0.000000,1130,0,5035,16688,101,206,1,101,41,67,1,41,0,101,11,0,0,0.000000,inf,inf,33,0.470769,0,0.783730,inf,0,0.005869,0.001089,0.006967,0.154090
68.764909,1786670462.309238,1769605517.857792,1769605517.857792,map_start,map,map_start,,,0.000000,0.000000,1219,0,5056,16746,102,203,1,102,41,67,1,41,0,102,11,0,0,0.000000,inf,inf,29,0.500456,0,0.678404,inf,0,0.005874,0.001087,0.006970,0.152338
69.177492,1786670462.723441,1769605518.157702,1769605518.257747,map_start,map,map_start,,,0.000000,0.000000,1188,0,5077,16814,99,209,1,99,41,67,1,41,0,99,12,0,0,0.000000,inf,inf,32,0.514677,0,0.556774,inf,0,0.007429,0.001579,0.009023,0.156284
69.578442,1786670463.127085,1769605518.457830,1769605518.557756,map_start,map,map_start,,,0.000000,0.000000,1147,0,5110,16855,103,236,1,103,41,67,1,41,0,103,15,0,0,0.000000,inf,inf,40,0.476480,0,0.657448,inf,0,0.007357,0.001584,0.008955,0.166167
69.985632,1786670463.529461,1769605518.857892,1769605518.957757,map_start,map,map_start,,,0.000000,0.000000,1159,0,5121,16886,108,229,1,108,41,67,1,41,0,108,9,0,0,0.000000,inf,inf,37,0.485256,0,0.444372,inf,0,0.005398,0.001114,0.006520,0.172325
70.382874,1786670463.932369,1769605519.257727,1769605519.357882,map_start,map,map_start,,,0.000000,0.000000,1140,0,5135,16976,95,197,1,95,41,67,1,41,0,95,8,0,0,0.000000,inf,inf,29,0.484795,0,0.519848,inf,0,0.005494,0.001131,0.006633,0.171731
70.794141,1786670464.345225,1769605519.657787,1769605519.657787,map_start,map,map_start,,,0.000000,0.000000,1125,0,5155,17027,102,205,2,101,41,67,1,41,0,101,6,0,0,0.000000,inf,inf,27,0.483172,0,0.460981,inf,0,0.005753,0.001129,0.006892,0.180177
71.193134,1786670464.739078,1769605519.957750,1769605520.057745,map_start,map,map_start,,,0.000000,0.000000,1107,0,5188,17071,103,206,2,102,41,67,1,41,0,102,10,0,0,0.000000,inf,inf,28,0.465267,0,0.692074,inf,0,0.006063,0.001120,0.007190,0.180177
71.591019,1786670465.142225,1769605520.357724,1769605520.457772,map_start,map,map_start,,,0.000000,0.000000,1046,0,5205,17107,103,215,2,102,41,67,1,41,0,102,11,0,0,0.000000,inf,inf,32,0.479550,0,0.483321,inf,0,0.007458,0.001572,0.009043,0.184965
71.991084,1786670465.534994,1769605520.657689,1769605520.757725,map_start,map,map_start,,,0.000000,0.000000,1028,0,5224,17137,101,197,1,101,41,67,1,41,0,101,6,0,0,0.000000,inf,inf,26,0.474829,0,0.512379,inf,0,0.005653,0.001182,0.006848,0.177367
72.383531,1786670465.928852,1769605521.057761,1769605521.157737,map_start,map,map_start,,,0.000000,0.000000,962,0,5237,17161,103,199,1,103,41,67,1,41,0,103,5,0,0,0.000000,inf,inf,24,0.475225,0,0.443335,inf,0,0.005298,0.001344,0.006651,0.176626
72.793067,1786670466.342376,1769605521.457760,1769605521.457760,map_start,map,map_start,,,0.000000,0.000000,833,0,5252,17290,112,223,1,112,41,67,1,41,0,112,10,0,0,0.000000,inf,inf,33,0.468281,0,0.590450,inf,0,0.005531,0.001103,0.006643,0.176626
73.187923,1786670466.735237,1769605521.757811,1769605521.857782,map_start,map,map_start,,,0.000000,0.000000,804,0,5262,17313,113,220,1,113,41,67,1,41,0,113,10,0,0,0.000000,inf,inf,31,0.496718,0,0.627108,inf,0,0.006277,0.001084,0.007370,0.184215
73.587807,1786670467.139421,1769605522.157823,1769605522.157823,map_start,map,map_start,,,0.000000,0.000000,889,0,5264,17390,105,214,1,105,41,67,1,41,0,105,8,0,0,0.000000,inf,inf,28,0.474713,0,0.620638,inf,0,0.005391,0.001100,0.006502,0.181087
74.011873,1786670467.554011,1769605522.457764,1769605522.557938,map_start,map,map_start,,,0.000000,0.000000,911,0,5281,17419,107,242,1,107,41,67,1,41,0,107,10,0,0,0.000000,inf,inf,28,0.475527,0,0.565316,inf,0,0.005540,0.001134,0.006683,0.198867
74.420570,1786670467.967913,1769605522.857822,1769605522.957712,map_start,map,map_start,,,0.000000,0.000000,903,0,5301,17479,110,244,1,110,41,67,1,41,0,110,11,0,0,0.000000,inf,inf,32,0.488287,0,0.749198,inf,0,0.005552,0.001093,0.006654,0.198867
74.852833,1786670468.401580,1769605523.157817,1769605523.357841,map_start,map,map_start,,,0.000000,0.000000,875,0,5309,17503,115,279,1,115,41,67,1,41,0,115,13,0,0,0.000000,inf,inf,37,0.484132,0,0.788245,inf,0,0.006732,0.001134,0.007875,0.215144
75.292564,1786670468.834753,1769605523.657771,1769605523.657771,map_start,map,map_start,,,0.000000,0.000000,885,0,5326,17539,122,335,1,122,41,67,1,41,0,122,23,0,0,0.000000,inf,inf,51,0.496536,0,0.899050,inf,0,0.008062,0.001683,0.009763,0.278264
75.674253,1786670469.218508,1769605523.957741,1769605524.057674,map_start,map,map_start,,,0.000000,0.000000,891,0,5342,17563,127,339,1,127,41,67,1,41,0,127,15,0,0,0.000000,inf,inf,49,0.454893,0,1.175618,inf,0,0.005848,0.001405,0.007262,0.266317
76.092262,1786670469.642648,1769605524.357810,1769605524.457760,map_start,map,map_start,,,0.000000,0.000000,851,0,5348,17571,127,377,1,127,41,67,1,41,0,127,30,0,0,0.000000,inf,inf,63,0.477754,0,1.543531,inf,0,0.006468,0.001144,0.007622,0.266317
76.500507,1786670470.046016,1769605524.757941,1769605524.757941,map_start,map,map_start,,,0.000000,0.000000,852,0,5372,17603,127,367,1,127,59,100,1,59,0,127,31,0,0,0.000000,inf,inf,70,0.481617,0,1.835863,inf,0,0.005590,0.001140,0.006740,0.281170
76.901540,1786670470.448771,1769605525.057892,1769605525.157826,map_start,map,map_start,,,0.000000,0.000000,817,0,5386,17630,126,360,1,126,61,108,1,61,0,126,28,0,0,0.000000,inf,inf,63,0.486332,0,1.870767,inf,0,0.006442,0.001105,0.007557,0.284256
77.299272,1786670470.841555,1769605525.457696,1769605525.457696,map_start,map,map_start,,,0.000000,0.000000,833,0,5410,17682,122,317,1,122,79,132,1,79,0,122,26,0,0,0.000000,inf,inf,55,0.468107,0,1.686743,inf,0,0.005832,0.001147,0.006990,0.294122
77.693274,1786670471.244650,1769605525.757843,1769605525.857754,map_start,map,map_start,,,0.000000,0.000000,837,0,5448,17720,122,326,1,122,81,138,1,81,0,122,26,0,0,0.000000,inf,inf,55,0.468577,0,1.495104,inf,0,0.005904,0.001140,0.007053,0.289334
78.091208,1786670471.637873,1769605526.157991,1769605526.157991,map_start,map,map_start,,,0.000000,0.000000,838,0,5464,17741,119,301,1,119,82,143,1,82,0,119,14,0,0,0.000000,inf,inf,40,0.472041,0,1.428717,inf,0,0.006039,0.001112,0.007161,0.280114
78.494876,1786670472.041411,1769605526.457738,1769605526.557764,map_start,map,map_start,,,0.000000,0.000000,853,0,5490,17792,129,333,1,129,82,143,1,82,0,129,14,0,0,0.000000,inf,inf,47,0.491940,0,1.473360,inf,0,0.006422,0.001127,0.007559,0.286046
78.903985,1786670472.454496,1769605526.857772,1769605526.957805,map_start,map,map_start,,,0.000000,0.000000,817,0,5500,17833,129,308,1,129,84,151,1,84,0,129,17,0,0,0.000000,inf,inf,49,0.470086,0,1.600848,inf,0,0.005926,0.001102,0.007037,0.286413
79.314590,1786670472.857217,1769605527.257869,1769605527.257869,map_start,map,map_start,,,0.000000,0.000000,862,0,5537,17901,129,306,1,129,84,148,1,84,0,129,11,0,0,0.000000,inf,inf,39,0.476506,0,1.205161,inf,0,0.006382,0.001141,0.007533,0.292307
79.702730,1786670473.249859,1769605527.557845,1769605527.657699,map_start,map,map_start,,,0.000000,0.000000,858,0,5554,17952,133,323,1,133,85,150,1,85,0,133,12,0,0,0.000000,inf,inf,47,0.464315,0,0.926481,inf,0,0.006208,0.001159,0.007377,0.309262
80.103565,1786670473.653248,1769605527.957840,1769605527.957840,map_start,map,map_start,,,0.000000,0.000000,847,0,5568,17968,127,301,1,127,85,151,1,85,0,127,9,0,0,0.000000,inf,inf,39,0.475376,0,1.239690,inf,0,0.007095,0.001122,0.008228,0.294412
80.494315,1786670474.037898,1769605528.257758,1769605528.357811,map_start,map,map_start,,,0.000000,0.000000,797,0,5574,17988,101,229,2,99,58,101,1,58,0,99,10,0,0,0.000000,inf,inf,35,0.496370,0,1.275199,inf,0,0.006236,0.001139,0.007386,0.292678
80.896962,1786670474.440946,1769605528.557729,1769605528.657841,map_start,map,map_start,,,0.000000,0.000000,794,0,5593,18016,98,204,4,87,60,106,1,60,0,87,11,0,0,0.000000,inf,inf,35,0.471759,0,1.313603,inf,0,0.006202,0.001173,0.007384,0.290375
81.288866,1786670474.833199,1769605528.957741,1769605529.057880,map_start,map,map_start,,,0.000000,0.000000,830,0,5634,18084,97,211,4,90,60,103,1,60,0,90,22,0,0,0.000000,inf,inf,45,0.469341,0,1.006839,inf,0,0.006169,0.001178,0.007355,0.277622
81.692736,1786670475.236868,1769605529.357755,1769605529.457794,map_start,map,map_start,,,0.000000,0.000000,801,0,5642,18092,103,225,5,91,61,107,1,61,0,91,21,0,0,0.000000,inf,inf,50,0.500938,0,1.045408,inf,0,0.006534,0.001216,0.007757,0.277622
82.107979,1786670475.651442,1769605529.657809,1769605529.757716,map_start,map,map_start,,,0.000000,0.000000,870,0,5679,18192,101,216,5,90,59,104,1,59,0,90,12,0,0,0.000000,inf,inf,36,0.546653,0,1.082657,inf,0,0.006137,0.001183,0.007330,0.289116
82.495873,1786670476.045880,1769605530.057693,1769605530.157917,map_start,map,map_start,,,0.000000,0.000000,868,0,5710,18245,102,237,5,93,60,110,1,60,0,93,22,0,0,0.000000,inf,inf,42,0.477441,0,1.118363,inf,0,0.006161,0.001134,0.007303,0.282099
82.912820,1786670476.459388,1769605530.457724,1769605530.457724,map_start,map,map_start,,,0.000000,0.000000,877,0,5728,18301,109,228,5,105,59,107,1,59,0,105,12,0,0,0.000000,inf,inf,38,0.492330,0,1.157491,inf,0,0.006285,0.001201,0.007496,0.282099
83.309243,1786670476.852680,1769605530.757795,1769605530.857754,map_start,map,map_start,,,0.000000,0.000000,937,0,5769,18401,131,302,1,131,84,148,1,84,0,131,21,0,0,0.000000,inf,inf,44,0.482260,0,1.206239,inf,0,0.006175,0.001181,0.007365,0.298948
83.697421,1786670477.245370,1769605531.157834,1769605531.257751,map_start,map,map_start,,,0.000000,0.000000,862,0,5768,18437,105,194,6,97,58,102,1,58,0,97,7,0,0,0.000000,inf,inf,23,0.502401,0,1.417238,inf,0,0.006245,0.001185,0.007440,0.298948
84.092912,1786670477.637803,1769605531.457827,1769605531.557777,map_start,map,map_start,,,0.000000,0.000000,888,0,5797,18493,107,199,7,98,58,105,1,58,0,98,8,0,0,0.000000,inf,inf,31,0.496443,0,1.628136,inf,0,0.008640,0.001560,0.010214,0.284102
84.499633,1786670478.050773,1769605531.857719,1769605531.957902,map_start,map,map_start,,,0.000000,0.000000,828,0,5805,18509,103,207,6,97,58,106,1,58,0,97,8,0,0,0.000000,inf,inf,27,0.542606,0,1.405954,inf,0,0.006481,0.001190,0.007682,0.287079
84.889502,1786670478.433052,1769605532.157767,1769605532.257832,map_start,map,map_start,,,0.000000,0.000000,927,0,5845,18573,105,202,7,90,59,103,1,59,0,90,7,0,0,0.000000,inf,inf,23,0.506982,0,1.351693,inf,0,0.007239,0.001213,0.008465,0.290792
85.311598,1786670478.855697,1769605532.557744,1769605532.657701,map_start,map,map_start,,,0.000000,0.000000,833,0,5858,18609,141,340,1,141,83,145,1,83,0,141,15,0,0,0.000000,inf,inf,41,0.512336,0,1.418143,inf,0,0.006248,0.001237,0.007496,0.278098
85.721028,1786670479.268934,1769605532.957814,1769605532.957814,map_start,map,map_start,,,0.000000,0.000000,794,0,5865,18625,136,298,1,136,94,173,1,94,0,136,13,0,0,0.000000,inf,inf,37,0.516946,0,1.555686,inf,0,0.007854,0.001207,0.009073,0.297771
86.148318,1786670479.691672,1769605533.357759,1769605533.357759,map_start,map,map_start,,,0.000000,0.000000,910,0,5893,18698,140,313,1,140,94,171,1,94,0,140,12,0,0,0.000000,inf,inf,43,0.471684,0,1.806875,inf,0,0.006237,0.001228,0.007475,0.314349
86.573520,1786670480.124409,1769605533.657724,1769605533.757887,map_start,map,map_start,,,0.000000,0.000000,886,0,5902,18728,148,353,1,148,94,172,1,94,0,148,12,0,0,0.000000,inf,inf,43,0.471684,0,1.432941,inf,0,0.006008,0.001197,0.007215,0.338453
86.967690,1786670480.516885,1769605534.057776,1769605534.057776,map_start,map,map_start,,,0.000000,0.000000,936,0,5910,18765,137,301,1,137,92,162,1,92,0,137,11,0,0,0.000000,inf,inf,35,0.501151,0,1.136269,inf,0,0.005924,0.001247,0.007179,0.362387
87.394454,1786670480.939965,1769605534.457708,1769605534.457708,map_start,map,map_start,,,0.000000,0.000000,968,0,5942,18823,143,297,1,143,94,167,1,94,0,143,11,0,0,0.000000,inf,inf,35,0.516671,0,0.794762,inf,0,0.005874,0.001228,0.007114,0.362660
87.824885,1786670481.372763,1769605534.857719,1769605534.857719,map_start,map,map_start,,,0.000000,0.000000,1032,0,5970,18911,1,0,1,1,94,167,1,94,0,1,0,0,0,0.000000,inf,inf,0,inf,0,0.615887,inf,0,0.006221,0.001246,0.007479,0.415604
88.244219,1786670481.795271,1769605535.157743,1769605535.257711,map_start,map,map_start,,,0.000000,0.000000,1076,0,5993,18996,1,0,1,1,91,159,1,91,0,1,0,0,0,0.000000,inf,inf,0,inf,0,0.608311,inf,0,0.006429,0.001269,0.007708,0.419402
88.632567,1786670482.177593,1769605535.557685,1769605535.657821,map_start,map,map_start,,,0.000000,0.000000,1044,0,6011,19020,1,0,1,1,90,161,1,90,0,1,0,0,0,0.000000,inf,inf,0,inf,0,0.607419,inf,0,0.005914,0.001324,0.007246,0.388354
89.004362,1786670482.549789,1769605535.857905,1769605535.957719,map_start,map,map_start,,,0.000000,0.000000,1068,0,6035,19070,1,0,1,1,90,163,1,90,0,1,0,0,0,0.000000,inf,inf,0,inf,0,0.726256,inf,0,0.006289,0.001274,0.007571,0.372061
89.410294,1786670482.962388,1769605536.257945,1769605536.357807,map_start,map,map_start,,,0.000000,0.000000,1072,0,6051,19102,1,0,1,1,90,162,1,90,0,1,0,0,0,0.000000,inf,inf,0,inf,0,1.041824,inf,0,0.006269,0.001238,0.007519,0.401160
89.807236,1786670483.354865,1769605536.557736,1769605536.657899,map_start,map,map_start,,,0.000000,0.000000,1030,0,6061,19130,146,354,1,146,90,161,1,90,0,146,12,0,0,0.000000,inf,inf,37,0.470777,0,1.324316,inf,0,0.006352,0.001248,0.007610,0.401160
90.181908,1786670483.727136,1769605536.957711,1769605536.957711,map_start,map,map_start,,,0.000000,0.000000,1043,0,6080,19182,143,343,1,143,90,160,1,90,0,143,13,0,0,0.000000,inf,inf,39,0.485763,0,1.633994,inf,0,0.005753,0.001272,0.007031,0.394645
90.566973,1786670484.109646,1769605537.258199,1769605537.357755,map_start,map,map_start,,,0.000000,0.000000,1081,0,6098,19234,52,108,6,44,35,58,1,35,0,44,12,0,0,0.000000,inf,inf,35,0.479060,0,2.053541,inf,0,0.006077,0.001251,0.007338,0.360180
90.956102,1786670484.502130,1769605537.657730,1769605537.657730,map_start,map,map_start,,,0.000000,0.000000,1018,0,6108,19258,51,97,7,43,35,58,1,35,0,43,10,0,0,0.000000,inf,inf,30,0.475877,0,2.128714,inf,0,0.006056,0.001266,0.007333,0.345818
91.355278,1786670484.904740,1769605537.957733,1769605538.057730,map_start,map,map_start,,,0.000000,0.000000,986,0,6107,19266,46,91,5,40,35,58,1,35,0,40,11,0,0,0.000000,inf,inf,30,0.488801,0,2.031439,inf,0,0.006119,0.001276,0.007404,0.345818
91.741025,1786670485.287076,1769605538.357770,1769605538.357770,map_start,map,map_start,,,0.000000,0.000000,1013,0,6118,19294,52,106,3,49,35,58,1,35,0,49,12,0,0,0.000000,inf,inf,34,0.494603,0,2.003262,inf,0,0.006116,0.001259,0.007387,0.342761
92.128569,1786670485.679578,1769605538.657785,1769605538.757797,map_start,map,map_start,,,0.000000,0.000000,953,0,6116,19306,115,288,2,114,60,111,1,60,0,114,14,0,0,0.000000,inf,inf,34,0.494603,0,2.058378,inf,0,0.008362,0.001953,0.010326,0.336299
92.528994,1786670486.072005,1769605539.057751,1769605539.057751,map_start,map,map_start,,,0.000000,0.000000,1013,0,6152,19422,112,258,3,110,60,111,1,60,0,110,10,0,0,0.000000,inf,inf,32,0.472105,0,2.091654,inf,0,0.005877,0.001263,0.007149,0.322069
92.928778,1786670486.474475,1769605539.257780,1769605539.457896,map_start,map,map_start,,,0.000000,0.000000,1011,0,6176,19458,116,278,3,114,61,112,1,61,0,114,10,0,0,0.000000,inf,inf,31,0.469674,0,2.090085,inf,0,0.005963,0.001350,0.007320,0.319304
93.320582,1786670486.866830,1769605539.757717,1769605539.757717,map_start,map,map_start,,,0.000000,0.000000,1006,0,6195,19498,120,289,5,116,61,112,1,61,0,116,11,0,0,0.000000,inf,inf,37,0.486168,0,1.877260,inf,0,0.005794,0.001220,0.007024,0.316486
93.722654,1786670487.269328,1769605540.057750,1769605540.157821,map_start,map,map_start,,,0.000000,0.000000,905,0,6206,19518,121,291,4,118,61,110,1,61,0,118,11,0,0,0.000000,inf,inf,31,0.473906,0,1.507438,inf,0,0.006649,0.001299,0.007958,0.314949
94.117379,1786670487.661692,1769605540.457820,1769605540.557698,map_start,map,map_start,,,0.000000,0.000000,948,0,6222,19554,123,298,5,119,61,107,1,61,0,119,10,0,0,0.000000,inf,inf,40,0.488526,0,1.116415,inf,0,0.005965,0.001257,0.007232,0.315540
94.534217,1786670488.084466,1769605540.857766,1769605540.857766,map_start,map,map_start,,,0.000000,0.000000,931,0,6233,19570,124,293,5,120,61,108,1,61,0,120,10,0,0,0.000000,inf,inf,36,0.475235,0,0.858907,inf,0,0.006416,0.001260,0.007687,0.307169
94.908389,1786670488.456761,1769605541.157777,1769605541.257814,map_start,map,map_start,,,0.000000,0.000000,892,0,6242,19586,120,282,3,118,61,108,1,61,0,118,8,0,0,0.000000,inf,inf,31,0.475520,0,0.660816,inf,0,0.007304,0.001250,0.008563,0.321254
95.321552,1786670488.869308,1769605541.457714,1769605541.557796,map_start,map,map_start,,,0.000000,0.000000,907,0,6268,19614,125,300,4,122,61,108,1,61,0,122,7,0,0,0.000000,inf,inf,36,0.478607,0,0.765029,inf,0,0.005895,0.001241,0.007146,0.303657
95.725763,1786670489.271778,1769605541.757884,1769605541.757884,map_start,map,map_start,,,0.000000,0.000000,859,0,6274,19630,130,313,4,127,61,107,1,61,0,127,7,0,0,0.000000,inf,inf,31,0.477967,0,0.898992,inf,0,0.005908,0.001255,0.007172,0.314950
96.152950,1786670489.704444,1769605542.257965,1769605542.257965,map_start,map,map_start,,,0.000000,0.000000,795,0,6273,19650,133,314,3,127,61,105,1,61,0,127,8,0,0,0.000000,inf,inf,37,0.470796,0,1.158565,inf,0,0.005866,0.001293,0.007168,0.315880
96.524565,1786670490.076759,1769605542.557800,1769605542.657651,map_start,map,map_start,,,0.000000,0.000000,768,0,6284,19674,127,297,3,125,61,105,1,61,0,125,5,0,0,0.000000,inf,inf,33,0.491404,0,0.899241,inf,0,0.005716,0.001236,0.006963,0.340935
96.928655,1786670490.479744,1769605542.857729,1769605542.857729,map_start,map,map_start,,,0.000000,0.000000,775,0,6290,19686,128,302,2,127,61,105,1,61,0,127,5,0,0,0.000000,inf,inf,29,0.480989,0,0.800916,inf,0,0.005832,0.001238,0.007081,0.319248
97.337668,1786670490.882829,1769605543.257747,1769605543.357701,map_start,map,map_start,,,0.000000,0.000000,732,0,6285,19690,130,318,2,129,61,105,1,61,0,129,5,0,0,0.000000,inf,inf,30,0.478437,0,0.842916,inf,0,0.005820,0.001273,0.007101,0.321827
97.753493,1786670491.305457,1769605543.657715,1769605543.757871,map_start,map,map_start,,,0.000000,0.000000,706,0,6301,19698,136,346,2,135,61,105,1,61,0,135,9,0,0,0.000000,inf,inf,45,0.480435,0,1.099573,inf,0,0.006030,0.001261,0.007300,0.327408
98.130775,1786670491.677708,1769605543.957869,1769605544.057935,map_start,map,map_start,,,0.000000,0.000000,682,0,6317,19726,132,330,2,131,61,105,1,61,0,131,17,0,0,0.000000,inf,inf,47,0.480406,0,1.368004,inf,0,0.006050,0.001245,0.007305,0.340513
98.531891,1786670492.080471,1769605544.357784,1769605544.357784,map_start,map,map_start,,,0.000000,0.000000,712,0,6319,19748,126,313,2,125,61,105,1,61,0,125,19,0,0,0.000000,inf,inf,48,0.471536,0,1.501350,inf,0,0.005853,0.001252,0.007114,0.325237
98.950895,1786670492.503021,1769605544.657711,1769605544.657711,map_start,map,map_start,,,0.000000,0.000000,748,0,6339,19804,159,375,1,159,119,219,1,119,0,159,18,0,0,0.000000,inf,inf,50,0.469564,0,1.262926,inf,0,0.008368,0.001873,0.010260,0.323525
99.353252,1786670492.905370,1769605545.157742,1769605545.157742,map_start,map,map_start,,,0.000000,0.000000,728,0,6345,19820,115,250,2,112,69,136,1,69,0,112,12,0,0,0.000000,inf,inf,30,0.463308,0,0.915499,inf,0,0.005784,0.001294,0.007088,0.339876
99.728907,1786670493.277715,1769605545.457728,1769605545.457728,map_start,map,map_start,,,0.000000,0.000000,709,0,6346,19832,164,388,1,164,123,230,1,123,0,164,14,0,0,0.000000,inf,inf,47,0.469027,0,0.811450,inf,0,0.005793,0.001252,0.007053,0.340536
100.147413,1786670493.690739,1769605545.757719,1769605545.757719,map_start,map,map_start,,,0.000000,0.000000,719,0,6351,19852,163,376,1,163,122,221,1,122,0,163,16,0,0,0.000000,inf,inf,46,0.472986,0,0.811505,inf,0,0.006367,0.001272,0.007650,0.323196
100.512085,1786670494.063419,1769605546.157863,1769605546.257742,map_start,map,map_start,,,0.000000,0.000000,752,0,6368,19896,107,219,7,98,69,135,1,69,0,98,9,0,0,0.000000,inf,inf,26,0.491556,0,0.790205,inf,0,0.005999,0.001243,0.007251,0.339253
100.916601,1786670494.465788,1769605546.457889,1769605546.557735,map_start,map,map_start,,,0.000000,0.000000,773,0,6394,19960,108,232,5,101,71,143,1,71,0,101,10,0,0,0.000000,inf,inf,25,0.499937,0,0.797144,inf,0,0.005872,0.001239,0.007120,0.301550
101.299423,1786670494.848163,1769605546.857694,1769605546.857694,map_start,map,map_start,,,0.000000,0.000000,763,0,6398,19974,113,256,4,110,72,146,1,72,0,110,13,0,0,0.000000,inf,inf,37,0.492816,0,0.821305,inf,0,0.005978,0.001279,0.007268,0.302399
101.704961,1786670495.250699,1769605547.157782,1769605547.257696,map_start,map,map_start,,,0.000000,0.000000,767,0,6408,19994,116,264,4,113,72,145,1,72,0,113,13,0,0,0.000000,inf,inf,36,0.465526,0,0.941585,inf,0,0.006139,0.001269,0.007418,0.292840
102.107449,1786670495.653252,1769605547.557713,1769605547.657727,map_start,map,map_start,,,0.000000,0.000000,764,0,6420,20026,121,286,6,116,72,147,1,72,0,116,17,0,0,0.000000,inf,inf,48,0.476281,0,0.922466,inf,0,0.005914,0.001263,0.007189,0.296312
102.506744,1786670496.055717,1769605547.857728,1769605547.957939,map_start,map,map_start,,,0.000000,0.000000,763,0,6426,20070,116,275,5,112,72,147,1,72,0,112,15,0,0,0.000000,inf,inf,43,0.492555,0,0.965706,inf,0,0.005895,0.001304,0.007207,0.295088
102.907672,1786670496.458320,1769605548.257710,1769605548.357687,map_start,map,map_start,,,0.000000,0.000000,755,0,6446,20103,114,267,4,110,71,137,1,71,0,110,17,0,0,0.000000,inf,inf,39,0.454017,0,1.036495,inf,0,0.006004,0.001276,0.007290,0.292278
103.269245,1786670496.820617,1769605548.557863,1769605548.657762,map_start,map,map_start,,,0.000000,0.000000,683,0,6442,20111,115,264,5,110,71,137,1,71,0,110,15,0,0,0.000000,inf,inf,37,0.487073,0,1.090124,inf,0,0.006012,0.001268,0.007289,0.300779
103.690480,1786670497.233091,1769605548.857763,1769605549.058017,map_start,map,map_start,,,0.000000,0.000000,688,0,6457,20155,119,284,5,115,70,132,1,70,0,115,16,0,0,0.000000,inf,inf,45,0.467091,0,1.158064,inf,0,0.008195,0.001314,0.009520,0.260573
104.091601,1786670497.635669,1769605549.357686,1769605549.357686,map_start,map,map_start,,,0.000000,0.000000,666,0,6466,20183,120,290,4,117,73,145,1,73,0,117,18,0,0,0.000000,inf,inf,50,0.475001,0,1.204429,inf,0,0.005993,0.001292,0.007297,0.279254
104.497630,1786670498.048112,1769605549.657706,1769605549.757731,map_start,map,map_start,,,0.000000,0.000000,710,0,6485,20247,173,419,1,173,139,266,1,139,0,173,27,0,0,0.000000,inf,inf,58,0.481738,0,1.309453,inf,0,0.006017,0.001274,0.007301,0.277667
104.901121,1786670498.450607,1769605550.057897,1769605550.157745,map_start,map,map_start,,,0.000000,0.000000,678,0,6493,20275,172,432,1,172,141,287,1,141,0,172,22,0,0,0.000000,inf,inf,53,0.497996,0,1.523918,inf,0,0.006190,0.001317,0.007518,0.290417
105.302601,1786670498.853215,1769605550.357692,1769605550.457691,map_start,map,map_start,,,0.000000,0.000000,700,0,6508,20331,112,284,2,111,73,150,1,73,0,111,15,0,0,0.000000,inf,inf,38,0.534140,0,1.436119,inf,0,0.006107,0.001280,0.007396,0.292264
105.681334,1786670499.225772,1769605550.757779,1769605550.857728,map_start,map,map_start,,,0.000000,0.000000,680,0,6520,20371,112,273,2,111,72,145,1,72,0,111,13,0,0,0.000000,inf,inf,37,0.528578,0,1.323676,inf,0,0.006261,0.001368,0.007640,0.291373
106.088965,1786670499.638427,1769605551.157936,1769605551.157936,map_start,map,map_start,,,0.000000,0.000000,734,0,6546,20435,178,446,1,178,138,268,1,138,0,178,21,0,0,0.000000,inf,inf,50,0.526192,0,1.168925,inf,0,0.008277,0.001823,0.010115,0.276732
106.487206,1786670500.030778,1769605551.457790,1769605551.557916,map_start,map,map_start,,,0.000000,0.000000,783,0,6575,20515,116,277,6,109,71,145,1,71,0,109,11,0,0,0.000000,inf,inf,37,0.491880,0,1.124005,inf,0,0.006279,0.001308,0.007596,0.281998
106.879096,1786670500.423258,1769605551.857722,1769605551.857722,map_start,map,map_start,,,0.000000,0.000000,786,0,6591,20543,113,274,4,106,70,142,1,70,0,106,10,0,0,0.000000,inf,inf,34,0.501593,0,1.206350,inf,0,0.006715,0.001289,0.008015,0.278656
107.263151,1786670500.805635,1769605552.157819,1769605552.257721,map_start,map,map_start,,,0.000000,0.000000,800,0,6610,20571,111,265,6,104,70,143,1,70,0,104,11,0,0,0.000000,inf,inf,33,0.477236,0,1.221583,inf,0,0.005943,0.001349,0.007301,0.267175
107.663598,1786670501.208060,1769605552.457747,1769605552.557886,map_start,map,map_start,,,0.000000,0.000000,800,0,6620,20603,112,256,4,104,70,143,1,70,0,104,11,0,0,0.000000,inf,inf,32,0.582970,0,1.283911,inf,0,0.006011,0.001334,0.007352,0.259654
108.076641,1786670501.620624,1769605552.857797,1769605552.957783,map_start,map,map_start,,,0.000000,0.000000,804,0,6645,20639,121,275,5,116,70,142,1,70,0,116,9,0,0,0.000000,inf,inf,36,0.476967,0,1.319299,inf,0,0.006357,0.001324,0.007690,0.256868
108.479622,1786670502.023113,1769605553.257925,1769605553.257925,map_start,map,map_start,,,0.000000,0.000000,836,0,6665,20695,124,283,3,119,70,142,1,70,0,119,8,0,0,0.000000,inf,inf,40,0.546069,0,1.376006,inf,0,0.006853,0.001303,0.008167,0.267878
108.879595,1786670502.425553,1769605553.557810,1769605553.657805,map_start,map,map_start,,,0.000000,0.000000,893,0,6690,20763,121,285,3,119,70,142,1,70,0,119,8,0,0,0.000000,inf,inf,40,0.530536,0,1.438121,inf,0,0.007013,0.001305,0.008327,0.267745
109.267270,1786670502.818089,1769605553.957757,1769605553.957757,map_start,map,map_start,,,0.000000,0.000000,916,0,6704,20803,122,286,3,120,70,142,1,70,0,120,9,0,0,0.000000,inf,inf,37,0.479388,0,1.493454,inf,0,0.008567,0.001723,0.010306,0.264646
109.672131,1786670503.220772,1769605554.257856,1769605554.357952,map_start,map,map_start,,,0.000000,0.000000,946,0,6729,20843,124,293,3,122,69,141,1,69,0,122,9,0,0,0.000000,inf,inf,39,0.501333,0,1.578039,inf,0,0.006828,0.001450,0.008292,0.261576
110.096513,1786670503.643326,1769605554.657682,1769605554.757690,map_start,map,map_start,,,0.000000,0.000000,967,0,6758,20887,127,306,3,125,70,141,1,70,0,125,9,0,0,0.000000,inf,inf,39,0.479845,0,1.690351,inf,0,0.007981,0.001357,0.009351,0.263397
110.500261,1786670504.045933,1769605555.057820,1769605555.057820,map_start,map,map_start,,,0.000000,0.000000,986,0,6775,20923,130,308,2,129,71,141,1,71,0,129,10,0,0,0.000000,inf,inf,40,0.480286,0,1.823656,inf,0,0.007131,0.001414,0.008557,0.284628
110.895936,1786670504.438561,1769605555.357762,1769605555.457718,map_start,map,map_start,,,0.000000,0.000000,999,0,6797,20972,137,339,2,136,71,142,1,71,0,136,11,0,0,0.000000,inf,inf,47,0.475888,0,1.625172,inf,0,0.008681,0.002035,0.010731,0.286103
111.292770,1786670504.840919,1769605555.657798,1769605555.757772,map_start,map,map_start,,,0.000000,0.000000,1015,0,6817,21017,135,336,2,134,70,137,1,70,0,134,11,0,0,0.000000,inf,inf,43,0.478839,0,1.498807,inf,0,0.005914,0.001422,0.007346,0.289908
111.707869,1786670505.253334,1769605556.057696,1769605556.157694,map_start,map,map_start,,,0.000000,0.000000,1039,0,6831,21070,132,323,1,132,69,135,1,69,0,132,13,0,0,0.000000,inf,inf,46,0.518942,0,1.437987,inf,0,0.005892,0.001392,0.007295,0.284053
112.092172,1786670505.635730,1769605556.457937,1769605556.557867,map_start,map,map_start,,,0.000000,0.000000,1077,0,6849,21123,135,329,2,134,71,141,1,71,0,134,11,0,0,0.000000,inf,inf,43,0.581821,0,1.526092,inf,0,0.006303,0.001381,0.007695,0.295718
112.476772,1786670506.028228,1769605556.757942,1769605556.857768,map_start,map,map_start,,,0.000000,0.000000,1093,0,6862,21162,132,316,2,131,70,137,1,70,0,131,13,0,0,0.000000,inf,inf,43,0.509287,0,1.668715,inf,0,0.007476,0.001433,0.008918,0.277675
112.882795,1786670506.430665,1769605557.157700,1769605557.257811,map_start,map,map_start,,,0.000000,0.000000,1172,0,6889,21261,130,299,2,129,72,142,1,72,0,129,7,0,0,0.000000,inf,inf,34,0.526918,0,1.397472,inf,0,0.006759,0.001501,0.008268,0.270603
113.288817,1786670506.833140,1769605557.557756,1769605557.557756,map_start,map,map_start,,,0.000000,0.000000,1205,0,6911,21323,135,310,3,133,71,137,1,71,0,133,10,0,0,0.000000,inf,inf,43,0.506938,0,1.168669,inf,0,0.005999,0.001424,0.007434,0.273949
113.694332,1786670507.245661,1769605557.857882,1769605557.957768,map_start,map,map_start,,,0.000000,0.000000,1253,0,6936,21398,136,313,2,135,72,141,1,72,0,135,10,0,0,0.000000,inf,inf,42,0.517990,0,0.964725,inf,0,0.006276,0.001409,0.007696,0.276613
114.082984,1786670507.627984,1769605558.257786,1769605558.257786,map_start,map,map_start,,,0.000000,0.000000,1252,0,6956,21444,133,311,2,132,72,142,1,72,0,132,10,0,0,0.000000,inf,inf,40,0.514958,0,0.922310,inf,0,0.005792,0.001449,0.007251,0.280234
114.468995,1786670508.020453,1769605558.557707,1769605558.657911,map_start,map,map_start,,,0.000000,0.000000,1249,0,6968,21495,127,286,1,127,70,139,1,70,0,127,5,0,0,0.000000,inf,inf,29,0.537200,0,0.869565,inf,0,0.006114,0.001446,0.007569,0.276803
114.850953,1786670508.402911,1769605558.958013,1769605558.958013,map_start,map,map_start,,,0.000000,0.000000,1259,0,6980,21547,126,280,3,124,70,140,1,70,0,124,5,0,0,0.000000,inf,inf,31,0.537397,0,0.804763,inf,0,0.007454,0.001495,0.008959,0.259989
115.249370,1786670508.795284,1769605559.257729,1769605559.357720,map_start,map,map_start,,,0.000000,0.000000,1278,0,6999,21611,128,294,1,128,70,137,1,70,0,128,8,0,0,0.000000,inf,inf,31,0.501098,0,0.753270,inf,0,0.006257,0.001431,0.007698,0.239509
115.649215,1786670509.197833,1769605559.657804,1769605559.657804,map_start,map,map_start,,,0.000000,0.000000,1283,0,7018,21663,130,307,3,128,68,134,1,68,0,128,9,0,0,0.000000,inf,inf,34,0.487645,0,0.695011,inf,0,0.006655,0.001465,0.008130,0.235673
116.050342,1786670509.600227,1769605559.957802,1769605560.057710,map_start,map,map_start,,,0.000000,0.000000,1251,0,7030,21687,131,306,4,128,68,135,1,68,0,128,10,0,0,0.000000,inf,inf,40,0.485348,0,0.863077,inf,0,0.006245,0.001421,0.007675,0.242865
116.440677,1786670509.992641,1769605560.357720,1769605560.357720,map_start,map,map_start,,,0.000000,0.000000,1245,0,7042,21723,129,299,2,128,68,135,1,68,0,128,7,0,0,0.000000,inf,inf,28,0.487352,0,0.953670,inf,0,0.006407,0.001466,0.007881,0.240716
116.829505,1786670510.375175,1769605560.657757,1769605560.757722,map_start,map,map_start,,,0.000000,0.000000,1269,0,7061,21799,128,302,2,127,68,132,1,68,0,127,7,0,0,0.000000,inf,inf,29,0.475192,0,0.890769,inf,0,0.006328,0.001479,0.007816,0.229698
117.250727,1786670510.797735,1769605561.057725,1769605561.157830,map_start,map,map_start,,,0.000000,0.000000,1251,0,7074,21823,139,322,3,137,68,133,1,68,0,137,10,0,0,0.000000,inf,inf,39,0.510564,0,1.007751,inf,0,0.007294,0.001440,0.008743,0.216010
117.636274,1786670511.180131,1769605561.357711,1769605561.457741,map_start,map,map_start,,,0.000000,0.000000,1248,0,7091,21859,135,321,1,135,68,134,1,68,0,135,10,0,0,0.000000,inf,inf,37,0.493727,0,1.146685,inf,0,0.006418,0.001459,0.007887,0.244750
118.028216,1786670511.572623,1769605561.757787,1769605561.857711,map_start,map,map_start,,,0.000000,0.000000,1236,0,7107,21900,134,316,1,134,68,134,1,68,0,134,10,0,0,0.000000,inf,inf,36,0.490866,0,1.220787,inf,0,0.006654,0.001447,0.008109,0.227214
118.431172,1786670511.975129,1769605562.057888,1769605562.157733,map_start,map,map_start,,,0.000000,0.000000,1234,0,7129,21961,129,303,1,129,68,135,1,68,0,129,9,0,0,0.000000,inf,inf,28,0.503839,0,1.361888,inf,0,0.008997,0.001430,0.010436,0.217350
118.826785,1786670512.377744,1769605562.457761,1769605562.557912,map_start,map,map_start,,,0.000000,0.000000,1214,0,7139,21991,132,304,2,131,68,135,1,68,0,131,8,0,0,0.000000,inf,inf,30,0.486456,0,1.437652,inf,0,0.006153,0.001486,0.007648,0.217363
119.233264,1786670512.780175,1769605562.757737,1769605562.857836,map_start,map,map_start,,,0.000000,0.000000,1216,0,7167,22047,138,336,2,137,68,135,1,68,0,137,12,0,0,0.000000,inf,inf,42,0.472456,0,1.362354,inf,0,0.006559,0.001454,0.008023,0.220801
119.637781,1786670513.182604,1769605563.057696,1769605563.257933,map_start,map,map_start,,,0.000000,0.000000,1190,0,7181,22087,138,342,2,137,68,135,1,68,0,137,12,0,0,0.000000,inf,inf,42,0.490866,0,1.016168,inf,0,0.007283,0.001481,0.008774,0.224349
120.049196,1786670513.595413,1769605563.557691,1769605563.557691,map_start,map,map_start,,,0.000000,0.000000,1170,0,7182,22115,136,314,2,135,68,130,1,68,0,135,10,0,0,0.000000,inf,inf,34,0.518470,0,0.737834,inf,0,0.008670,0.002245,0.010932,0.226388
120.439225,1786670513.987877,1769605563.857833,1769605563.957858,map_start,map,map_start,,,0.000000,0.000000,1133,0,7183,22131,1,0,1,1,68,126,1,68,0,1,0,0,0,0.000000,inf,inf,0,inf,0,0.488022,inf,0,0.008753,0.002257,0.011024,0.234384
120.818236,1786670514.370322,1769605564.257736,1769605564.257736,map_start,map,map_start,,,0.000000,0.000000,1123,0,7200,22147,1,0,1,1,68,130,1,68,0,1,0,0,0,0.000000,inf,inf,0,inf,0,0.351285,inf,0,0.006286,0.001455,0.007750,0.209221
121.229393,1786670514.772895,1769605564.557729,1769605564.657734,map_start,map,map_start,,,0.000000,0.000000,1084,0,7216,22171,1,0,1,1,68,130,1,68,0,1,0,0,0,0.000000,inf,inf,0,inf,0,0.471512,inf,0,0.006165,0.001482,0.007656,0.209221
121.647197,1786670515.195516,1769605564.957720,1769605565.057715,map_start,map,map_start,,,0.000000,0.000000,1078,0,7242,22225,1,0,1,1,68,129,1,68,0,1,0,0,0,0.000000,inf,inf,0,inf,0,0.516584,inf,0,0.006310,0.001466,0.007788,0.233602
122.032543,1786670515.577985,1769605565.357713,1769605565.357713,map_start,map,map_start,,,0.000000,0.000000,1046,0,7254,22252,1,0,1,1,68,129,1,68,0,1,0,0,0,0.000000,inf,inf,0,inf,0,0.500613,inf,0,0.006413,0.001486,0.007917,0.226401
122.423682,1786670515.971343,1769605565.657772,1769605565.757751,map_start,map,map_start,,,0.000000,0.000000,1027,0,7280,22280,1,0,1,1,68,129,1,68,0,1,0,0,0,0.000000,inf,inf,0,inf,0,0.517097,inf,0,0.006388,0.001479,0.007877,0.214273
122.829083,1786670516.374145,1769605566.057730,1769605566.057730,map_start,map,map_start,,,0.000000,0.000000,1001,0,7313,22315,1,0,1,1,68,128,1,68,0,1,0,0,0,0.000000,inf,inf,0,inf,0,0.525001,inf,0,0.006847,0.001456,0.008314,0.217436
123.221249,1786670516.766812,1769605566.357689,1769605566.457726,map_start,map,map_start,,,0.000000,0.000000,994,0,7334,22331,1,0,1,1,68,129,1,68,0,1,0,0,0,0.000000,inf,inf,0,inf,0,0.399949,inf,0,0.006924,0.001464,0.008397,0.216287
123.624346,1786670517.170266,1769605566.757849,1769605566.757849,map_start,map,map_start,,,0.000000,0.000000,992,0,7352,22347,1,0,1,1,68,129,1,68,0,1,0,0,0,0.000000,inf,inf,0,inf,0,0.251292,inf,0,0.009982,0.002252,0.012248,0.216287
124.012285,1786670517.562823,1769605567.057916,1769605567.157897,map_start,map,map_start,,,0.000000,0.000000,997,0,7370,22368,1,0,1,1,68,130,1,68,0,1,0,0,0,0.000000,inf,inf,0,inf,0,0.223944,inf,0,0.006900,0.001452,0.008362,0.216011
124.412565,1786670517.957180,1769605567.357764,1769605567.457721,map_start,map,map_start,,,0.000000,0.000000,997,0,7394,22380,1,0,1,1,68,130,1,68,0,1,0,0,0,0.000000,inf,inf,0,inf,0,0.280817,inf,0,0.007059,0.001483,0.008552,0.207764
124.803425,1786670518.350826,1769605567.757715,1769605567.857743,map_start,map,map_start,,,0.000000,0.000000,1002,0,7407,22420,1,0,1,1,67,129,1,67,0,1,0,0,0,0.000000,inf,inf,0,inf,0,0.573687,inf,0,0.007011,0.001437,0.008456,0.193429
125.219844,1786670518.764018,1769605568.057829,1769605568.257724,map_start,map,map_start,,,0.000000,0.000000,1003,0,7444,22444,1,0,1,1,68,130,1,68,0,1,0,0,0,0.000000,inf,inf,0,inf,0,0.797104,inf,0,0.006773,0.001469,0.008251,0.207232
125.618153,1786670519.166440,1769605568.557898,1769605568.557898,map_start,map,map_start,,,0.000000,0.000000,982,0,7485,22464,1,0,1,1,68,130,1,68,0,1,0,0,0,0.000000,inf,inf,0,inf,0,0.899072,inf,0,0.007205,0.001480,0.008694,0.213365
126.023738,1786670519.568876,1769605568.857797,1769605568.957788,map_start,map,map_start,,,0.000000,0.000000,985,0,7502,22498,1,0,1,1,67,127,1,67,0,1,0,0,0,0.000000,inf,inf,0,inf,0,0.752868,inf,0,0.007372,0.001507,0.008890,0.217210
126.420037,1786670519.971740,1769605569.257814,1769605569.257814,map_start,map,map_start,,,0.000000,0.000000,1074,0,7536,23572,1,0,1,1,68,130,1,68,0,1,0,0,0,0.000000,inf,inf,0,inf,0,0.831857,inf,0,0.007306,0.001612,0.008928,0.210324
126.826010,1786670520.375497,1769605569.557795,1769605569.657805,map_start,map,map_start,,,0.000000,0.000000,1029,0,7578,23715,149,350,1,149,68,128,1,68,0,149,12,0,0,0.000000,inf,inf,39,0.496642,0,0.820280,inf,0,0.007137,0.001530,0.008676,0.210324
127.223877,1786670520.768405,1769605569.957718,1769605570.057827,map_start,map,map_start,,,0.000000,0.000000,1060,0,7604,23813,1,0,1,1,68,127,1,68,0,1,0,0,0,0.000000,inf,inf,0,inf,0,0.651141,inf,0,0.007254,0.001505,0.008802,0.217099
127.644265,1786670521.191689,1769605570.357834,1769605570.357834,map_start,map,map_start,,,0.000000,0.000000,1051,0,7645,23867,1,0,1,1,68,128,1,68,0,1,0,0,0,0.000000,inf,inf,0,inf,0,0.628659,inf,0,0.010278,0.001911,0.012202,0.233660
128.025046,1786670521.575695,1769605570.657718,1769605570.757723,map_start,map,map_start,,,0.000000,0.000000,572,0,7678,24439,1,0,1,1,68,128,1,68,0,1,0,0,0,0.000000,inf,inf,0,inf,0,0.613591,inf,0,0.007189,0.001502,0.008700,0.212136
128.422593,1786670521.969711,1769605571.057793,1769605571.057793,map_start,map,map_start,,,0.000000,0.000000,607,0,7716,24516,151,351,1,151,68,128,1,68,0,151,15,0,0,0.000000,inf,inf,45,0.476087,0,0.703514,inf,0,0.007259,0.001486,0.008752,0.212136
128.825056,1786670522.372703,1769605571.357816,1769605571.457763,map_start,map,map_start,,,0.000000,0.000000,1085,0,7746,24663,140,301,1,140,66,126,1,66,0,140,10,0,0,0.000000,inf,inf,30,0.473441,0,0.944236,inf,0,0.010210,0.002303,0.012527,0.213534
129.212531,1786670522.755511,1769605571.757888,1769605571.757888,map_start,map,map_start,,,0.000000,0.000000,1079,0,7782,24735,143,306,1,143,67,127,1,67,0,143,10,0,0,0.000000,inf,inf,28,0.477026,0,1.038630,inf,0,0.007707,0.001616,0.009332,0.214117
129.604955,1786670523.149214,1769605572.057691,1769605572.157557,map_start,map,map_start,,,0.000000,0.000000,1137,0,7821,24814,137,294,1,137,67,127,1,67,0,137,11,0,0,0.000000,inf,inf,30,0.474804,0,1.025884,inf,0,0.007515,0.001586,0.009111,0.207287
130.017972,1786670523.561735,1769605572.457664,1769605572.457664,map_start,map,map_start,,,0.000000,0.000000,1140,0,7839,24855,138,299,1,138,67,126,1,67,0,138,11,0,0,0.000000,inf,inf,30,0.483213,0,1.062663,inf,0,0.009051,0.001606,0.010667,0.196537
130.417126,1786670523.965193,1769605572.757801,1769605572.857810,map_start,map,map_start,,,0.000000,0.000000,1073,0,7860,24888,140,313,1,140,66,126,1,66,0,140,12,0,0,0.000000,inf,inf,31,0.477357,0,1.234768,inf,0,0.009533,0.001628,0.011170,0.206638
130.816120,1786670524.367767,1769605573.057756,1769605573.257858,map_start,map,map_start,,,0.000000,0.000000,1054,0,7875,24924,140,297,1,140,67,127,1,67,0,140,10,0,0,0.000000,inf,inf,26,0.458833,0,1.391365,inf,0,0.007481,0.001625,0.009118,0.203211
131.219308,1786670524.770819,1769605573.457775,1769605573.557754,map_start,map,map_start,,,0.000000,0.000000,1013,0,7888,24964,146,332,1,146,66,126,1,66,0,146,14,0,0,0.000000,inf,inf,38,0.474532,0,1.474892,inf,0,0.008546,0.001577,0.010135,0.209875
131.636925,1786670525.184477,1769605573.857661,1769605573.957702,map_start,map,map_start,,,0.000000,0.000000,966,0,7898,24980,145,341,1,145,66,126,1,66,0,145,14,0,0,0.000000,inf,inf,37,0.497677,0,1.455624,inf,0,0.007805,0.001592,0.009407,0.209973
132.016556,1786670525.567595,1769605574.257726,1769605574.257726,map_start,map,map_start,,,0.000000,0.000000,877,0,7919,25429,141,300,1,141,66,127,1,66,0,141,12,0,0,0.000000,inf,inf,27,0.480643,0,1.498682,inf,0,0.007961,0.001587,0.009558,0.223493
132.412019,1786670525.960046,1769605574.557647,1769605574.657825,map_start,map,map_start,,,0.000000,0.000000,884,0,7944,25549,140,301,1,140,67,126,1,67,0,140,4,0,0,0.000000,inf,inf,24,0.489422,0,1.153038,inf,0,0.008624,0.001577,0.010211,0.210256
132.825655,1786670526.373875,1769605574.957754,1769605575.057724,map_start,map,map_start,,,0.000000,0.000000,824,0,7949,25555,147,339,1,147,67,125,1,67,0,147,16,0,0,0.000000,inf,inf,34,0.478865,0,1.037868,inf,0,0.008609,0.001602,0.010223,0.203256
133.240647,1786670526.787369,1769605575.357845,1769605575.357845,map_start,map,map_start,,,0.000000,0.000000,830,0,7970,25587,148,334,1,148,67,123,1,67,0,148,15,0,0,0.000000,inf,inf,35,0.491575,0,0.784608,inf,0,0.010811,0.002257,0.013081,0.213515
133.650244,1786670527.201280,1769605575.657732,1769605575.757751,map_start,map,map_start,,,0.000000,0.000000,857,0,7993,25613,156,375,1,156,67,123,1,67,0,156,21,0,0,0.000000,inf,inf,48,0.461043,0,0.626348,inf,0,0.008524,0.001619,0.010150,0.234239
134.083351,1786670527.634224,1769605576.057719,1769605576.157737,map_start,map,map_start,,,0.000000,0.000000,880,0,8030,25800,156,359,1,156,66,123,1,66,0,156,21,0,0,0.000000,inf,inf,44,0.458018,0,0.868516,inf,0,0.010544,0.001619,0.012172,0.240062
134.481080,1786670528.026652,1769605576.457716,1769605576.457716,map_start,map,map_start,,,0.000000,0.000000,949,0,8061,25918,154,357,1,154,66,124,1,66,0,154,25,0,0,0.000000,inf,inf,47,0.473567,0,0.905582,inf,0,0.010672,0.001642,0.012324,0.270061
134.855427,1786670528.399431,1769605576.757728,1769605576.857723,map_start,map,map_start,,,0.000000,0.000000,997,0,8076,25969,150,342,1,150,66,125,1,66,0,150,16,0,0,0.000000,inf,inf,36,0.467697,0,0.676920,inf,0,0.008287,0.001684,0.009982,0.274752
135.265262,1786670528.813286,1769605577.157748,1769605577.157748,map_start,map,map_start,,,0.000000,0.000000,1001,0,8104,26017,145,325,1,145,66,125,1,66,0,145,17,0,0,0.000000,inf,inf,32,0.479614,0,0.857252,inf,0,0.009395,0.001668,0.011075,0.247630
135.661309,1786670529.206334,1769605577.457701,1769605577.557868,map_start,map,map_start,,,0.000000,0.000000,984,0,8115,26041,145,328,1,145,66,125,1,66,0,145,17,0,0,0.000000,inf,inf,34,0.461137,0,0.900506,inf,0,0.008046,0.001632,0.009689,0.256088
136.053513,1786670529.599720,1769605577.857948,1769605577.857948,map_start,map,map_start,,,0.000000,0.000000,1011,0,8143,26089,148,340,1,148,66,125,1,66,0,148,16,0,0,0.000000,inf,inf,33,0.481534,0,0.904755,inf,0,0.008044,0.001653,0.009706,0.256088
136.457294,1786670530.002967,1769605578.157767,1769605578.257840,map_start,map,map_start,,,0.000000,0.000000,1012,0,8157,26121,145,327,1,145,66,125,1,66,0,145,13,0,0,0.000000,inf,inf,30,0.471359,0,0.923697,inf,0,0.008132,0.001642,0.009787,0.246074
136.868360,1786670530.416697,1769605578.557742,1769605578.657695,map_start,map,map_start,,,0.000000,0.000000,1013,0,8180,26173,145,336,1,145,64,120,1,64,0,145,6,0,0,0.000000,inf,inf,40,0.456361,0,0.915885,inf,0,0.008826,0.001633,0.010468,0.246074
137.268381,1786670530.820208,1769605578.857732,1769605578.957785,map_start,map,map_start,,,0.000000,0.000000,1031,0,8202,26229,145,317,1,145,64,119,1,64,0,145,10,0,0,0.000000,inf,inf,29,0.478721,0,0.934209,inf,0,0.008046,0.001636,0.009691,0.262834
137.663317,1786670531.213341,1769605579.257814,1769605579.357708,map_start,map,map_start,,,0.000000,0.000000,1059,0,8237,26297,139,306,1,139,64,120,1,64,0,139,10,0,0,0.000000,inf,inf,28,0.484239,0,0.652332,inf,0,0.010580,0.001668,0.012257,0.259734
138.043624,1786670531.586965,1769605579.557692,1769605579.657809,map_start,map,map_start,,,0.000000,0.000000,1080,0,8250,26353,131,296,1,131,64,120,1,64,0,131,12,0,0,0.000000,inf,inf,30,0.464676,0,0.656598,inf,0,0.008953,0.001672,0.010638,0.251746
138.444448,1786670531.990297,1769605579.957690,1769605580.057811,map_start,map,map_start,,,0.000000,0.000000,1124,0,8282,26434,128,272,1,128,64,120,1,64,0,128,10,0,0,0.000000,inf,inf,23,0.474325,0,0.678026,inf,0,0.008668,0.001707,0.010385,0.238322
138.857308,1786670532.405102,1769605580.357871,1769605580.357871,map_start,map,map_start,,,0.000000,0.000000,1157,0,8310,26502,130,290,1,130,64,120,1,64,0,130,13,0,0,0.000000,inf,inf,29,0.497700,0,0.856938,inf,0,0.010717,0.001719,0.012444,0.235488
139.264766,1786670532.808886,1769605580.657730,1769605580.757729,map_start,map,map_start,,,0.000000,0.000000,1154,0,8332,26542,129,293,1,129,65,120,1,65,0,129,13,0,0,0.000000,inf,inf,28,0.476272,0,0.833981,inf,0,0.008500,0.001656,0.010166,0.245087
139.674300,1786670533.221594,1769605581.057742,1769605581.157722,map_start,map,map_start,,,0.000000,0.000000,1163,0,8343,27144,126,278,1,126,64,119,1,64,0,126,10,0,0,0.000000,inf,inf,22,0.500869,0,0.775351,inf,0,0.011321,0.001714,0.013043,0.258001
140.077426,1786670533.624767,1769605581.357779,1769605581.457622,map_start,map,map_start,,,0.000000,0.000000,1124,0,8359,27208,137,318,1,137,65,119,1,65,0,137,14,0,0,0.000000,inf,inf,32,0.490488,0,0.629786,inf,0,0.008888,0.001700,0.010598,0.263445
140.475860,1786670534.018463,1769605581.757757,1769605581.857822,map_start,map,map_start,,,0.000000,0.000000,1172,0,8376,27252,141,340,1,141,64,118,1,64,0,141,17,0,0,0.000000,inf,inf,40,0.490488,0,0.568809,inf,0,0.008347,0.001692,0.010047,0.264528
140.881503,1786670534.431688,1769605582.157743,1769605582.157743,map_start,map,map_start,,,0.000000,0.000000,1166,0,8399,27392,138,326,1,138,65,118,1,65,0,138,12,0,0,0.000000,inf,inf,32,0.490488,0,0.555030,inf,0,0.012032,0.001724,0.013768,0.271583
141.287993,1786670534.835039,1769605582.457785,1769605582.557730,map_start,map,map_start,,,0.000000,0.000000,1218,0,8429,27500,140,336,1,140,64,117,1,64,0,140,13,0,0,0.000000,inf,inf,34,0.490151,0,0.542052,inf,0,0.011914,0.002104,0.014030,0.271583
141.682708,1786670535.228926,1769605582.857696,1769605582.857696,map_start,map,map_start,,,0.000000,0.000000,1208,0,8446,27548,138,327,1,138,65,119,1,65,0,138,9,0,0,0.000000,inf,inf,27,0.517004,0,0.738907,inf,0,0.008780,0.001732,0.010521,0.274889
142.091321,1786670535.641838,1769605583.157807,1769605583.257752,map_start,map,map_start,,,0.000000,0.000000,1254,0,8513,27784,139,332,1,139,65,121,1,65,0,139,13,0,0,0.000000,inf,inf,27,0.517004,0,0.734559,inf,0,0.008233,0.001748,0.009991,0.275920
142.494448,1786670536.045651,1769605583.557711,1769605583.657718,map_start,map,map_start,,,0.000000,0.000000,1258,0,8549,27852,144,357,1,144,65,120,1,65,0,144,12,0,0,0.000000,inf,inf,39,0.493562,0,0.728023,inf,0,0.008265,0.001777,0.010054,0.280080
142.877477,1786670536.428877,1769605583.957678,1769605583.957678,map_start,map,map_start,,,0.000000,0.000000,1268,0,8564,27908,140,359,1,140,65,120,1,65,0,140,13,0,0,0.000000,inf,inf,38,0.484103,0,0.757279,inf,0,0.008203,0.001745,0.009960,0.280080
143.268878,1786670536.811832,1769605584.257704,1769605584.357709,map_start,map,map_start,,,0.000000,0.000000,1254,0,8588,27948,138,331,1,138,64,119,1,64,0,138,12,0,0,0.000000,inf,inf,36,0.480041,0,0.636387,inf,0,0.008538,0.001772,0.010318,0.270240
143.677707,1786670537.225924,1769605584.657942,1769605584.657942,map_start,map,map_start,,,0.000000,0.000000,1186,0,8594,28152,131,321,1,131,65,122,1,65,0,131,9,0,0,0.000000,inf,inf,25,0.529213,0,0.555707,inf,0,0.008436,0.001760,0.010205,0.264362
144.057835,1786670537.609025,1769605584.957695,1769605585.057766,map_start,map,map_start,,,0.000000,0.000000,1235,0,8602,28212,131,319,1,131,65,121,1,65,0,131,9,0,0,0.000000,inf,inf,27,0.509118,0,0.578136,inf,0,0.010486,0.001765,0.012259,0.250362
144.449854,1786670537.993273,1769605585.357712,1769605585.357712,map_start,map,map_start,,,0.000000,0.000000,1239,0,8615,28244,130,312,1,130,65,121,1,65,0,130,10,0,0,0.000000,inf,inf,27,0.480148,0,0.785635,inf,0,0.009680,0.001766,0.011455,0.250362
144.837056,1786670538.385767,1769605585.657787,1769605585.757777,map_start,map,map_start,,,0.000000,0.000000,1244,0,8640,28288,127,314,1,127,65,122,1,65,0,127,10,0,0,0.000000,inf,inf,27,0.473725,0,0.809555,inf,0,0.011177,0.001741,0.012929,0.239308
145.248763,1786670538.799287,1769605586.057703,1769605586.057703,map_start,map,map_start,,,0.000000,0.000000,1237,0,8661,28332,127,309,1,127,64,119,1,64,0,127,10,0,0,0.000000,inf,inf,28,0.471971,0,0.811588,inf,0,0.008457,0.001755,0.010222,0.232083
145.641537,1786670539.191874,1769605586.357753,1769605586.457676,map_start,map,map_start,,,0.000000,0.000000,1244,0,8681,28368,130,312,1,130,65,121,1,65,0,130,9,0,0,0.000000,inf,inf,28,0.479178,0,0.832009,inf,0,0.008644,0.001755,0.010410,0.241400
146.050508,1786670539.594301,1769605586.757699,1769605586.857831,map_start,map,map_start,,,0.000000,0.000000,1226,0,8700,28404,132,338,1,132,65,122,1,65,0,132,12,0,0,0.000000,inf,inf,31,0.465451,0,0.821608,inf,0,0.009283,0.001839,0.011131,0.231243
146.446944,1786670539.996752,1769605587.157866,1769605587.157866,map_start,map,map_start,,,0.000000,0.000000,1225,0,8729,28460,132,331,1,132,65,121,1,65,0,132,13,0,0,0.000000,inf,inf,31,0.474269,0,0.820723,inf,0,0.008664,0.001792,0.010464,0.237104
146.855937,1786670540.399616,1769605587.457792,1769605587.557698,map_start,map,map_start,,,0.000000,0.000000,1251,0,8749,28497,138,352,1,138,65,122,1,65,0,138,16,0,0,0.000000,inf,inf,37,0.484886,0,0.820349,inf,0,0.008873,0.001801,0.010682,0.246322
147.255059,1786670540.802601,1769605587.857592,1769605587.857592,map_start,map,map_start,,,0.000000,0.000000,1315,0,8764,28540,135,330,1,135,65,120,1,65,0,135,13,0,0,0.000000,inf,inf,29,0.490742,0,0.946525,inf,0,0.008862,0.001777,0.010648,0.246322
147.669663,1786670541.215981,1769605588.157675,1769605588.257731,map_start,map,map_start,,,0.000000,0.000000,1290,0,8787,28573,130,325,1,130,65,121,1,65,0,130,12,0,0,0.000000,inf,inf,25,0.492935,0,1.215580,inf,0,0.008206,0.001873,0.010087,0.244889
148.072282,1786670541.618590,1769605588.557760,1769605588.657688,map_start,map,map_start,,,0.000000,0.000000,1278,0,8818,28587,140,333,1,140,65,117,1,65,0,140,12,0,0,0.000000,inf,inf,29,0.510537,0,1.218933,inf,0,0.008546,0.001795,0.010352,0.255750
148.484417,1786670542.031152,1769605588.957770,1769605588.957770,map_start,map,map_start,,,0.000000,0.000000,1296,0,8834,28625,142,353,1,142,64,117,1,64,0,142,11,0,0,0.000000,inf,inf,29,0.493397,0,1.224183,inf,0,0.008195,0.001807,0.010013,0.274608
148.883434,1786670542.434637,1769605589.257740,1769605589.357816,map_start,map,map_start,,,0.000000,0.000000,1295,0,8853,28663,152,398,1,152,65,121,1,65,0,152,13,0,0,0.000000,inf,inf,34,0.474910,0,1.222375,inf,0,0.008224,0.001805,0.010037,0.271707
149.289219,1786670542.837718,1769605589.657729,1769605589.757717,map_start,map,map_start,,,0.000000,0.000000,1269,0,8880,28695,149,389,1,149,64,116,1,64,0,149,11,0,0,0.000000,inf,inf,34,0.480112,0,1.210341,inf,0,0.008375,0.001830,0.010214,0.271707
149.691325,1786670543.240824,1769605589.957817,1769605590.057772,map_start,map,map_start,,,0.000000,0.000000,1305,0,8935,28743,149,396,1,149,64,120,1,64,0,149,11,0,0,0.000000,inf,inf,32,0.480221,0,0.911432,inf,0,0.009969,0.001810,0.011787,0.283453
150.103402,1786670543.654895,1769605590.357854,1769605590.457707,map_start,map,map_start,,,0.000000,0.000000,1340,0,8978,28817,149,420,1,149,107,227,1,107,0,149,10,0,0,0.000000,inf,inf,42,0.468163,0,0.775410,inf,0,0.008785,0.001851,0.010649,0.283223
150.489258,1786670544.038888,1769605590.657762,1769605590.757744,map_start,map,map_start,,,0.000000,0.000000,1322,0,9007,28881,154,433,1,154,112,236,1,112,0,154,18,0,0,0.000000,inf,inf,43,0.475113,0,0.692816,inf,0,0.008395,0.001830,0.010235,0.289396
150.889071,1786670544.432178,1769605591.057769,1769605591.157704,map_start,map,map_start,,,0.000000,0.000000,1310,0,9020,28922,148,397,1,148,112,228,1,112,0,148,17,0,0,0.000000,inf,inf,38,0.473534,0,0.773265,inf,0,0.008349,0.001900,0.010261,0.278264
151.296792,1786670544.845166,1769605591.357717,1769605591.457699,map_start,map,map_start,,,0.000000,0.000000,1353,0,9053,29014,148,428,1,148,110,244,1,110,0,148,13,0,0,0.000000,inf,inf,35,0.483560,0,0.807437,inf,0,0.008556,0.001798,0.010363,0.278264
151.692840,1786670545.237720,1769605591.757840,1769605591.857713,map_start,map,map_start,,,0.000000,0.000000,1372,0,9089,29067,152,429,1,152,119,259,1,119,0,152,16,0,0,0.000000,inf,inf,41,0.463371,0,0.863915,inf,0,0.012009,0.001840,0.013858,0.283042
152.108225,1786670545.650965,1769605592.157745,1769605592.257694,map_start,map,map_start,,,0.000000,0.000000,1296,0,9106,29077,155,447,1,155,122,268,1,122,0,155,22,0,0,0.000000,inf,inf,49,0.461169,0,0.750031,inf,0,0.009102,0.001847,0.010958,0.285926
152.509853,1786670546.054783,1769605592.457696,1769605592.557760,map_start,map,map_start,,,0.000000,0.000000,1284,0,9125,29108,156,460,1,156,125,293,1,125,0,156,24,0,0,0.000000,inf,inf,54,0.483231,0,0.828638,inf,0,0.009209,0.001829,0.011047,0.296433
152.900785,1786670546.448084,1769605592.857887,1769605592.957806,map_start,map,map_start,,,0.000000,0.000000,1247,0,9153,29148,159,507,1,159,119,281,1,119,0,159,21,0,0,0.000000,inf,inf,62,0.473734,0,0.870562,inf,0,0.011331,0.001873,0.013214,0.296433
153.321330,1786670546.872968,1769605593.257715,1769605593.357738,map_start,map,map_start,,,0.000000,0.000000,1337,0,9221,29267,168,492,1,168,125,275,1,125,0,168,15,0,0,0.000000,inf,inf,52,0.473783,0,0.864710,inf,0,0.009280,0.001875,0.011166,0.292604
153.730640,1786670547.276718,1769605593.657751,1769605593.657751,map_start,map,map_start,,,0.000000,0.000000,1392,0,9273,29348,164,471,1,164,124,274,1,124,0,164,11,0,0,0.000000,inf,inf,49,0.456528,0,0.641357,inf,0,0.011695,0.001890,0.013593,0.317099
154.117119,1786670547.660440,1769605593.957774,1769605594.057921,map_start,map,map_start,,,0.000000,0.000000,1414,0,9296,29384,166,470,1,166,129,279,1,129,0,166,11,0,0,0.000000,inf,inf,48,0.465428,0,0.652057,inf,0,0.008737,0.002016,0.010764,0.317099
154.518441,1786670548.064074,1769605594.257727,1769605594.357790,map_start,map,map_start,,,0.000000,0.000000,1436,0,9325,29444,168,462,1,168,128,268,1,128,0,168,8,0,0,0.000000,inf,inf,42,0.480355,0,0.585585,inf,0,0.009182,0.001892,0.011082,0.307555
154.903878,1786670548.447125,1769605594.657861,1769605594.757850,map_start,map,map_start,,,0.000000,0.000000,1387,0,9339,29477,169,453,1,169,130,269,1,130,0,169,9,0,0,0.000000,inf,inf,48,0.475267,0,0.349186,inf,0,0.011919,0.001941,0.013871,0.307555
155.309049,1786670548.860398,1769605595.057710,1769605595.057710,map_start,map,map_start,,,0.000000,0.000000,1379,0,9352,29506,166,430,1,166,131,269,1,131,0,166,1,0,0,0.000000,inf,inf,38,0.474597,0,0.348971,inf,0,0.009328,0.001931,0.011268,0.298889
155.720760,1786670549.263408,1769605595.357837,1769605595.457698,map_start,map,map_start,,,0.000000,0.000000,1426,0,9387,29574,166,432,1,166,130,268,1,130,0,166,1,0,0,0.000000,inf,inf,37,0.463700,0,0.312485,inf,0,0.010028,0.001927,0.011965,0.300483
156.114642,1786670549.666368,1769605595.757875,1769605595.857777,map_start,map,map_start,,,0.000000,0.000000,1451,0,9419,29621,165,405,1,165,131,266,1,131,0,165,1,0,0,0.000000,inf,inf,42,0.464000,0,0.274330,inf,0,0.009419,0.001922,0.011350,0.309031
156.519219,1786670550.069454,1769605596.057781,1769605596.157844,map_start,map,map_start,,,0.000000,0.000000,1506,0,9445,29682,167,393,1,167,132,264,1,132,0,167,1,0,0,0.000000,inf,inf,45,0.483253,0,0.247033,inf,0,0.010338,0.001969,0.012316,0.309031
156.921936,1786670550.472606,1769605596.457730,1769605596.557770,map_start,map,map_start,,,0.000000,0.000000,1591,0,9473,29775,165,379,1,165,132,259,1,132,0,165,1,0,0,0.000000,inf,inf,36,0.485876,0,0.225470,inf,0,0.009860,0.001931,0.011801,0.310657
157.319103,1786670550.865518,1769605596.857802,1769605596.857802,map_start,map,map_start,,,0.000000,0.000000,1661,0,9495,29851,162,371,1,162,131,256,1,131,0,162,1,0,0,0.000000,inf,inf,36,0.485756,0,0.423017,inf,0,0.009902,0.001991,0.011902,0.310557
157.718945,1786670551.269194,1769605597.157758,1769605597.257958,map_start,map,map_start,,,0.000000,0.000000,1737,0,9519,31209,160,375,1,160,133,271,1,133,0,160,12,0,0,0.000000,inf,inf,36,0.485756,0,0.451615,inf,0,0.010694,0.002131,0.012836,0.306069
158.110146,1786670551.661629,1769605597.557744,1769605597.557744,map_start,map,map_start,,,0.000000,0.000000,1791,0,9541,31307,164,378,1,164,135,284,1,135,0,164,3,0,0,0.000000,inf,inf,34,0.486415,0,0.411821,inf,0,0.010275,0.002012,0.012296,0.299857
158.520646,1786670552.064893,1769605597.857699,1769605597.957742,map_start,map,map_start,,,0.000000,0.000000,1857,0,9575,31423,163,370,1,163,134,272,1,134,0,163,1,0,0,0.000000,inf,inf,32,0.486415,0,0.377178,inf,0,0.009987,0.002018,0.012014,0.306864
158.925012,1786670552.468080,1769605598.257716,1769605598.357707,map_start,map,map_start,,,0.000000,0.000000,1895,0,9602,31527,1,0,1,1,134,271,1,134,0,1,0,0,0,0.000000,inf,inf,0,inf,0,0.363184,inf,0,0.009711,0.001979,0.011698,0.319197
159.349761,1786670552.900829,1769605598.657699,1769605598.755221,map_start,map,map_start,,,0.000000,0.000000,1975,0,9625,31885,168,379,1,168,134,271,1,134,0,168,1,0,0,0.000000,inf,inf,38,0.476498,0,0.360708,inf,0,0.009985,0.002075,0.012069,0.319197
159.741089,1786670553.284728,1769605598.957703,1769605599.057778,map_start,map,map_start,,,0.000000,0.000000,1996,0,9639,31941,1,0,1,1,132,266,1,132,0,1,0,0,0,0.000000,inf,inf,0,inf,0,0.340647,inf,0,0.009892,0.002062,0.011961,0.329396
160.146817,1786670553.697894,1769605599.357900,1769605599.457812,map_start,map,map_start,,,0.000000,0.000000,2001,0,9653,31985,171,384,1,171,132,262,1,132,0,171,1,0,0,0.000000,inf,inf,28,0.467107,0,0.349364,inf,0,0.009920,0.002209,0.012139,0.340501
160.544973,1786670554.090633,1769605599.757866,1769605599.757866,map_start,map,map_start,,,0.000000,0.000000,2039,0,9690,32055,171,390,1,171,131,261,1,131,0,171,1,0,0,0.000000,inf,inf,29,0.485254,0,0.337627,inf,0,0.010631,0.002110,0.012750,0.340501
160.955247,1786670554.504579,1769605600.057757,1769605600.157839,map_start,map,map_start,,,0.000000,0.000000,2087,0,9716,32107,166,368,1,166,131,262,1,131,0,166,1,0,0,0.000000,inf,inf,25,0.473970,0,0.346426,inf,0,0.009953,0.002141,0.012101,0.336046
161.355782,1786670554.898324,1769605600.457728,1769605600.557732,map_start,map,map_start,,,0.000000,0.000000,2137,0,9736,32167,110,226,5,101,71,133,1,71,0,101,1,0,0,0.000000,inf,inf,22,0.486825,0,0.460597,inf,0,0.010293,0.002139,0.012442,0.343651
161.758132,1786670555.300737,1769605600.857717,1769605600.857717,map_start,map,map_start,,,0.000000,0.000000,2133,0,9758,32219,110,232,6,100,70,134,1,70,0,100,4,0,0,0.000000,inf,inf,21,0.496233,0,0.358920,inf,0,0.010691,0.002168,0.012869,0.350347
162.150043,1786670555.693999,1769605601.157775,1769605601.257817,map_start,map,map_start,,,0.000000,0.000000,2169,0,9772,32259,107,219,5,99,70,129,1,70,0,99,1,0,0,0.000000,inf,inf,15,0.488294,0,0.381679,inf,0,0.010303,0.002176,0.012487,0.349945
162.569564,1786670556.117985,1769605601.557799,1769605601.557799,map_start,map,map_start,,,0.000000,0.000000,2215,0,9783,32286,1,0,1,1,70,126,1,70,0,1,0,0,0,0.000000,inf,inf,0,inf,0,0.221685,inf,0,0.010902,0.002117,0.013028,0.365580
162.962246,1786670556.512298,1769605601.857887,1769605601.957685,map_start,map,map_start,,,0.000000,0.000000,2296,0,9805,32359,1,0,1,1,65,118,1,65,0,1,0,0,0,0.000000,inf,inf,0,inf,0,0.229790,inf,0,0.010593,0.002147,0.012749,0.354043
163.354424,1786670556.905141,1769605602.257776,1769605602.257776,map_start,map,map_start,,,0.000000,0.000000,2357,0,9816,32399,1,0,1,1,66,112,1,66,0,1,0,0,0,0.000000,inf,inf,0,inf,0,0.223908,inf,0,0.011092,0.002166,0.013269,0.341862
163.741318,1786670557.288376,1769605602.557771,1769605602.657777,map_start,map,map_start,,,0.000000,0.000000,2406,0,9833,32419,1,0,1,1,65,108,1,65,0,1,0,0,0,0.000000,inf,inf,0,inf,0,0.225302,inf,0,0.010820,0.002218,0.013048,0.336537
164.144560,1786670557.690912,1769605602.957683,1769605603.057839,map_start,map,map_start,,,0.000000,0.000000,2484,0,9842,32447,1,0,1,1,60,97,1,60,0,1,0,0,0,0.000000,inf,inf,0,inf,0,0.246691,inf,0,0.010938,0.002213,0.013161,0.336307
164.567916,1786670558.113898,1769605603.357682,1769605603.357682,map_start,map,map_start,,,0.000000,0.000000,2552,0,9858,32463,1,0,1,1,60,100,1,60,0,1,0,0,0,0.000000,inf,inf,0,inf,0,0.226301,inf,0,0.010514,0.002338,0.012861,0.356840
164.953281,1786670558.496264,1769605603.657788,1769605603.757722,map_start,map,map_start,,,0.000000,0.000000,2661,0,9876,32483,1,0,1,1,60,99,1,60,0,1,0,0,0,0.000000,inf,inf,0,inf,0,0.541696,inf,0,0.013535,0.002235,0.015779,0.349346
165.338057,1786670558.889988,1769605603.957668,1769605604.057723,map_start,map,map_start,,,0.000000,0.000000,2716,0,9886,32483,152,304,1,152,127,226,1,127,0,152,14,0,0,0.000000,inf,inf,33,0.498012,0,0.660721,inf,0,0.010586,0.002117,0.012711,0.349346
165.737154,1786670559.283698,1769605604.357741,1769605604.457745,map_start,map,map_start,,,0.000000,0.000000,2816,0,9897,32503,150,305,1,150,128,229,1,128,0,150,3,0,0,0.000000,inf,inf,33,0.471113,0,0.663122,inf,0,0.010635,0.002219,0.012864,0.330673
166.124205,1786670559.666389,1769605604.757854,1769605604.757854,map_start,map,map_start,,,0.000000,0.000000,2809,0,9891,32521,152,307,1,152,129,234,1,129,0,152,3,0,0,0.000000,inf,inf,35,0.463523,0,0.653533,inf,0,0.010780,0.002243,0.013032,0.325831
166.530966,1786670560.079563,1769605605.057757,1769605605.157701,map_start,map,map_start,,,0.000000,0.000000,2853,0,9892,32523,149,297,1,149,131,237,1,131,0,149,13,0,0,0.000000,inf,inf,32,0.498983,0,0.427234,inf,0,0.011261,0.002225,0.013495,0.319385
166.916983,1786670560.462832,1769605605.457839,1769605605.457839,map_start,map,map_start,,,0.000000,0.000000,2885,0,9891,32525,1,0,1,1,130,234,1,130,0,1,0,0,0,0.000000,inf,inf,0,inf,0,0.250446,inf,0,0.010402,0.002271,0.012682,0.306567
167.303921,1786670560.847546,1769605605.757687,1769605605.857714,map_start,map,map_start,,,0.000000,0.000000,2915,0,9894,32526,1,0,1,1,131,235,1,131,0,1,0,0,0,0.000000,inf,inf,0,inf,0,0.513981,inf,0,0.010626,0.002270,0.012905,0.290396
167.712957,1786670561.261348,1769605606.157831,1769605606.157831,map_start,map,map_start,,,0.000000,0.000000,2907,0,9889,32526,145,285,1,145,136,256,1,136,0,145,11,0,0,0.000000,inf,inf,28,0.489533,0,0.646442,inf,0,0.010883,0.002199,0.013091,0.302978
168.112931,1786670561.663972,1769605606.457833,1769605606.557822,map_start,map,map_start,,,0.000000,0.000000,2937,0,9909,32534,146,291,1,146,137,259,1,137,0,146,13,0,0,0.000000,inf,inf,36,0.488485,0,0.645459,inf,0,0.012405,0.002274,0.014689,0.299172
168.509134,1786670562.058136,1769605606.857803,1769605606.957767,map_start,map,map_start,,,0.000000,0.000000,2942,0,9893,32535,145,288,1,145,136,257,1,136,0,145,15,0,0,0.000000,inf,inf,34,0.474594,0,0.653177,inf,0,0.010927,0.002275,0.013210,0.299172
168.965610,1786670562.510836,1769605607.257840,1769605607.357811,map_start,map,map_start,,,0.000000,0.000000,2995,0,9907,32536,105,182,7,86,73,127,1,73,0,86,16,0,0,0.000000,inf,inf,28,0.461213,0,0.637010,inf,0,0.010900,0.002247,0.013155,0.302627
169.356157,1786670562.904050,1769605607.557878,1769605607.657684,map_start,map,map_start,,,0.000000,0.000000,3059,0,9903,32548,171,386,1,171,138,265,1,138,0,171,15,0,0,0.000000,inf,inf,42,0.475647,0,0.615293,inf,0,0.010863,0.002215,0.013087,0.344605
169.728448,1786670563.276946,1769605607.857772,1769605607.957710,map_start,map,map_start,,,0.000000,0.000000,3079,0,9923,32556,166,384,1,166,134,261,1,134,0,166,17,0,0,0.000000,inf,inf,42,0.466460,0,0.629189,inf,0,0.011168,0.002258,0.013437,0.344605
170.119657,1786670563.669922,1769605608.257905,1769605608.357856,map_start,map,map_start,,,0.000000,0.000000,3061,0,9934,32562,166,374,1,166,134,266,1,134,0,166,14,0,0,0.000000,inf,inf,34,0.456883,0,0.624372,inf,0,0.011687,0.002260,0.013956,0.322417
170.513186,1786670564.062274,1769605608.657710,1769605608.657710,map_start,map,map_start,,,0.000000,0.000000,3009,0,9949,34561,160,374,1,160,128,256,1,128,0,160,14,0,0,0.000000,inf,inf,34,0.472063,0,0.712236,inf,0,0.010850,0.002281,0.013139,0.309996
170.904758,1786670564.455857,1769605608.957715,1769605609.057821,map_start,map,map_start,,,0.000000,0.000000,3038,0,9972,34626,163,386,1,163,126,256,1,126,0,163,14,0,0,0.000000,inf,inf,36,0.472063,0,0.650990,inf,0,0.010768,0.002281,0.013058,0.300510
171.304252,1786670564.850444,1769605609.257717,1769605609.357964,map_start,map,map_start,,,0.000000,0.000000,3068,0,9972,34634,157,372,1,157,133,275,1,133,0,157,13,0,0,0.000000,inf,inf,30,0.467431,0,0.505540,inf,0,0.010984,0.002229,0.013222,0.290968
171.698017,1786670565.244431,1769605609.657781,1769605609.757903,map_start,map,map_start,,,0.000000,0.000000,3077,0,9990,34638,156,359,1,156,137,291,1,137,0,156,9,0,0,0.000000,inf,inf,27,0.472063,0,0.464141,inf,0,0.011752,0.002361,0.014121,0.295170
172.083821,1786670565.627339,1769605609.957731,1769605610.057779,map_start,map,map_start,,,0.000000,0.000000,3070,0,9994,34646,159,374,1,159,138,298,1,138,0,159,6,0,0,0.000000,inf,inf,21,0.471979,0,0.454523,inf,0,0.013997,0.002358,0.016364,0.285769
172.479417,1786670566.021630,1769605610.357871,1769605610.457870,map_start,map,map_start,,,0.000000,0.000000,3121,0,10011,34682,161,367,1,161,138,293,1,138,0,161,7,0,0,0.000000,inf,inf,23,0.472063,0,0.406565,inf,0,0.011869,0.002233,0.014111,0.277853
172.928888,1786670566.476081,1769605610.757719,1769605610.857862,map_start,map,map_start,,,0.000000,0.000000,3139,0,10020,34686,178,433,1,178,139,301,1,139,0,178,6,0,0,0.000000,inf,inf,25,0.472063,0,0.395760,inf,0,0.012289,0.002327,0.014626,0.270372
173.329851,1786670566.878701,1769605611.157694,1769605611.157694,map_start,map,map_start,,,0.000000,0.000000,3087,0,10066,34694,1,0,1,1,139,301,1,139,0,1,0,0,0,0.000000,inf,inf,0,inf,0,0.214859,inf,0,0.012160,0.002576,0.014747,0.316036
173.725838,1786670567.271317,1769605611.457837,1769605611.557917,map_start,map,map_start,,,0.000000,0.000000,3147,0,10093,34698,1,0,1,1,139,302,1,139,0,1,0,0,0,0.000000,inf,inf,0,inf,0,0.262519,inf,0,0.012605,0.002262,0.014876,0.316111
174.137173,1786670567.683953,1769605611.857691,1769605611.957895,map_start,map,map_start,,,0.000000,0.000000,3135,0,10136,34698,1,0,1,1,139,294,1,139,0,1,0,0,0,0.000000,inf,inf,0,inf,0,0.286328,inf,0,0.011615,0.002359,0.013982,0.325172
174.528480,1786670568.077339,1769605612.257859,1769605612.257859,map_start,map,map_start,,,0.000000,0.000000,3134,0,10245,34710,1,0,1,1,138,287,1,138,0,1,0,0,0,0.000000,inf,inf,0,inf,0,0.259125,inf,0,0.015681,0.002330,0.018021,0.323264
174.926694,1786670568.470122,1769605612.557770,1769605612.657787,map_start,map,map_start,,,0.000000,0.000000,3121,0,10247,34718,1,0,1,1,135,274,1,135,0,1,0,0,0,0.000000,inf,inf,0,inf,0,0.255864,inf,0,0.012153,0.002513,0.014675,0.318994
175.332630,1786670568.882932,1769605612.957879,1769605612.957879,map_start,map,map_start,,,0.000000,0.000000,3152,0,10237,34734,1,0,1,1,132,267,1,132,0,1,0,0,0,0.000000,inf,inf,0,inf,0,0.257958,inf,0,0.012278,0.002386,0.014672,0.321767
175.720876,1786670569.265324,1769605613.257645,1769605613.357855,map_start,map,map_start,,,0.000000,0.000000,3191,0,10234,34753,1,0,1,1,67,163,1,67,0,1,0,0,0,0.000000,inf,inf,0,inf,0,0.260437,inf,0,0.012022,0.002532,0.014563,0.307744
176.132256,1786670569.677873,1769605613.657675,1769605613.657675,map_start,map,map_start,,,0.000000,0.000000,3201,0,10231,34775,1,0,1,1,67,162,1,67,0,1,0,0,0,0.000000,inf,inf,0,inf,0,0.261956,inf,0,0.012017,0.002458,0.014483,0.327208
176.528559,1786670570.071066,1769605613.957702,1769605614.057902,map_start,map,map_start,,,0.000000,0.000000,3215,0,10217,34784,1,0,1,1,67,160,1,67,0,1,0,0,0,0.000000,inf,inf,0,inf,0,0.262758,inf,0,0.012214,0.002442,0.014666,0.319564
176.924849,1786670570.473742,1769605614.357893,1769605614.357893,map_start,map,map_start,,,0.000000,0.000000,3195,0,10212,34784,1,0,1,1,67,160,1,67,0,1,0,0,0,0.000000,inf,inf,0,inf,0,0.264403,inf,0,0.013583,0.002422,0.016015,0.313300
177.326753,1786670570.876646,1769605614.657983,1769605614.757733,map_start,map,map_start,,,0.000000,0.000000,3211,0,10207,34792,1,0,1,1,67,164,1,67,0,1,0,0,0,0.000000,inf,inf,0,inf,0,0.262724,inf,0,0.012055,0.002422,0.014486,0.322207
177.740320,1786670571.289330,1769605615.057758,1769605615.157707,map_start,map,map_start,,,0.000000,0.000000,3194,0,10203,34792,1,0,1,1,67,165,1,67,0,1,0,0,0,0.000000,inf,inf,0,inf,0,0.266646,inf,0,0.015537,0.002402,0.017947,0.333817
178.140971,1786670571.691842,1769605615.457837,1769605615.457837,map_start,map,map_start,,,0.000000,0.000000,3159,0,10193,34800,1,0,1,1,64,154,1,64,0,1,0,0,0,0.000000,inf,inf,0,inf,0,0.269193,inf,0,0.012075,0.002402,0.014486,0.331416
178.534396,1786670572.084590,1769605615.757832,1769605615.857786,map_start,map,map_start,,,0.000000,0.000000,3144,0,10187,34800,1,0,1,1,64,154,1,64,0,1,0,0,0,0.000000,inf,inf,0,inf,0,0.267309,inf,0,0.012277,0.002489,0.014776,0.322380
178.930324,1786670572.476890,1769605616.157734,1769605616.157734,map_start,map,map_start,,,0.000000,0.000000,3111,0,10173,34800,1,0,1,1,64,150,1,64,0,1,0,0,0,0.000000,inf,inf,0,inf,0,0.269329,inf,0,0.012210,0.002414,0.014634,0.325544
179.327556,1786670572.870549,1769605616.457868,1769605616.557812,map_start,map,map_start,,,0.000000,0.000000,3079,0,10167,34800,1,0,1,1,64,150,1,64,0,1,0,0,0,0.000000,inf,inf,0,inf,0,0.272467,inf,0,0.011833,0.002594,0.014438,0.320112
179.738289,1786670573.283664,1769605616.857725,1769605616.958091,map_start,map,map_start,,,0.000000,0.000000,3065,0,10154,34805,1,0,1,1,64,149,1,64,0,1,0,0,0,0.000000,inf,inf,0,inf,0,0.271549,inf,0,0.012259,0.002347,0.014615,0.327197
180.131287,1786670573.676903,1769605617.157911,1769605617.257720,map_start,map,map_start,,,0.000000,0.000000,3013,0,10132,34809,1,0,1,1,64,150,1,64,0,1,0,0,0,0.000000,inf,inf,0,inf,0,0.266996,inf,0,0.011904,0.002370,0.014285,0.326714
180.520888,1786670574.069383,1769605617.557662,1769605617.657737,map_start,map,map_start,,,0.000000,0.000000,2996,0,10121,34809,1,0,1,1,64,150,1,64,0,1,0,0,0,0.000000,inf,inf,0,inf,0,0.267692,inf,0,0.013860,0.002376,0.016244,0.314186
180.941343,1786670574.492690,1769605617.957795,1769605617.957795,map_start,map,map_start,,,0.000000,0.000000,2983,0,10109,34809,1,0,1,1,64,150,1,64,0,1,0,0,0,0.000000,inf,inf,0,inf,0,0.269044,inf,0,0.013250,0.002325,0.015586,0.331684
181.335963,1786670574.885810,1769605618.257762,1769605618.357757,map_start,map,map_start,,,0.000000,0.000000,2984,0,10116,34809,1,0,1,1,64,150,1,64,0,1,0,0,0,0.000000,inf,inf,0,inf,0,0.271293,inf,0,0.012050,0.002342,0.014402,0.323101
181.733574,1786670575.278317,1769605618.557863,1769605618.657851,map_start,map,map_start,,,0.000000,0.000000,2976,0,10115,34809,1,0,1,1,64,150,1,64,0,1,0,0,0,0.000000,inf,inf,0,inf,0,0.271724,inf,0,0.012477,0.002369,0.014856,0.328132
182.139122,1786670575.681231,1769605618.957717,1769605619.057728,map_start,map,map_start,,,0.000000,0.000000,2969,0,10114,34809,1,0,1,1,64,150,1,64,0,1,0,0,0,0.000000,inf,inf,0,inf,0,0.269398,inf,0,0.012356,0.002483,0.014850,0.329837
182.529827,1786670576.073585,1769605619.357685,1769605619.357685,map_start,map,map_start,,,0.000000,0.000000,2942,0,10112,34809,1,0,1,1,64,150,1,64,0,1,0,0,0,0.000000,inf,inf,0,inf,0,0.266352,inf,0,0.011850,0.002389,0.014248,0.318234
182.926451,1786670576.476400,1769605619.657711,1769605619.757711,map_start,map,map_start,,,0.000000,0.000000,2940,0,10106,34813,1,0,1,1,64,150,1,64,0,1,0,0,0,0.000000,inf,inf,0,inf,0,0.265816,inf,0,0.012000,0.002315,0.014325,0.322981
183.331031,1786670576.808907,1769605620.057702,1769605620.057702,map_start,map,map_start,,,0.000000,0.000000,2945,0,10099,34813,1,0,1,1,64,150,1,64,0,1,0,0,0,0.000000,inf,inf,0,inf,0,0.267417,inf,0,0.011751,0.002294,0.014054,0.323289
