wall_elapsed_s,ros_time,map_stamp,odom_stamp,map_frame,source_odom_frame,graph_frame,goal_frame,path_frame,initial_position_error_m,initial_yaw_error_deg,static_points,dynamic_points,graph_static_points,accumulated_static_points,graph_nodes,graph_edges,graph_components,largest_component,robot_component,robot_degree,blocked_edges,path_poses,path_length_m,path_goal_error_m,path_min_clearance_m,graph_edges_checked,graph_min_clearance_m,graph_clearance_violations,robot_static_clearance_m,waypoint_path_distance_m,reached,semantic_snapshot_s,semantic_update_s,semantic_callback_s,main_loop_s
8.921104,1786670396.953713,1769605459.457861,1769605459.457861,map_start,map,map_start,,,0.000000,0.000000,364,0,109,364,22,58,1,22,22,12,0,0,0.000000,inf,inf,32,0.485995,0,1.311488,inf,0,0.000924,0.000113,0.001055,0.003685
8.921165,1786670396.953713,1769605459.457861,1769605459.457861,map_start,map,map_start,,,0.000000,0.000000,364,0,109,364,22,58,1,22,22,12,0,0,0.000000,inf,inf,32,0.485995,0,1.311488,inf,0,0.000924,0.000113,0.001055,0.000065
9.726729,1786670397.357248,1769605459.857742,1769605459.857742,map_start,map,map_start,,,0.000000,0.000000,420,0,133,432,22,57,1,22,22,11,0,0,0.000000,inf,inf,31,0.461736,0,1.039230,inf,0,0.000592,0.000124,0.000725,0.004592
10.525708,1786670397.755603,1769605460.157801,1769605460.157801,map_start,map,map_start,,,0.000000,0.000000,480,0,157,492,23,57,1,23,23,9,0,0,0.000000,inf,inf,29,0.473785,0,1.039506,inf,0,0.000641,0.000149,0.000817,0.005897
11.328391,1786670398.158027,1769605460.557768,1769605460.557768,map_start,map,map_start,,,0.000000,0.000000,536,0,181,544,21,46,1,21,21,7,0,0,0.000000,inf,inf,25,0.473785,0,1.039506,inf,0,0.000460,0.000147,0.000613,0.004404
12.124026,1786670398.556153,1769605460.857878,1769605460.957700,map_start,map,map_start,,,0.000000,0.000000,548,0,185,568,22,49,1,22,22,7,0,0,0.000000,inf,inf,26,0.473785,0,1.039506,inf,0,0.000453,0.000101,0.000561,0.004431
12.921333,1786670398.954205,1769605461.257947,1769605461.257947,map_start,map,map_start,,,0.000000,0.000000,560,0,201,584,22,50,1,22,22,8,0,0,0.000000,inf,inf,28,0.478615,0,1.041107,inf,0,0.000517,0.000108,0.000633,0.004577
13.729095,1786670399.356853,1769605461.557801,1769605461.657746,map_start,map,map_start,,,0.000000,0.000000,564,0,204,588,22,52,1,22,22,8,0,0,0.000000,inf,inf,28,0.478615,0,1.041107,inf,0,0.000723,0.000155,0.000900,0.004577
14.523334,1786670399.754468,1769605461.957834,1769605461.957834,map_start,map,map_start,,,0.000000,0.000000,560,0,207,596,23,54,1,23,23,8,0,0,0.000000,inf,inf,28,0.478615,0,1.041107,inf,0,0.000696,0.000160,0.000868,0.007458
15.320049,1786670400.153754,1769605462.257668,1769605462.357857,map_start,map,map_start,,,0.000000,0.000000,576,0,215,608,22,52,1,22,22,8,0,0,0.000000,inf,inf,27,0.473531,0,1.039914,inf,0,0.000537,0.000106,0.000650,0.004903
16.131888,1786670400.558043,1769605462.657860,1769605462.757703,map_start,map,map_start,,,0.000000,0.000000,624,0,231,656,25,60,1,25,25,8,0,0,0.000000,inf,inf,30,0.476712,0,1.039914,inf,0,0.000747,0.000179,0.000938,0.008205
16.928054,1786670400.955884,1769605463.057787,1769605463.057787,map_start,map,map_start,,,0.000000,0.000000,632,0,231,664,25,59,1,25,25,8,0,0,0.000000,inf,inf,30,0.476712,0,1.039914,inf,0,0.000775,0.000166,0.000963,0.008205
17.734952,1786670401.363762,1769605463.358770,1769605463.457826,map_start,map,map_start,,,0.000000,0.000000,624,0,231,672,29,62,2,27,27,7,0,0,0.000000,inf,inf,31,0.480433,0,1.039317,inf,0,0.000800,0.000172,0.000983,0.009467
18.527257,1786670401.756091,1769605463.757796,1769605463.757796,map_start,map,map_start,,,0.000000,0.000000,636,0,242,704,29,62,2,27,27,7,0,0,0.000000,inf,inf,31,0.455408,0,1.039317,inf,0,0.000595,0.000138,0.000740,0.006828
19.324186,1786670402.154533,1769605464.057722,1769605464.157863,map_start,map,map_start,,,0.000000,0.000000,652,0,245,708,27,62,1,27,27,8,0,0,0.000000,inf,inf,32,0.485456,0,1.037916,inf,0,0.000625,0.000125,0.000756,0.006914
20.134377,1786670402.563738,1769605464.457789,1769605464.457789,map_start,map,map_start,,,0.000000,0.000000,664,0,253,712,29,74,1,29,29,7,0,0,0.000000,inf,inf,31,0.485456,0,1.037916,inf,0,0.000817,0.000187,0.001015,0.008882
20.930985,1786670402.957894,1769605464.857798,1769605464.857798,map_start,map,map_start,,,0.000000,0.000000,656,0,250,716,29,74,1,29,29,7,0,0,0.000000,inf,inf,31,0.485456,0,1.037916,inf,0,0.000547,0.000116,0.000671,0.007655
21.727210,1786670403.355623,1769605465.157680,1769605465.157680,map_start,map,map_start,,,0.000000,0.000000,668,0,252,724,29,75,1,29,29,7,0,0,0.000000,inf,inf,31,0.455827,0,1.037884,inf,0,0.000879,0.000188,0.001089,0.008209
22.524136,1786670403.753859,1769605465.557701,1769605465.557701,map_start,map,map_start,,,0.000000,0.000000,660,0,262,740,29,75,1,29,29,7,0,0,0.000000,inf,inf,30,0.455827,0,1.037884,inf,0,0.000609,0.000117,0.000732,0.008105
23.328245,1786670404.156207,1769605465.857830,1769605465.957759,map_start,map,map_start,,,0.000000,0.000000,676,0,285,768,33,97,1,33,33,9,0,0,0.000000,inf,inf,38,0.486200,0,1.037884,inf,0,0.000636,0.000127,0.000770,0.008405
24.139780,1786670404.563715,1769605466.157845,1769605466.257717,map_start,map,map_start,,,0.000000,0.000000,763,0,323,831,37,97,2,36,1,0,0,0,0.000000,inf,inf,33,0.469297,0,0.809739,inf,0,0.000988,0.000210,0.001210,0.015113
24.931192,1786670404.961300,1769605466.557896,1769605466.657809,map_start,map,map_start,,,0.000000,0.000000,759,0,326,851,37,93,2,36,1,0,0,0,0.000000,inf,inf,34,0.469297,0,0.809739,inf,0,0.001034,0.000225,0.001272,0.010477
25.726621,1786670405.359334,1769605466.957787,1769605466.957787,map_start,map,map_start,,,0.000000,0.000000,859,0,361,947,37,89,2,36,1,0,0,0,0.000000,inf,inf,28,0.473552,0,0.809739,inf,0,0.000786,0.000152,0.000946,0.009993
26.538302,1786670405.763266,1769605467.357737,1769605467.357737,map_start,map,map_start,,,0.000000,0.000000,967,0,412,1047,42,91,2,41,1,0,0,0,0.000000,inf,inf,35,0.493612,0,0.580748,inf,0,0.001135,0.000259,0.001418,0.013650
27.331063,1786670406.161047,1769605467.657676,1769605467.757705,map_start,map,map_start,,,0.000000,0.000000,1013,0,438,1129,40,81,2,39,1,0,0,0,0.000000,inf,inf,33,0.500046,0,0.580748,inf,0,0.000875,0.000177,0.001060,0.013650
28.134254,1786670406.560311,1769605467.957775,1769605468.057817,map_start,map,map_start,,,0.000000,0.000000,1081,0,482,1177,46,92,2,45,1,0,0,0,0.000000,inf,inf,37,0.489514,0,0.580748,inf,0,0.001277,0.000297,0.001584,0.015541
28.940856,1786670406.963191,1769605468.357821,1769605468.457785,map_start,map,map_start,,,0.000000,0.000000,1259,0,556,1354,48,99,2,47,1,0,0,0,0.000000,inf,inf,45,0.494643,0,0.525080,inf,0,0.000965,0.000215,0.001187,0.016276
29.737239,1786670407.360860,1769605468.757795,1769605468.757795,map_start,map,map_start,,,0.000000,0.000000,1380,0,593,1511,46,99,2,45,1,0,0,0,0.000000,inf,inf,43,0.503252,0,0.525080,inf,0,0.001279,0.000225,0.001510,0.017163
30.543179,1786670407.764216,1769605469.057775,1769605469.157821,map_start,map,map_start,,,0.000000,0.000000,1528,0,653,1643,47,99,2,46,1,0,0,0,0.000000,inf,inf,35,0.492711,0,0.661262,inf,0,0.001039,0.000241,0.001287,0.026819
31.341841,1786670408.166625,1769605469.457753,1769605469.457753,map_start,map,map_start,,,0.000000,0.000000,1676,0,709,1807,41,88,2,40,1,0,0,0,0.000000,inf,inf,28,0.480965,0,0.661262,inf,0,0.001038,0.000264,0.001310,0.021078
32.137352,1786670408.564202,1769605469.857767,1769605469.857767,map_start,map,map_start,,,0.000000,0.000000,1735,0,738,1870,40,82,2,39,1,0,0,0,0.000000,inf,inf,28,0.492046,0,0.792622,inf,0,0.001278,0.000269,0.001554,0.021164
32.944747,1786670408.968191,1769605470.157923,1769605470.257796,map_start,map,map_start,,,0.000000,0.000000,1855,0,796,1974,37,78,2,36,1,0,0,0,0.000000,inf,inf,28,0.477232,0,0.826070,inf,0,0.001132,0.000294,0.001434,0.020375
33.744300,1786670409.366250,1769605470.557749,1769605470.557749,map_start,map,map_start,,,0.000000,0.000000,1960,0,874,2137,43,80,2,42,1,0,0,0,0.000000,inf,inf,33,0.490928,0,0.698414,inf,0,0.001303,0.000306,0.001617,0.023706
34.556201,1786670409.773800,1769605470.857691,1769605470.957817,map_start,map,map_start,,,0.000000,0.000000,2073,0,948,2283,46,90,2,45,1,0,0,0,0.000000,inf,inf,33,0.480954,0,0.327817,inf,0,0.001797,0.000511,0.002319,0.030611
35.349233,1786670410.166803,1769605471.257880,1769605471.257880,map_start,map,map_start,,,0.000000,0.000000,2115,0,992,2356,48,94,2,47,1,0,0,0,0.000000,inf,inf,38,0.491750,0,0.322917,inf,0,0.001918,0.000529,0.002459,0.027409
36.149373,1786670410.570666,1769605471.557762,1769605471.657726,map_start,map,map_start,,,0.000000,0.000000,2103,0,1019,2395,46,94,2,45,1,0,0,0,0.000000,inf,inf,38,0.478427,0,0.358509,inf,0,0.002000,0.000551,0.002563,0.029880
36.954178,1786670410.973609,1769605471.957796,1769605471.957796,map_start,map,map_start,,,0.000000,0.000000,2102,0,1046,2435,47,90,1,47,47,5,0,0,0.000000,inf,inf,41,0.454706,0,0.636368,inf,0,0.001440,0.000350,0.001799,0.029277
37.751653,1786670411.371500,1769605472.257710,1769605472.357723,map_start,map,map_start,,,0.000000,0.000000,2100,0,1061,2459,43,92,1,43,43,8,0,0,0.000000,inf,inf,41,0.474337,0,0.663247,inf,0,0.001440,0.000356,0.001804,0.030925
38.557594,1786670411.774282,1769605472.657699,1769605472.757741,map_start,map,map_start,,,0.000000,0.000000,2140,0,1104,2529,58,144,1,58,58,9,0,0,0.000000,inf,inf,51,0.464701,0,0.679784,inf,0,0.001526,0.000365,0.001900,0.030925
39.365342,1786670412.177056,1769605473.057774,1769605473.057774,map_start,map,map_start,,,0.000000,0.000000,2175,0,1130,2603,52,115,1,52,52,9,0,0,0.000000,inf,inf,44,0.474219,0,0.850085,inf,0,0.002109,0.000569,0.002690,0.041037
40.165169,1786670412.574960,1769605473.357780,1769605473.457622,map_start,map,map_start,,,0.000000,0.000000,2227,0,1211,2695,52,108,2,51,1,0,0,0,0.000000,inf,inf,30,0.471143,0,0.623690,inf,0,0.001620,0.000383,0.002008,0.042498
40.974154,1786670412.979504,1769605473.757843,1769605473.757843,map_start,map,map_start,,,0.000000,0.000000,2285,0,1258,2787,61,143,1,61,61,11,0,0,0.000000,inf,inf,45,0.474500,0,0.650212,inf,0,0.002225,0.000637,0.002871,0.047253
41.775864,1786670413.382983,1769605474.157850,1769605474.157850,map_start,map,map_start,,,0.000000,0.000000,2346,0,1303,2862,62,135,2,61,1,0,0,0,0.000000,inf,inf,37,0.472825,0,0.631157,inf,0,0.001691,0.000435,0.002133,0.051817
42.572818,1786670413.781202,1769605474.457772,1769605474.457772,map_start,map,map_start,,,0.000000,0.000000,2437,0,1361,2964,57,122,1,57,57,10,0,0,0.000000,inf,inf,41,0.498974,0,0.651185,inf,0,0.001700,0.000446,0.002153,0.051924
43.378458,1786670414.185020,1769605474.857772,1769605474.857772,map_start,map,map_start,,,0.000000,0.000000,2465,0,1367,3063,62,130,1,62,62,10,0,0,0.000000,inf,inf,47,0.496784,0,0.640527,inf,0,0.002401,0.000676,0.003088,0.061131
44.184451,1786670414.588503,1769605475.157749,1769605475.257842,map_start,map,map_start,,,0.000000,0.000000,2532,0,1415,3157,62,127,1,62,62,10,0,0,0.000000,inf,inf,44,0.484266,0,0.633125,inf,0,0.002466,0.000702,0.003180,0.061131
44.981529,1786670414.986440,1769605475.457880,1769605475.557784,map_start,map,map_start,,,0.000000,0.000000,2529,0,1423,3207,61,123,1,61,61,10,0,0,0.000000,inf,inf,44,0.487127,0,0.648332,inf,0,0.002604,0.000704,0.003320,0.060969
45.772534,1786670415.379650,1769605475.857870,1769605475.957720,map_start,map,map_start,,,0.000000,0.000000,2630,0,1474,3319,59,118,1,59,59,10,0,0,0.000000,inf,inf,40,0.493676,0,0.628432,inf,0,0.001892,0.000476,0.002374,0.054856
46.591923,1786670415.787841,1769605476.257735,1769605476.357736,map_start,map,map_start,,,0.000000,0.000000,2668,0,1522,3415,68,154,1,68,68,11,0,0,0.000000,inf,inf,42,0.486627,0,0.631164,inf,0,0.002510,0.000489,0.003007,0.068682
47.394095,1786670416.191823,1769605476.657813,1769605476.657813,map_start,map,map_start,,,0.000000,0.000000,2620,0,1542,3451,69,158,1,69,69,11,0,0,0.000000,inf,inf,44,0.490302,0,0.635105,inf,0,0.002856,0.000809,0.003677,0.072676
48.187695,1786670416.589247,1769605476.957803,1769605477.057748,map_start,map,map_start,,,0.000000,0.000000,2586,0,1561,3507,65,147,1,65,65,11,0,0,0.000000,inf,inf,39,0.479935,0,0.599237,inf,0,0.002022,0.000503,0.002534,0.072676
49.006788,1786670416.997149,1769605477.357692,1769605477.357692,map_start,map,map_start,,,0.000000,0.000000,2624,0,1618,3579,75,178,1,75,75,12,0,0,0.000000,inf,inf,44,0.487196,0,0.610600,inf,0,0.002165,0.000517,0.002690,0.083788
49.812995,1786670417.400743,1769605477.757705,1769605477.757705,map_start,map,map_start,,,0.000000,0.000000,2639,0,1667,3678,77,177,1,77,77,11,0,0,0.000000,inf,inf,46,0.503409,0,0.656388,inf,0,0.003011,0.000807,0.003829,0.083788
50.615301,1786670417.799977,1769605478.057775,1769605478.157815,map_start,map,map_start,,,0.000000,0.000000,2626,0,1717,3752,84,191,1,84,84,11,0,0,0.000000,inf,inf,52,0.508958,0,0.657834,inf,0,0.002199,0.000526,0.002732,0.097910
51.423918,1786670418.207987,1769605478.357828,1769605478.457741,map_start,map,map_start,,,0.000000,0.000000,2615,0,1726,3841,84,194,1,84,84,11,0,0,0.000000,inf,inf,50,0.485688,0,0.658685,inf,0,0.002794,0.000520,0.003323,0.099987
52.234193,1786670418.610579,1769605478.757745,1769605478.857793,map_start,map,map_start,,,0.000000,0.000000,2678,0,1799,3949,81,172,2,80,1,0,0,0,0.000000,inf,inf,37,0.466896,0,0.672070,inf,0,0.003314,0.000875,0.004201,0.099987
53.036041,1786670419.013738,1769605479.157781,1769605479.157781,map_start,map,map_start,,,0.000000,0.000000,2701,0,1856,4047,83,183,1,83,83,11,0,0,0.000000,inf,inf,54,0.475514,0,0.603182,inf,0,0.003245,0.000843,0.004100,0.116079
53.846189,1786670419.417654,1769605479.457722,1769605479.557718,map_start,map,map_start,,,0.000000,0.000000,2716,0,1952,4171,83,164,2,82,1,0,0,0,0.000000,inf,inf,41,0.479538,0,0.335855,inf,0,0.003067,0.000601,0.003676,0.122811
54.647558,1786670419.816081,1769605479.857860,1769605479.957710,map_start,map,map_start,,,0.000000,0.000000,2724,0,2004,4287,86,173,2,85,1,0,0,0,0.000000,inf,inf,46,0.470476,0,0.337619,inf,0,0.002846,0.000611,0.003465,0.127276
55.455145,1786670420.220024,1769605480.257801,1769605480.257801,map_start,map,map_start,,,0.000000,0.000000,2798,0,2049,4421,86,169,2,85,1,0,0,0,0.000000,inf,inf,40,0.476152,0,0.326915,inf,0,0.002533,0.000613,0.003154,0.127276
56.264627,1786670420.628557,1769605480.557717,1769605480.657696,map_start,map,map_start,,,0.000000,0.000000,2845,0,2094,4532,85,164,2,84,1,0,0,0,0.000000,inf,inf,43,0.488872,0,0.326409,inf,0,0.003588,0.000932,0.004532,0.139346
57.063654,1786670421.027858,1769605480.957757,1769605480.957757,map_start,map,map_start,,,0.000000,0.000000,2796,0,2098,4608,84,167,2,83,1,0,0,0,0.000000,inf,inf,41,0.487026,0,0.311666,inf,0,0.003584,0.000622,0.004215,0.141621
57.864225,1786670421.425406,1769605481.257692,1769605481.357685,map_start,map,map_start,,,0.000000,0.000000,2759,0,2121,4630,88,175,2,87,1,0,0,0,0.000000,inf,inf,47,0.478289,0,0.306346,inf,0,0.002687,0.000613,0.003308,0.141621
58.666589,1786670421.828088,1769605481.657768,1769605481.657768,map_start,map,map_start,,,0.000000,0.000000,2762,0,2145,4686,90,175,2,89,1,0,0,0,0.000000,inf,inf,44,0.478605,0,0.306034,inf,0,0.002720,0.000627,0.003356,0.145717
59.478608,1786670422.231835,1769605481.957730,1769605482.057734,map_start,map,map_start,,,0.000000,0.000000,2765,0,2178,4755,92,180,2,91,1,0,0,0,0.000000,inf,inf,46,0.478605,0,0.303355,inf,0,0.004086,0.000924,0.005024,0.143065
60.271996,1786670422.629561,1769605482.357692,1769605482.457830,map_start,map,map_start,,,0.000000,0.000000,2720,0,2210,4828,94,182,2,93,1,0,0,0,0.000000,inf,inf,46,0.470910,0,0.305582,inf,0,0.002760,0.000633,0.003400,0.155856
61.078066,1786670423.033195,1769605482.757811,1769605482.757811,map_start,map,map_start,,,0.000000,0.000000,2692,0,2232,4907,87,165,2,86,1,0,0,0,0.000000,inf,inf,41,0.475649,0,0.299934,inf,0,0.002963,0.000651,0.003621,0.155067
61.886271,1786670423.436455,1769605483.057814,1769605483.157770,map_start,map,map_start,,,0.000000,0.000000,2650,0,2262,4952,85,148,2,84,1,0,0,0,0.000000,inf,inf,38,0.476830,0,0.538816,inf,0,0.003990,0.000983,0.004985,0.166224
62.681531,1786670423.834812,1769605483.457763,1769605483.457763,map_start,map,map_start,,,0.000000,0.000000,2620,0,2273,5000,97,203,1,97,97,8,0,0,0.000000,inf,inf,57,0.486320,0,0.562195,inf,0,0.002909,0.000663,0.003579,0.164793
63.502223,1786670424.242970,1769605483.757750,1769605483.857711,map_start,map,map_start,,,0.000000,0.000000,2563,0,2304,5046,105,232,1,105,105,12,0,0,0.000000,inf,inf,66,0.468512,0,0.571573,inf,0,0.004072,0.001003,0.005099,0.164793
64.297521,1786670424.641547,1769605484.157765,1769605484.157765,map_start,map,map_start,,,0.000000,0.000000,2506,0,2320,5114,102,215,1,102,102,15,0,0,0.000000,inf,inf,69,0.470398,0,0.565524,inf,0,0.004065,0.000901,0.004978,0.177960
65.096637,1786670425.040889,1769605484.557889,1769605484.557889,map_start,map,map_start,,,0.000000,0.000000,2629,0,2357,7743,91,176,1,91,91,9,0,0,0.000000,inf,inf,53,0.464889,0,0.570145,inf,0,0.003778,0.000660,0.004447,0.177029
65.903337,1786670425.443769,1769605484.857750,1769605484.957796,map_start,map,map_start,,,0.000000,0.000000,2408,0,2354,7847,88,171,1,88,88,9,0,0,0.000000,inf,inf,52,0.471807,0,0.575022,inf,0,0.003019,0.000661,0.003687,0.178181
66.693727,1786670425.841314,1769605485.257726,1769605485.257726,map_start,map,map_start,,,0.000000,0.000000,2381,0,2384,7899,85,169,1,85,85,10,0,0,0.000000,inf,inf,53,0.472827,0,0.570091,inf,0,0.003166,0.000712,0.003885,0.178181
67.507780,1786670426.249953,1769605485.557824,1769605485.657712,map_start,map,map_start,,,0.000000,0.000000,2307,0,2418,7927,88,168,1,88,88,8,0,0,0.000000,inf,inf,47,0.475245,0,0.582687,inf,0,0.004449,0.001040,0.005501,0.173530
68.300444,1786670426.643183,1769605485.957821,1769605485.957821,map_start,map,map_start,,,0.000000,0.000000,2324,0,2436,7996,90,176,1,90,90,11,0,0,0.000000,inf,inf,50,0.477057,0,0.573858,inf,0,0.003311,0.000670,0.003990,0.189573
69.100044,1786670427.041800,1769605486.257750,1769605486.357854,map_start,map,map_start,,,0.000000,0.000000,2360,0,2465,8228,92,179,1,92,92,13,0,0,0.000000,inf,inf,50,0.470129,0,0.579981,inf,0,0.004391,0.000686,0.005084,0.177710
69.904522,1786670427.444320,1769605486.657927,1769605486.657927,map_start,map,map_start,,,0.000000,0.000000,2378,0,2505,8339,93,182,1,93,93,11,0,0,0.000000,inf,inf,51,0.463863,0,0.568432,inf,0,0.003747,0.000693,0.004467,0.188037
70.723218,1786670427.857624,1769605487.057713,1769605487.057713,map_start,map,map_start,,,0.000000,0.000000,2412,0,2555,8484,99,197,1,99,99,17,0,0,0.000000,inf,inf,61,0.467811,0,0.576861,inf,0,0.004407,0.001105,0.005523,0.199165
71.509013,1786670428.250752,1769605487.357722,1769605487.457716,map_start,map,map_start,,,0.000000,0.000000,2447,0,2609,8624,91,166,1,91,91,12,0,0,0.000000,inf,inf,47,0.463221,0,0.588913,inf,0,0.004297,0.000742,0.005046,0.199165
72.320735,1786670428.654051,1769605487.757697,1769605487.757697,map_start,map,map_start,,,0.000000,0.000000,2439,0,2635,8725,94,177,1,94,94,14,0,0,0.000000,inf,inf,51,0.474124,0,0.581059,inf,0,0.003245,0.000742,0.003995,0.191166
73.122299,1786670429.057572,1769605488.057741,1769605488.157812,map_start,map,map_start,,,0.000000,0.000000,2441,0,2674,8822,92,168,1,92,92,14,0,0,0.000000,inf,inf,47,0.458278,0,0.591223,inf,0,0.003967,0.000759,0.004733,0.194047
73.914290,1786670429.452048,1769605488.457772,1769605488.457772,map_start,map,map_start,,,0.000000,0.000000,2421,0,2674,8898,91,163,1,91,91,9,0,0,0.000000,inf,inf,42,0.469457,0,0.578535,inf,0,0.003251,0.000747,0.004006,0.192752
74.716126,1786670429.849762,1769605488.757736,1769605488.857729,map_start,map,map_start,,,0.000000,0.000000,2421,0,2718,8972,97,171,1,97,97,11,0,0,0.000000,inf,inf,48,0.474963,0,0.579180,inf,0,0.003223,0.000733,0.003964,0.199278
75.518191,1786670430.253784,1769605489.157711,1769605489.157711,map_start,map,map_start,,,0.000000,0.000000,2383,0,2735,9055,94,162,1,94,94,9,0,0,0.000000,inf,inf,43,0.527991,0,0.569366,inf,0,0.003231,0.000746,0.003985,0.199278
76.325032,1786670430.656733,1769605489.557707,1769605489.557707,map_start,map,map_start,,,0.000000,0.000000,2413,0,2780,9126,99,179,1,99,99,10,0,0,0.000000,inf,inf,51,0.493557,0,0.564508,inf,0,0.003258,0.000746,0.004013,0.194129
77.116852,1786670431.054482,1769605489.857742,1769605489.957707,map_start,map,map_start,,,0.000000,0.000000,2368,0,2815,9180,99,184,1,99,99,11,0,0,0.000000,inf,inf,48,0.481939,0,0.567994,inf,0,0.003412,0.000741,0.004163,0.200289
77.927600,1786670431.457971,1769605490.257714,1769605490.257714,map_start,map,map_start,,,0.000000,0.000000,2410,0,2861,9278,94,157,1,94,94,8,0,0,0.000000,inf,inf,38,0.522428,0,0.557752,inf,0,0.003338,0.000789,0.004133,0.200289
78.718325,1786670431.855610,1769605490.557827,1769605490.657820,map_start,map,map_start,,,0.000000,0.000000,2394,0,2896,9334,89,151,1,89,89,8,0,0,0.000000,inf,inf,31,0.500931,0,0.553227,inf,0,0.003991,0.000772,0.004771,0.198995
79.523090,1786670432.253542,1769605490.957751,1769605490.957751,map_start,map,map_start,,,0.000000,0.000000,2354,0,2916,9374,95,163,2,93,93,8,0,0,0.000000,inf,inf,36,0.489142,0,0.532099,inf,0,0.003659,0.000750,0.004419,0.198147
80.331898,1786670432.662265,1769605491.257684,1769605491.357753,map_start,map,map_start,,,0.000000,0.000000,2347,0,2935,9414,97,137,6,78,78,1,0,0,0.000000,inf,inf,24,0.496201,0,0.349805,inf,0,0.004557,0.001153,0.005723,0.211200
81.125055,1786670433.055580,1769605491.557840,1769605491.757793,map_start,map,map_start,,,0.000000,0.000000,2262,0,3007,10499,104,158,3,98,98,1,0,0,0.000000,inf,inf,31,0.461753,0,0.359929,inf,0,0.003511,0.000767,0.004286,0.206128
81.937561,1786670433.463250,1769605491.957763,1769605492.057817,map_start,map,map_start,,,0.000000,0.000000,2270,0,3054,10590,95,133,5,76,1,0,0,0,0.000000,inf,inf,27,0.469548,0,0.340185,inf,0,0.003323,0.000780,0.004110,0.214540
82.715136,1786670433.851413,1769605492.257703,1769605492.457665,map_start,map,map_start,,,0.000000,0.000000,2270,0,3077,10698,89,126,7,71,1,0,0,0,0.000000,inf,inf,22,0.532553,0,0.342485,inf,0,0.003521,0.000782,0.004311,0.195327
83.515040,1786670434.253861,1769605492.657767,1769605492.757841,map_start,map,map_start,,,0.000000,0.000000,2295,0,3145,10822,84,132,5,72,1,0,0,0,0.000000,inf,inf,19,0.546758,0,0.323478,inf,0,0.003603,0.000798,0.004410,0.195327
84.306927,1786670434.647711,1769605493.057723,1769605493.157881,map_start,map,map_start,,,0.000000,0.000000,2347,0,3173,10902,86,132,4,71,71,2,0,0,0.000000,inf,inf,24,0.470218,0,0.555796,inf,0,0.004558,0.001213,0.005785,0.190591
85.106509,1786670435.045214,1769605493.457758,1769605493.457758,map_start,map,map_start,,,0.000000,0.000000,2512,0,3211,11418,88,140,4,72,72,4,0,0,0.000000,inf,inf,29,0.470218,0,0.537005,inf,0,0.004773,0.001314,0.006123,0.184878
85.916768,1786670435.454151,1769605493.757777,1769605493.857867,map_start,map,map_start,,,0.000000,0.000000,2526,0,3238,11506,88,135,3,66,66,4,0,0,0.000000,inf,inf,24,0.493296,0,0.531765,inf,0,0.003370,0.000845,0.004222,0.191590
86.705741,1786670435.847764,1769605494.157702,1769605494.157702,map_start,map,map_start,,,0.000000,0.000000,2477,0,3249,11554,91,140,3,66,66,4,0,0,0.000000,inf,inf,27,0.493296,0,0.506336,inf,0,0.004407,0.000818,0.005233,0.184531
87.501359,1786670436.246882,1769605494.457716,1769605494.557809,map_start,map,map_start,,,0.000000,0.000000,2474,0,3274,11586,82,131,2,66,66,5,0,0,0.000000,inf,inf,21,0.488937,0,0.487828,inf,0,0.003415,0.000864,0.004288,0.179870
88.290180,1786670436.640451,1769605494.857645,1769605494.957916,map_start,map,map_start,,,0.000000,0.000000,2416,0,3300,11642,89,138,1,89,89,4,0,0,0.000000,inf,inf,25,0.475927,0,0.486774,inf,0,0.003332,0.000808,0.004148,0.172404
89.095663,1786670437.043852,1769605495.157788,1769605495.257755,map_start,map,map_start,,,0.000000,0.000000,2392,0,3307,11694,94,143,2,92,92,4,0,0,0.000000,inf,inf,30,0.476034,0,0.455059,inf,0,0.003372,0.000844,0.004224,0.171397
89.906682,1786670437.447722,1769605495.557817,1769605495.657726,map_start,map,map_start,,,0.000000,0.000000,2276,0,3315,11702,93,143,1,93,93,4,0,0,0.000000,inf,inf,31,0.494326,0,0.443418,inf,0,0.004696,0.001153,0.005860,0.171397
90.685379,1786670437.836376,1769605495.957896,1769605495.957896,map_start,map,map_start,,,0.000000,0.000000,2276,0,3329,11750,95,137,2,94,1,0,0,0,0.000000,inf,inf,27,0.475399,0,0.389872,inf,0,0.003468,0.000791,0.004268,0.165165
91.481387,1786670438.234636,1769605496.257860,1769605496.357758,map_start,map,map_start,,,0.000000,0.000000,2234,0,3339,11778,93,131,2,92,1,0,0,0,0.000000,inf,inf,17,0.476747,0,0.361478,inf,0,0.003515,0.000814,0.004336,0.165165
92.290189,1786670438.637204,1769605496.657741,1769605496.657741,map_start,map,map_start,,,0.000000,0.000000,2184,0,3350,11802,96,143,1,96,96,2,0,0,0.000000,inf,inf,26,0.470811,0,0.519821,inf,0,0.003449,0.000786,0.004242,0.168171
93.093991,1786670439.040675,1769605496.857750,1769605497.057921,map_start,map,map_start,,,0.000000,0.000000,2159,0,3359,11822,101,162,1,101,101,3,0,0,0.000000,inf,inf,32,0.496306,0,0.449977,inf,0,0.003489,0.000802,0.004300,0.175126
93.900166,1786670439.444063,1769605497.357780,1769605497.457719,map_start,map,map_start,,,0.000000,0.000000,2093,0,3370,11830,104,172,1,104,104,2,0,0,0.000000,inf,inf,34,0.479269,0,0.400553,inf,0,0.003532,0.000839,0.004380,0.175126
94.709928,1786670439.847331,1769605497.757814,1769605497.757814,map_start,map,map_start,,,0.000000,0.000000,2079,0,3388,11841,111,204,1,111,111,9,0,0,0.000000,inf,inf,44,0.477751,0,0.539216,inf,0,0.003545,0.000798,0.004350,0.174002
95.495977,1786670440.240114,1769605498.058005,1769605498.157751,map_start,map,map_start,,,0.000000,0.000000,2016,0,3430,11871,103,189,1,103,103,7,0,0,0.000000,inf,inf,40,0.476169,0,0.438081,inf,0,0.003605,0.000813,0.004427,0.187844
96.316926,1786670440.654479,1769605498.457874,1769605498.457874,map_start,map,map_start,,,0.000000,0.000000,1949,0,3469,11883,112,189,1,112,112,4,0,0,0.000000,inf,inf,37,0.479601,0,0.495105,inf,0,0.003509,0.000811,0.004328,0.178400
97.124613,1786670441.058226,1769605498.857830,1769605498.857830,map_start,map,map_start,,,0.000000,0.000000,1937,0,3483,11955,106,184,1,106,106,7,0,0,0.000000,inf,inf,36,0.457285,0,0.456881,inf,0,0.004959,0.000899,0.005870,0.200984
97.934566,1786670441.461372,1769605499.157753,1769605499.257765,map_start,map,map_start,,,0.000000,0.000000,1890,0,3506,12011,109,187,1,109,109,3,0,0,0.000000,inf,inf,31,0.457285,0,0.478338,inf,0,0.004907,0.001189,0.006108,0.200917
98.719548,1786670441.854731,1769605499.557802,1769605499.557802,map_start,map,map_start,,,0.000000,0.000000,1881,0,3518,12048,110,189,2,108,108,6,0,0,0.000000,inf,inf,33,0.466109,0,0.476300,inf,0,0.003669,0.000816,0.004495,0.215237
99.519658,1786670442.252255,1769605499.857714,1769605499.957681,map_start,map,map_start,,,0.000000,0.000000,1820,0,3535,12061,106,184,2,104,104,7,0,0,0.000000,inf,inf,34,0.468860,0,0.681564,inf,0,0.004506,0.000776,0.005291,0.203475
100.372470,1786670442.680850,1769605500.257697,1769605500.357742,map_start,map,map_start,,,0.000000,0.000000,1588,0,3554,12411,114,193,2,112,112,9,0,0,0.000000,inf,inf,39,0.491037,0,0.599599,inf,0,0.003833,0.000818,0.004660,0.254154
101.144322,1786670443.064157,1769605500.557714,1769605500.657831,map_start,map,map_start,,,0.000000,0.000000,1788,0,3561,12487,121,217,2,119,119,6,0,0,0.000000,inf,inf,42,0.486442,0,0.554926,inf,0,0.003818,0.000821,0.004651,0.254154
101.930470,1786670443.458637,1769605500.957889,1769605501.057635,map_start,map,map_start,,,0.000000,0.000000,1742,0,3583,12511,121,229,2,119,119,11,0,0,0.000000,inf,inf,48,0.469794,0,0.552605,inf,0,0.005184,0.000837,0.006030,0.206361
102.730516,1786670443.856928,1769605501.257875,1769605501.357745,map_start,map,map_start,,,0.000000,0.000000,1733,0,3645,12596,116,191,2,114,114,2,0,0,0.000000,inf,inf,34,0.477357,0,0.308816,inf,0,0.004020,0.000829,0.004857,0.206361
103.518836,1786670444.255033,1769605501.657723,1769605501.757707,map_start,map,map_start,,,0.000000,0.000000,1433,0,3727,12731,124,206,1,124,124,5,0,0,0.000000,inf,inf,42,0.460086,0,0.485166,inf,0,0.003897,0.000843,0.004747,0.209180
104.364289,1786670444.678296,1769605502.057740,1769605502.057740,map_start,map,map_start,,,0.000000,0.000000,1466,0,3795,12847,135,249,1,135,135,5,0,0,0.000000,inf,inf,51,0.478861,0,0.381985,inf,0,0.005400,0.001243,0.006655,0.201903
105.140628,1786670445.066073,1769605502.357711,1769605502.457743,map_start,map,map_start,,,0.000000,0.000000,1688,0,3842,13049,129,213,2,127,127,1,0,0,0.000000,inf,inf,41,0.484281,0,0.330798,inf,0,0.004121,0.000872,0.005001,0.240579
105.956328,1786670445.474045,1769605502.757712,1769605502.857950,map_start,map,map_start,,,0.000000,0.000000,1653,0,3963,13102,131,212,3,128,1,0,0,0,0.000000,inf,inf,43,0.484053,0,0.366071,inf,0,0.004265,0.000927,0.005202,0.222585
106.756502,1786670445.873663,1769605503.057836,1769605503.157823,map_start,map,map_start,,,0.000000,0.000000,1575,0,4009,13156,129,204,3,95,95,5,0,0,0.000000,inf,inf,45,0.465345,0,0.361498,inf,0,0.005730,0.000921,0.006660,0.232663
107.546155,1786670446.266048,1769605503.457798,1769605503.557725,map_start,map,map_start,,,0.000000,0.000000,1524,0,4033,13207,138,229,3,135,1,0,0,0,0.000000,inf,inf,43,0.466626,0,0.366838,inf,0,0.005004,0.000940,0.005953,0.232663
108.352386,1786670446.668784,1769605503.757794,1769605503.857665,map_start,map,map_start,,,0.000000,0.000000,1527,0,4056,13267,136,227,2,134,134,1,0,0,0.000000,inf,inf,46,0.466626,0,0.425894,inf,0,0.004335,0.000953,0.005297,0.227204
109.157468,1786670447.073778,1769605504.157561,1769605504.257913,map_start,map,map_start,,,0.000000,0.000000,1539,0,4123,13324,133,218,2,130,130,8,0,0,0.000000,inf,inf,47,0.476053,0,0.392668,inf,0,0.004440,0.000922,0.005370,0.228663
109.946802,1786670447.466726,1769605504.557768,1769605504.557768,map_start,map,map_start,,,0.000000,0.000000,1564,0,4171,13384,132,208,2,129,129,2,0,0,0.000000,inf,inf,40,0.484281,0,0.374881,inf,0,0.005877,0.000949,0.006836,0.233366
110.756116,1786670447.869779,1769605504.857745,1769605504.957775,map_start,map,map_start,,,0.000000,0.000000,1183,0,4199,13702,134,220,2,131,131,8,0,0,0.000000,inf,inf,48,0.480273,0,0.460334,inf,0,0.004311,0.000918,0.005239,0.230404
111.557417,1786670448.272741,1769605505.257812,1769605505.357723,map_start,map,map_start,,,0.000000,0.000000,1554,0,4216,13811,131,214,1,131,131,10,0,0,0.000000,inf,inf,46,0.477559,0,0.581143,inf,0,0.005337,0.000968,0.006314,0.230404
112.355901,1786670448.671813,1769605505.657798,1769605505.657798,map_start,map,map_start,,,0.000000,0.000000,1545,0,4259,13858,132,215,1,132,132,10,0,0,0.000000,inf,inf,44,0.480808,0,0.662463,inf,0,0.006382,0.001444,0.007838,0.235703
113.181006,1786670449.085125,1769605505.957715,1769605506.057823,map_start,map,map_start,,,0.000000,0.000000,1526,0,4277,13885,142,267,2,139,139,21,0,0,0.000000,inf,inf,65,0.469587,0,0.938041,inf,0,0.006071,0.001006,0.007084,0.235509
113.986013,1786670449.487987,1769605506.357789,1769605506.357789,map_start,map,map_start,,,0.000000,0.000000,1515,0,4317,13929,143,258,3,137,137,16,0,0,0.000000,inf,inf,56,0.474226,0,0.613777,inf,0,0.006317,0.000978,0.007304,0.263679
114.773794,1786670449.881644,1769605506.657721,1769605506.757703,map_start,map,map_start,,,0.000000,0.000000,1427,0,4329,13953,135,240,2,132,132,10,0,0,0.000000,inf,inf,48,0.466045,0,0.617006,inf,0,0.004720,0.000985,0.005714,0.262894
115.562041,1786670450.275155,1769605507.057894,1769605507.057894,map_start,map,map_start,,,0.000000,0.000000,1487,0,4363,14043,143,260,3,138,138,13,0,0,0.000000,inf,inf,57,0.470266,0,1.120437,inf,0,0.004756,0.000998,0.005761,0.253918
116.374019,1786670450.678720,1769605507.357898,1769605507.457707,map_start,map,map_start,,,0.000000,0.000000,1478,0,4390,14116,143,258,1,143,143,15,0,0,0.000000,inf,inf,55,0.488009,0,0.926343,inf,0,0.004925,0.000977,0.005911,0.244930
117.179648,1786670451.086427,1769605507.657883,1769605507.857690,map_start,map,map_start,,,0.000000,0.000000,1498,0,4444,14220,142,247,1,142,142,11,0,0,0.000000,inf,inf,54,0.495870,0,0.688006,inf,0,0.005409,0.001010,0.006429,0.259136
117.985189,1786670451.489077,1769605508.157829,1769605508.157829,map_start,map,map_start,,,0.000000,0.000000,1437,0,4466,14272,154,293,1,154,154,12,0,0,0.000000,inf,inf,62,0.468307,0,0.637187,inf,0,0.005055,0.001023,0.006088,0.259136
118.794179,1786670451.892132,1769605508.457816,1769605508.557716,map_start,map,map_start,,,0.000000,0.000000,1487,0,4502,14385,158,312,1,158,158,14,0,0,0.000000,inf,inf,67,0.471966,0,0.546381,inf,0,0.006723,0.001525,0.008262,0.273065
119.578941,1786670452.284630,1769605508.757737,1769605508.857680,map_start,map,map_start,,,0.000000,0.000000,1553,0,4579,14558,153,284,1,153,153,14,0,0,0.000000,inf,inf,60,0.478272,0,0.681596,inf,0,0.006474,0.001477,0.007965,0.262590
120.393004,1786670452.692907,1769605509.157726,1769605509.257703,map_start,map,map_start,,,0.000000,0.000000,1509,0,4621,14615,157,300,1,157,157,11,0,0,0.000000,inf,inf,54,0.468300,0,1.022191,inf,0,0.006628,0.001533,0.008176,0.262590
121.187439,1786670453.087157,1769605509.557772,1769605509.657708,map_start,map,map_start,,,0.000000,0.000000,1550,0,4674,14699,163,308,1,163,163,9,0,0,0.000000,inf,inf,59,0.467495,0,0.938166,inf,0,0.005761,0.001029,0.006800,0.266631
121.985406,1786670453.484806,1769605509.857883,1769605509.957908,map_start,map,map_start,,,0.000000,0.000000,1487,0,4688,14724,167,302,3,162,162,10,0,0,0.000000,inf,inf,58,0.471710,0,0.864170,inf,0,0.006912,0.001582,0.008512,0.266631
122.804785,1786670453.897358,1769605510.257720,1769605510.357758,map_start,map,map_start,,,0.000000,0.000000,1516,0,4735,14810,167,303,2,165,165,11,0,0,0.000000,inf,inf,63,0.458815,0,0.789973,inf,0,0.006093,0.001054,0.007156,0.282909
123.603139,1786670454.295752,1769605510.657885,1769605510.657885,map_start,map,map_start,,,0.000000,0.000000,1495,0,4791,14921,165,306,1,165,165,10,0,0,0.000000,inf,inf,66,0.461554,0,0.728033,inf,0,0.007286,0.001655,0.008952,0.286024
124.404967,1786670454.694229,1769605510.957763,1769605511.057884,map_start,map,map_start,,,0.000000,0.000000,1465,0,4820,14976,164,298,1,164,164,8,0,0,0.000000,inf,inf,57,0.462725,0,0.652079,inf,0,0.007216,0.001585,0.008816,0.286024
125.210499,1786670455.096905,1769605511.357732,1769605511.357732,map_start,map,map_start,,,0.000000,0.000000,1485,0,4860,15071,168,312,1,168,168,7,0,0,0.000000,inf,inf,58,0.471710,0,0.598883,inf,0,0.006486,0.001018,0.007516,0.279353
125.999058,1786670455.495143,1769605511.657723,1769605511.757878,map_start,map,map_start,,,0.000000,0.000000,1413,0,4876,15095,169,314,1,169,169,9,0,0,0.000000,inf,inf,59,0.470802,0,0.564883,inf,0,0.005261,0.001095,0.006365,0.289667
126.803437,1786670455.898205,1769605512.057887,1769605512.157826,map_start,map,map_start,,,0.000000,0.000000,1386,0,4890,15123,167,307,1,167,167,8,0,0,0.000000,inf,inf,55,0.471710,0,0.542756,inf,0,0.007163,0.001649,0.008824,0.280552
127.604326,1786670456.296306,1769605512.457881,1769605512.457881,map_start,map,map_start,,,0.000000,0.000000,1357,0,4958,15150,171,317,1,171,171,6,0,0,0.000000,inf,inf,57,0.471710,0,0.396831,inf,0,0.005210,0.001106,0.006325,0.280552
128.401747,1786670456.693931,1769605512.757771,1769605512.857788,map_start,map,map_start,,,0.000000,0.000000,1117,0,5020,16108,170,301,1,170,170,1,0,0,0.000000,inf,inf,44,0.471710,0,0.365151,inf,0,0.005454,0.001106,0.006567,0.284904
129.203979,1786670457.096941,1769605513.157681,1769605513.157681,map_start,map,map_start,,,0.000000,0.000000,1163,0,5054,16212,167,292,1,167,167,3,0,0,0.000000,inf,inf,43,0.471710,0,0.333278,inf,0,0.005393,0.001159,0.006561,0.282431
130.004399,1786670457.495428,1769605513.357722,1769605513.558049,map_start,map,map_start,,,0.000000,0.000000,1230,0,5098,16316,174,303,1,174,174,1,0,0,0.000000,inf,inf,41,0.471710,0,0.309241,inf,0,0.005632,0.001109,0.006751,0.287198
130.811130,1786670457.898479,1769605513.857721,1769605513.957836,map_start,map,map_start,,,0.000000,0.000000,1189,0,5105,16356,175,308,1,175,175,1,0,0,0.000000,inf,inf,40,0.471710,0,0.301440,inf,0,0.005960,0.001135,0.007104,0.288190
131.612098,1786670458.302181,1769605514.257831,1769605514.257831,map_start,map,map_start,,,0.000000,0.000000,1231,0,5159,16388,171,309,1,171,171,1,0,0,0.000000,inf,inf,41,0.471710,0,0.264047,inf,0,0.006371,0.001125,0.007504,0.288190
132.402374,1786670458.695146,1769605514.557772,1769605514.657821,map_start,map,map_start,,,0.000000,0.000000,1233,0,5182,16444,172,301,2,171,1,0,0,0,0.000000,inf,inf,35,0.482466,0,0.410960,inf,0,0.005465,0.001131,0.006604,0.285806
133.216714,1786670459.103633,1769605514.957720,1769605514.957720,map_start,map,map_start,,,0.000000,0.000000,1457,0,5216,16712,177,320,2,175,175,6,0,0,0.000000,inf,inf,44,0.483313,0,0.405774,inf,0,0.007103,0.001617,0.008732,0.285806
134.000017,1786670459.491864,1769605515.257747,1769605515.357776,map_start,map,map_start,,,0.000000,0.000000,1244,0,5236,16773,175,309,3,172,1,0,0,0,0.000000,inf,inf,35,0.488440,0,0.333265,inf,0,0.005496,0.001158,0.006661,0.293722
134.803114,1786670459.895614,1769605515.657808,1769605515.657808,map_start,map,map_start,,,0.000000,0.000000,1275,0,5262,16825,175,312,2,173,173,4,0,0,0.000000,inf,inf,38,0.506259,0,0.478246,inf,0,0.005407,0.001132,0.006548,0.279645
135.610209,1786670460.298043,1769605516.057900,1769605516.057900,map_start,map,map_start,,,0.000000,0.000000,1378,0,5288,16915,178,317,3,171,171,2,0,0,0.000000,inf,inf,38,0.482155,0,0.529755,inf,0,0.005239,0.001296,0.006544,0.287204
136.400603,1786670460.695911,1769605516.357710,1769605516.457698,map_start,map,map_start,,,0.000000,0.000000,1382,0,5303,16943,177,317,2,175,175,9,0,0,0.000000,inf,inf,43,0.508831,0,0.549520,inf,0,0.005217,0.001186,0.006412,0.282284
137.203306,1786670461.093508,1769605516.757798,1769605516.757798,map_start,map,map_start,,,0.000000,0.000000,1369,0,5310,16969,178,319,2,176,176,10,0,0,0.000000,inf,inf,41,0.480914,0,0.451952,inf,0,0.005677,0.001158,0.006845,0.282284
138.003731,1786670461.496192,1769605517.057763,1769605517.157694,map_start,map,map_start,,,0.000000,0.000000,1409,0,5337,17011,181,330,2,179,179,13,0,0,0.000000,inf,inf,45,0.472990,0,0.678263,inf,0,0.005263,0.001135,0.006407,0.278337
138.787842,1786670461.888817,1769605517.457896,1769605517.457896,map_start,map,map_start,,,0.000000,0.000000,1294,0,5359,17159,185,341,2,183,183,11,0,0,0.000000,inf,inf,45,0.469722,0,0.514676,inf,0,0.005218,0.001181,0.006409,0.263181
139.591403,1786670462.291373,1769605517.757670,1769605517.857792,map_start,map,map_start,,,0.000000,0.000000,1371,0,5375,17238,189,347,2,187,187,6,0,0,0.000000,inf,inf,38,0.484298,0,0.473683,inf,0,0.007123,0.001178,0.008310,0.271668
140.403636,1786670462.693954,1769605518.157702,1769605518.257747,map_start,map,map_start,,,0.000000,0.000000,1272,0,5408,17298,186,339,3,179,179,13,0,0,0.000000,inf,inf,43,0.471664,0,0.556774,inf,0,0.005310,0.001195,0.006514,0.277906
141.202188,1786670463.097127,1769605518.457830,1769605518.557756,map_start,map,map_start,,,0.000000,0.000000,1273,0,5432,17343,193,370,3,186,186,16,0,0,0.000000,inf,inf,56,0.508618,0,0.657448,inf,0,0.005434,0.001191,0.006633,0.277906
141.978202,1786670463.485257,1769605518.857892,1769605518.957757,map_start,map,map_start,,,0.000000,0.000000,1248,0,5441,17371,187,339,3,180,180,11,0,0,0.000000,inf,inf,45,0.478273,0,0.444372,inf,0,0.007144,0.001354,0.008512,0.260729
142.781758,1786670463.883233,1769605519.257727,1769605519.257727,map_start,map,map_start,,,0.000000,0.000000,1331,0,5462,17488,191,339,3,184,184,10,0,0,0.000000,inf,inf,42,0.484795,0,0.485909,inf,0,0.006055,0.001218,0.007281,0.260729
143.593018,1786670464.291776,1769605519.557784,1769605519.657787,map_start,map,map_start,,,0.000000,0.000000,1245,0,5480,17513,194,348,3,186,186,10,0,0,0.000000,inf,inf,42,0.456904,0,0.460981,inf,0,0.007331,0.001736,0.009079,0.272937
144.401965,1786670464.694334,1769605519.957750,1769605519.957750,map_start,map,map_start,,,0.000000,0.000000,1185,0,5504,17608,192,350,3,185,185,14,0,0,0.000000,inf,inf,47,0.465174,0,0.633079,inf,0,0.005356,0.001168,0.006531,0.272937
145.192850,1786670465.088492,1769605520.257744,1769605520.357724,map_start,map,map_start,,,0.000000,0.000000,1150,0,5533,17648,194,357,3,187,187,15,0,0,0.000000,inf,inf,49,0.482963,0,0.521337,inf,0,0.005461,0.001201,0.006669,0.268579
145.996978,1786670465.491128,1769605520.657689,1769605520.757725,map_start,map,map_start,,,0.000000,0.000000,1072,0,5545,17718,192,340,3,183,183,9,0,0,0.000000,inf,inf,42,0.467120,0,0.512379,inf,0,0.005342,0.001190,0.006541,0.268579
146.805990,1786670465.899045,1769605521.057761,1769605521.057761,map_start,map,map_start,,,0.000000,0.000000,1062,0,5548,17796,202,366,3,191,191,7,0,0,0.000000,inf,inf,45,0.472754,0,0.441119,inf,0,0.005467,0.001186,0.006663,0.278046
147.614378,1786670466.301684,1769605521.357825,1769605521.457760,map_start,map,map_start,,,0.000000,0.000000,951,0,5584,17826,208,393,3,202,202,13,0,0,0.000000,inf,inf,55,0.466502,0,0.590450,inf,0,0.007141,0.001193,0.008345,0.280112
148.407014,1786670466.699215,1769605521.757811,1769605521.757811,map_start,map,map_start,,,0.000000,0.000000,935,0,5589,17860,202,367,4,189,189,12,0,0,0.000000,inf,inf,52,0.499705,0,0.634825,inf,0,0.005345,0.001184,0.006538,0.294756
149.215775,1786670467.102026,1769605522.057747,1769605522.157823,map_start,map,map_start,,,0.000000,0.000000,982,0,5593,17951,201,366,3,196,196,12,0,0,0.000000,inf,inf,49,0.460985,0,0.620638,inf,0,0.005386,0.001171,0.006568,0.295849
150.036408,1786670467.514652,1769605522.457764,1769605522.557938,map_start,map,map_start,,,0.000000,0.000000,1015,0,5618,18004,207,385,3,202,202,10,0,0,0.000000,inf,inf,44,0.479961,0,0.565316,inf,0,0.007447,0.001172,0.008629,0.309748
150.846198,1786670467.917527,1769605522.857822,1769605522.857822,map_start,map,map_start,,,0.000000,0.000000,995,0,5635,18040,208,383,3,203,203,10,0,0,0.000000,inf,inf,41,0.469298,0,0.702068,inf,0,0.007447,0.001748,0.009211,0.309748
151.641723,1786670468.315328,1769605523.157817,1769605523.257860,map_start,map,map_start,,,0.000000,0.000000,1000,0,5652,18076,212,413,3,208,208,10,0,0,0.000000,inf,inf,46,0.457612,0,0.540675,inf,0,0.007664,0.001493,0.009171,0.324701
152.454469,1786670468.723823,1769605523.557841,1769605523.557841,map_start,map,map_start,,,0.000000,0.000000,995,0,5668,18110,204,412,3,200,200,15,0,0,0.000000,inf,inf,50,0.485597,0,0.629211,inf,0,0.007434,0.001665,0.009112,0.325199
153.256138,1786670469.121706,1769605523.857698,1769605523.957741,map_start,map,map_start,,,0.000000,0.000000,1019,0,5703,18140,212,433,3,208,208,21,0,0,0.000000,inf,inf,60,0.476257,0,0.937400,inf,0,0.007697,0.001204,0.008911,0.329766
154.059920,1786670469.524866,1769605524.257833,1769605524.357810,map_start,map,map_start,,,0.000000,0.000000,970,0,5701,18158,209,452,3,205,205,27,0,0,0.000000,inf,inf,66,0.455522,0,1.321414,inf,0,0.007739,0.001556,0.009306,0.335264
154.879131,1786670469.932853,1769605524.657940,1769605524.657940,map_start,map,map_start,,,0.000000,0.000000,994,0,5729,18189,213,455,3,209,209,31,0,0,0.000000,inf,inf,76,0.469079,0,1.641534,inf,0,0.006805,0.001206,0.008019,0.342835
155.669618,1786670470.330931,1769605524.957887,1769605525.057892,map_start,map,map_start,,,0.000000,0.000000,957,0,5725,18212,211,439,3,207,207,28,0,0,0.000000,inf,inf,71,0.482353,0,1.932261,inf,0,0.006717,0.001267,0.007995,0.356264
156.489857,1786670470.739099,1769605525.357763,1769605525.357763,map_start,map,map_start,,,0.000000,0.000000,966,0,5759,18268,220,477,3,216,216,31,0,0,0.000000,inf,inf,77,0.472526,0,1.566352,inf,0,0.007930,0.001771,0.009716,0.350272
157.278664,1786670471.132112,1769605525.657919,1769605525.757843,map_start,map,map_start,,,0.000000,0.000000,969,0,5811,18322,216,452,3,212,212,23,0,0,0.000000,inf,inf,67,0.499352,0,1.537872,inf,0,0.006251,0.001218,0.007479,0.364381
158.099609,1786670471.545310,1769605526.057968,1769605526.157991,map_start,map,map_start,,,0.000000,0.000000,954,0,5829,18351,222,439,3,218,218,16,0,0,0.000000,inf,inf,66,0.467374,0,1.428717,inf,0,0.008206,0.001463,0.009682,0.383570
158.890809,1786670471.938484,1769605526.357887,1769605526.457738,map_start,map,map_start,,,0.000000,0.000000,966,0,5852,18409,221,457,3,217,217,18,0,0,0.000000,inf,inf,71,0.482931,0,1.445120,inf,0,0.006138,0.001247,0.007394,0.383570
159.693395,1786670472.342227,1769605526.757780,1769605526.857772,map_start,map,map_start,,,0.000000,0.000000,952,0,5864,18454,221,433,3,217,217,17,0,0,0.000000,inf,inf,67,0.463032,0,1.604241,inf,0,0.006127,0.001211,0.007346,0.367170
160.497358,1786670472.740791,1769605527.157792,1769605527.157792,map_start,map,map_start,,,0.000000,0.000000,995,0,5904,18534,221,429,3,217,217,10,0,0,0.000000,inf,inf,58,0.482609,0,1.209552,inf,0,0.006022,0.001228,0.007259,0.373321
161.314060,1786670473.149428,1769605527.457830,1769605527.557845,map_start,map,map_start,,,0.000000,0.000000,993,0,5917,18577,219,413,3,215,215,10,0,0,0.000000,inf,inf,59,0.469240,0,0.903820,inf,0,0.006384,0.001286,0.007679,0.380015
162.119625,1786670473.552352,1769605527.857786,1769605527.857786,map_start,map,map_start,,,0.000000,0.000000,977,0,5932,18594,222,413,3,218,218,11,0,0,0.000000,inf,inf,61,0.478251,0,1.226347,inf,0,0.006469,0.001215,0.007694,0.388431
162.940989,1786670473.966254,1769605528.057711,1769605528.257758,map_start,map,map_start,,,0.000000,0.000000,953,0,5954,18626,220,403,3,216,216,11,0,0,0.000000,inf,inf,57,0.459931,0,1.254448,inf,0,0.008225,0.001244,0.009479,0.398957
163.731992,1786670474.359720,1769605528.557729,1769605528.657841,map_start,map,map_start,,,0.000000,0.000000,915,0,5973,18658,226,424,3,222,222,22,0,0,0.000000,inf,inf,73,0.468681,0,1.313603,inf,0,0.006643,0.001222,0.007875,0.423465
164.528570,1786670474.758293,1769605528.957741,1769605528.957741,map_start,map,map_start,,,0.000000,0.000000,950,0,6002,18718,221,404,3,217,217,21,0,0,0.000000,inf,inf,66,0.478011,0,0.987380,inf,0,0.007205,0.001242,0.008455,0.407737
165.342612,1786670475.166376,1769605529.257723,1769605529.357755,map_start,map,map_start,,,0.000000,0.000000,952,0,6028,18765,218,407,3,214,214,22,0,0,0.000000,inf,inf,63,0.473404,0,1.038541,inf,0,0.007018,0.001256,0.008281,0.404878
166.148414,1786670475.569586,1769605529.657809,1769605529.757716,map_start,map,map_start,,,0.000000,0.000000,1001,0,6048,18865,217,388,3,213,213,10,0,0,0.000000,inf,inf,49,0.504999,0,1.082657,inf,0,0.008888,0.001952,0.010855,0.423578
166.920531,1786670475.952594,1769605529.957709,1769605530.057693,map_start,map,map_start,,,0.000000,0.000000,997,0,6080,18933,227,431,3,223,223,24,0,0,0.000000,inf,inf,68,0.469804,0,1.115813,inf,0,0.006306,0.001319,0.007632,0.399663
167.728587,1786670476.360896,1769605530.257772,1769605530.357843,map_start,map,map_start,,,0.000000,0.000000,1007,0,6098,18977,223,408,3,219,219,19,0,0,0.000000,inf,inf,62,0.501647,0,1.131761,inf,0,0.006120,0.001264,0.007394,0.399663
168.559801,1786670476.774379,1769605530.757795,1769605530.757795,map_start,map,map_start,,,0.000000,0.000000,1052,0,6140,19085,227,399,3,223,223,21,0,0,0.000000,inf,inf,60,0.494166,0,1.184849,inf,0,0.006112,0.001281,0.007403,0.410802
169.333076,1786670477.161903,1769605531.057727,1769605531.157834,map_start,map,map_start,,,0.000000,0.000000,974,0,6128,19125,225,396,3,221,221,19,0,0,0.000000,inf,inf,57,0.478244,0,1.563434,inf,0,0.006645,0.001288,0.007943,0.434972
170.121323,1786670477.555493,1769605531.457827,1769605531.457827,map_start,map,map_start,,,0.000000,0.000000,1009,0,6165,19173,227,396,3,223,223,18,0,0,0.000000,inf,inf,58,0.496726,0,1.614750,inf,0,0.006235,0.001296,0.007540,0.413238
170.936089,1786670477.963338,1769605531.757884,1769605531.857719,map_start,map,map_start,,,0.000000,0.000000,965,0,6172,19198,227,407,4,221,221,19,0,0,0.000000,inf,inf,55,0.499688,0,1.441314,inf,0,0.006278,0.001321,0.007610,0.394413
171.721469,1786670478.356599,1769605532.057753,1769605532.157767,map_start,map,map_start,,,0.000000,0.000000,1027,0,6214,19266,230,414,3,226,226,16,0,0,0.000000,inf,inf,60,0.456021,0,1.358644,inf,0,0.007753,0.001296,0.009058,0.402143
172.549262,1786670478.769219,1769605532.457848,1769605532.557744,map_start,map,map_start,,,0.000000,0.000000,959,0,6225,19298,230,421,3,226,226,21,0,0,0.000000,inf,inf,56,0.470469,0,1.395817,inf,0,0.007503,0.001251,0.008765,0.402143
173.338437,1786670479.162571,1769605532.857713,1769605532.957814,map_start,map,map_start,,,0.000000,0.000000,969,0,6236,19322,241,464,4,235,235,21,0,0,0.000000,inf,inf,72,0.493242,0,1.555686,inf,0,0.007328,0.001261,0.008599,0.424445
174.177558,1786670479.581790,1769605533.257738,1769605533.257738,map_start,map,map_start,,,0.000000,0.000000,1028,0,6267,19403,243,475,3,239,239,22,0,0,0.000000,inf,inf,76,0.474030,0,1.741947,inf,0,0.007909,0.001908,0.009831,0.458116
174.994129,1786670479.989605,1769605533.557731,1769605533.657724,map_start,map,map_start,,,0.000000,0.000000,1026,0,6271,19445,237,466,4,231,231,20,0,0,0.000000,inf,inf,70,0.461867,0,1.544003,inf,0,0.005906,0.001313,0.007228,0.458116
175.793861,1786670480.388704,1769605533.957730,1769605533.957730,map_start,map,map_start,,,0.000000,0.000000,1052,0,6286,19494,240,451,4,234,234,20,0,0,0.000000,inf,inf,67,0.467854,0,1.240522,inf,0,0.008105,0.001850,0.009966,0.471703
176.610333,1786670480.801479,1769605534.357624,1769605534.357624,map_start,map,map_start,,,0.000000,0.000000,1112,0,6316,19584,248,459,5,234,234,13,0,0,0.000000,inf,inf,66,0.475145,0,0.872305,inf,0,0.006023,0.001309,0.007343,0.471703
177.419959,1786670481.204334,1769605534.657886,1769605534.757888,map_start,map,map_start,,,0.000000,0.000000,1154,0,6340,19664,238,413,6,223,1,0,0,0,0.000000,inf,inf,39,0.489173,0,0.635505,inf,0,0.007903,0.001694,0.009612,0.491226
178.231381,1786670481.607410,1769605535.057786,1769605535.057786,map_start,map,map_start,,,0.000000,0.000000,1197,0,6372,19725,247,459,6,232,1,0,0,0,0.000000,inf,inf,51,0.475145,0,0.636125,inf,0,0.005987,0.001317,0.007313,0.495544
179.025790,1786670482.005255,1769605535.357821,1769605535.457849,map_start,map,map_start,,,0.000000,0.000000,1156,0,6375,19765,239,428,6,224,1,0,0,0,0.000000,inf,inf,43,0.475145,0,0.631188,inf,0,0.006134,0.001390,0.007536,0.511438
179.797701,1786670482.393041,1769605535.757908,1769605535.757908,map_start,map,map_start,,,0.000000,0.000000,1192,0,6406,19811,239,429,6,224,1,0,0,0,0.000000,inf,inf,40,0.504330,0,0.625373,inf,0,0.008460,0.002004,0.010478,0.499624
180.596584,1786670482.791647,1769605536.057805,1769605536.157776,map_start,map,map_start,,,0.000000,0.000000,1196,0,6421,19863,242,427,6,227,1,0,0,0,0.000000,inf,inf,39,0.477430,0,0.864018,inf,0,0.006118,0.001338,0.007466,0.475744
181.420236,1786670483.205632,1769605536.357807,1769605536.557736,map_start,map,map_start,,,0.000000,0.000000,1188,0,6441,19911,248,460,6,232,232,12,0,0,0.000000,inf,inf,51,0.470439,0,1.226576,inf,0,0.008262,0.001430,0.009705,0.477516
182.202430,1786670483.593755,1769605536.857692,1769605536.857692,map_start,map,map_start,,,0.000000,0.000000,1197,0,6462,19955,240,453,5,226,226,22,0,0,0.000000,inf,inf,60,0.481279,0,1.524788,inf,0,0.007439,0.001457,0.008909,0.494900
182.966664,1786670483.977341,1769605537.157723,1769605537.258199,map_start,map,map_start,,,0.000000,0.000000,1185,0,6476,20007,240,436,6,131,131,19,0,0,0.000000,inf,inf,55,0.480622,0,1.954436,inf,0,0.008336,0.001872,0.010223,0.479267
183.771011,1786670484.380460,1769605537.457760,1769605537.557894,map_start,map,map_start,,,0.000000,0.000000,1142,0,6485,20035,238,431,6,129,129,13,0,0,0.000000,inf,inf,49,0.460648,0,2.169386,inf,0,0.006073,0.001347,0.007429,0.447801
184.538647,1786670484.763142,1769605537.857858,1769605537.957733,map_start,map,map_start,,,0.000000,0.000000,1111,0,6488,20039,236,423,6,127,127,12,0,0,0.000000,inf,inf,46,0.476145,0,2.042857,inf,0,0.005954,0.001339,0.007305,0.454313
185.348370,1786670485.166982,1769605538.257718,1769605538.257718,map_start,map,map_start,,,0.000000,0.000000,1121,0,6502,20063,242,455,6,133,133,16,0,0,0.000000,inf,inf,50,0.476732,0,2.008019,inf,0,0.006455,0.001343,0.007807,0.416715
186.128547,1786670485.560183,1769605538.557695,1769605538.657785,map_start,map,map_start,,,0.000000,0.000000,1087,0,6504,20119,248,474,5,234,234,19,0,0,0.000000,inf,inf,61,0.472804,0,2.051039,inf,0,0.006395,0.001317,0.007719,0.430611
186.944990,1786670485.967884,1769605538.957688,1769605538.957688,map_start,map,map_start,,,0.000000,0.000000,1161,0,6547,20211,252,476,5,238,238,20,0,0,0.000000,inf,inf,66,0.454080,0,2.073694,inf,0,0.005892,0.001319,0.007220,0.411254
187.730790,1786670486.360997,1769605539.257780,1769605539.357837,map_start,map,map_start,,,0.000000,0.000000,1137,0,6572,20255,251,487,5,237,237,18,0,0,0.000000,inf,inf,59,0.456905,0,2.104176,inf,0,0.007503,0.001331,0.008844,0.422848
188.524807,1786670486.754271,1769605539.657729,1769605539.757717,map_start,map,map_start,,,0.000000,0.000000,1120,0,6591,20291,254,486,5,240,240,16,0,0,0.000000,inf,inf,58,0.509537,0,1.877260,inf,0,0.006190,0.001336,0.007535,0.412072
189.325067,1786670487.157618,1769605539.957704,1769605540.057750,map_start,map,map_start,,,0.000000,0.000000,1089,0,6606,20343,260,493,5,246,246,16,0,0,0.000000,inf,inf,60,0.475819,0,1.597278,inf,0,0.007475,0.001311,0.008797,0.400540
190.110494,1786670487.550360,1769605540.357800,1769605540.457820,map_start,map,map_start,,,0.000000,0.000000,1059,0,6611,20367,253,472,5,239,239,13,0,0,0.000000,inf,inf,51,0.465662,0,1.210339,inf,0,0.006073,0.001334,0.007419,0.405055
190.909425,1786670487.948320,1769605540.657821,1769605540.757710,map_start,map,map_start,,,0.000000,0.000000,1038,0,6624,20387,261,491,5,247,247,15,0,0,0.000000,inf,inf,62,0.498638,0,0.935364,inf,0,0.006802,0.001337,0.008150,0.393805
191.704145,1786670488.345796,1769605541.057928,1769605541.057928,map_start,map,map_start,,,0.000000,0.000000,1024,0,6643,20407,261,487,5,247,247,11,0,0,0.000000,inf,inf,54,0.457649,0,0.727739,inf,0,0.007931,0.001972,0.009920,0.387024
192.524710,1786670488.754304,1769605541.457714,1769605541.457714,map_start,map,map_start,,,0.000000,0.000000,1011,0,6652,20443,267,514,5,253,253,9,0,0,0.000000,inf,inf,62,0.470384,0,0.705650,inf,0,0.005991,0.001327,0.007326,0.385342
193.322968,1786670489.157295,1769605541.757884,1769605541.757884,map_start,map,map_start,,,0.000000,0.000000,968,0,6657,20479,265,500,5,251,251,7,0,0,0.000000,inf,inf,56,0.490742,0,0.898992,inf,0,0.007232,0.001330,0.008573,0.399813
194.117125,1786670489.550852,1769605542.057775,1769605542.157760,map_start,map,map_start,,,0.000000,0.000000,907,0,6671,20495,270,513,5,256,256,7,0,0,0.000000,inf,inf,58,0.467309,0,1.135208,inf,0,0.005817,0.001319,0.007148,0.401228
194.918968,1786670489.954007,1769605542.457757,1769605542.557800,map_start,map,map_start,,,0.000000,0.000000,883,0,6667,20523,278,527,6,263,1,0,0,0,0.000000,inf,inf,50,0.491404,0,0.952766,inf,0,0.007887,0.001506,0.009409,0.394078
195.729616,1786670490.356943,1769605542.857729,1769605542.857729,map_start,map,map_start,,,0.000000,0.000000,847,0,6675,20535,275,528,5,261,261,7,0,0,0.000000,inf,inf,50,0.474362,0,0.800916,inf,0,0.008181,0.001579,0.009776,0.394078
196.546720,1786670490.769778,1769605543.157715,1769605543.257747,map_start,map,map_start,,,0.000000,0.000000,826,0,6688,20543,276,552,5,262,262,11,0,0,0.000000,inf,inf,56,0.474508,0,0.803850,inf,0,0.007049,0.001350,0.008408,0.409610
197.349112,1786670491.167445,1769605543.557860,1769605543.557860,map_start,map,map_start,,,0.000000,0.000000,780,0,6700,20548,282,562,5,268,268,10,0,0,0.000000,inf,inf,61,0.475722,0,0.956852,inf,0,0.005850,0.001304,0.007164,0.420875
198.146107,1786670491.565192,1769605543.957869,1769605543.957869,map_start,map,map_start,,,0.000000,0.000000,788,0,6704,20580,281,566,5,267,267,16,0,0,0.000000,inf,inf,67,0.474993,0,1.264943,inf,0,0.006155,0.001347,0.007514,0.427997
198.941087,1786670491.962863,1769605544.257734,1769605544.357784,map_start,map,map_start,,,0.000000,0.000000,800,0,6713,20618,274,548,5,260,260,18,0,0,0.000000,inf,inf,64,0.469397,0,1.501350,inf,0,0.005820,0.001326,0.007155,0.419969
199.738493,1786670492.365499,1769605544.557678,1769605544.657711,map_start,map,map_start,,,0.000000,0.000000,820,0,6727,20654,272,527,5,258,258,19,0,0,0.000000,inf,inf,71,0.467092,0,1.262926,inf,0,0.005683,0.001368,0.007060,0.419377
200.519850,1786670492.753701,1769605544.957824,1769605544.957824,map_start,map,map_start,,,0.000000,0.000000,801,0,6729,20666,272,520,5,258,258,7,0,0,0.000000,inf,inf,63,0.488577,0,1.022742,inf,0,0.008012,0.001784,0.009811,0.421606
201.316665,1786670493.151365,1769605545.257917,1769605545.357735,map_start,map,map_start,,,0.000000,0.000000,793,0,6738,20690,280,530,5,266,266,15,0,0,0.000000,inf,inf,67,0.464553,0,0.834088,inf,0,0.008279,0.002066,0.010362,0.395756
202.092653,1786670493.540273,1769605545.557888,1769605545.757719,map_start,map,map_start,,,0.000000,0.000000,787,0,6742,20714,279,534,5,265,265,14,0,0,0.000000,inf,inf,66,0.499498,0,0.811505,inf,0,0.006500,0.001308,0.007817,0.398051
202.885370,1786670493.938344,1769605545.957781,1769605546.057944,map_start,map,map_start,,,0.000000,0.000000,846,0,6761,20766,275,518,5,261,261,15,0,0,0.000000,inf,inf,63,0.487130,0,0.805414,inf,0,0.005897,0.001395,0.007302,0.374631
203.669893,1786670494.331376,1769605546.357909,1769605546.457889,map_start,map,map_start,,,0.000000,0.000000,895,0,6792,20824,279,534,5,265,265,13,0,0,0.000000,inf,inf,63,0.476539,0,0.813742,inf,0,0.006632,0.001361,0.008003,0.362274
204.486576,1786670494.739324,1769605546.757910,1769605546.757910,map_start,map,map_start,,,0.000000,0.000000,851,0,6803,20852,278,550,4,266,266,19,0,0,0.000000,inf,inf,75,0.470589,0,0.821724,inf,0,0.007332,0.001371,0.008713,0.361648
205.275723,1786670495.133702,1769605547.157782,1769605547.157782,map_start,map,map_start,,,0.000000,0.000000,885,0,6819,20888,276,547,4,264,264,17,0,0,0.000000,inf,inf,69,0.476539,0,0.863622,inf,0,0.007950,0.001963,0.009928,0.361648
206.083622,1786670495.536741,1769605547.457875,1769605547.557713,map_start,map,map_start,,,0.000000,0.000000,852,0,6825,20912,284,579,4,272,272,21,0,0,0.000000,inf,inf,83,0.476539,0,0.912171,inf,0,0.006480,0.001368,0.007858,0.353792
206.860473,1786670495.924453,1769605547.757862,1769605547.857728,map_start,map,map_start,,,0.000000,0.000000,832,0,6831,20955,278,546,4,266,266,19,0,0,0.000000,inf,inf,72,0.476539,0,0.967094,inf,0,0.006217,0.001334,0.007558,0.363279
207.649681,1786670496.317166,1769605548.157728,1769605548.257710,map_start,map,map_start,,,0.000000,0.000000,819,0,6855,20991,282,561,4,270,270,23,0,0,0.000000,inf,inf,77,0.476539,0,1.023594,inf,0,0.005834,0.001350,0.007195,0.334680
208.431642,1786670496.710313,1769605548.557863,1769605548.557863,map_start,map,map_start,,,0.000000,0.000000,775,0,6853,21015,282,560,4,270,270,25,0,0,0.000000,inf,inf,77,0.480519,0,1.092334,inf,0,0.007353,0.001364,0.008729,0.328940
209.268712,1786670497.128729,1769605548.857763,1769605548.957831,map_start,map,map_start,,,0.000000,0.000000,816,0,6883,21099,291,588,5,276,276,16,0,0,0.000000,inf,inf,73,0.475157,0,1.146155,inf,0,0.006374,0.001363,0.007746,0.313584
210.056228,1786670497.522053,1769605549.257818,1769605549.257818,map_start,map,map_start,,,0.000000,0.000000,799,0,6885,21139,284,569,4,272,272,18,0,0,0.000000,inf,inf,72,0.476539,0,1.189239,inf,0,0.005956,0.001345,0.007311,0.343904
210.869955,1786670497.930125,1769605549.557944,1769605549.657706,map_start,map,map_start,,,0.000000,0.000000,805,0,6899,21194,294,608,4,282,282,19,0,0,0.000000,inf,inf,77,0.486595,0,1.266559,inf,0,0.007359,0.001356,0.008726,0.335119
211.673303,1786670498.328865,1769605549.957742,1769605549.957742,map_start,map,map_start,,,0.000000,0.000000,770,0,6907,21227,290,603,4,278,278,15,0,0,0.000000,inf,inf,66,0.472698,0,1.400364,inf,0,0.006688,0.001368,0.008065,0.352250
212.466677,1786670498.726544,1769605550.357692,1769605550.357692,map_start,map,map_start,,,0.000000,0.000000,784,0,6918,21251,298,645,4,286,286,21,0,0,0.000000,inf,inf,85,0.497391,0,1.460667,inf,0,0.006547,0.001382,0.007937,0.346418
213.265525,1786670499.125386,1769605550.657822,1769605550.757779,map_start,map,map_start,,,0.000000,0.000000,756,0,6931,21287,294,616,4,282,282,17,0,0,0.000000,inf,inf,77,0.493609,0,1.381906,inf,0,0.008198,0.001400,0.009611,0.346418
214.060436,1786670499.523521,1769605551.057796,1769605551.057796,map_start,map,map_start,,,0.000000,0.000000,836,0,6962,21379,297,620,4,285,285,14,0,0,0.000000,inf,inf,69,0.485441,0,1.208421,inf,0,0.006665,0.001387,0.008062,0.348280
214.850850,1786670499.921982,1769605551.357740,1769605551.457790,map_start,map,map_start,,,0.000000,0.000000,847,0,6980,21451,297,626,4,285,285,11,0,0,0.000000,inf,inf,67,0.491880,0,1.116375,inf,0,0.006208,0.001375,0.007593,0.336792
215.665188,1786670500.324721,1769605551.757721,1769605551.757721,map_start,map,map_start,,,0.000000,0.000000,862,0,6991,21487,301,653,4,289,289,11,0,0,0.000000,inf,inf,69,0.477136,0,1.170787,inf,0,0.007042,0.001475,0.008531,0.331568
216.469976,1786670500.728124,1769605552.057976,1769605552.157819,map_start,map,map_start,,,0.000000,0.000000,900,0,7019,21527,304,644,4,292,292,11,0,0,0.000000,inf,inf,73,0.483916,0,1.218139,inf,0,0.007892,0.001383,0.009287,0.338622
217.253287,1786670501.121439,1769605552.457747,1769605552.457747,map_start,map,map_start,,,0.000000,0.000000,892,0,7031,21571,304,639,4,292,292,10,0,0,0.000000,inf,inf,67,0.501394,0,1.252487,inf,0,0.006601,0.001409,0.008018,0.348507
218.051412,1786670501.519196,1769605552.757896,1769605552.857797,map_start,map,map_start,,,0.000000,0.000000,894,0,7064,21599,305,626,4,293,293,10,0,0,0.000000,inf,inf,63,0.489725,0,1.317123,inf,0,0.006134,0.001397,0.007540,0.334047
218.865551,1786670501.927813,1769605553.157781,1769605553.257925,map_start,map,map_start,,,0.000000,0.000000,948,0,7083,21683,310,632,4,298,298,8,0,0,0.000000,inf,inf,58,0.479402,0,1.376006,inf,0,0.005917,0.001396,0.007323,0.326509
219.662898,1786670502.325715,1769605553.557810,1769605553.557810,map_start,map,map_start,,,0.000000,0.000000,993,0,7115,21739,305,608,4,293,293,8,0,0,0.000000,inf,inf,58,0.486174,0,1.435250,inf,0,0.008268,0.001429,0.009707,0.344445
220.478630,1786670502.733456,1769605553.857754,1769605553.957757,map_start,map,map_start,,,0.000000,0.000000,1035,0,7144,21799,309,619,5,293,293,8,0,0,0.000000,inf,inf,61,0.479388,0,1.493454,inf,0,0.006785,0.001440,0.008236,0.344377
221.262590,1786670503.126103,1769605554.157820,1769605554.257856,map_start,map,map_start,,,0.000000,0.000000,1044,0,7155,21831,311,626,4,299,299,7,0,0,0.000000,inf,inf,63,0.484635,0,1.561795,inf,0,0.007215,0.001430,0.008656,0.354447
222.057562,1786670503.524076,1769605554.557758,1769605554.657682,map_start,map,map_start,,,0.000000,0.000000,1102,0,7200,21899,310,617,4,298,298,6,0,0,0.000000,inf,inf,54,0.480372,0,1.647886,inf,0,0.006167,0.001447,0.007624,0.344727
222.846708,1786670503.917339,1769605554.957747,1769605554.957747,map_start,map,map_start,,,0.000000,0.000000,1130,0,7213,21959,309,627,4,297,297,4,0,0,0.000000,inf,inf,51,0.477011,0,1.690787,inf,0,0.007173,0.001462,0.008646,0.333004
223.671190,1786670504.330115,1769605555.257725,1769605555.357762,map_start,map,map_start,,,0.000000,0.000000,1117,0,7235,21981,319,662,4,307,307,6,0,0,0.000000,inf,inf,62,0.485507,0,1.684096,inf,0,0.006435,0.001477,0.007921,0.324145
224.477105,1786670504.733482,1769605555.557715,1769605555.657798,map_start,map,map_start,,,0.000000,0.000000,1130,0,7245,22029,320,662,4,308,308,8,0,0,0.000000,inf,inf,61,0.500502,0,1.531251,inf,0,0.008386,0.002149,0.010550,0.353699
225.282793,1786670505.133049,1769605555.957780,1769605556.057696,map_start,map,map_start,,,0.000000,0.000000,1194,0,7286,22119,319,636,4,307,307,8,0,0,0.000000,inf,inf,64,0.489458,0,1.437253,inf,0,0.006113,0.001496,0.007619,0.361975
226.076831,1786670505.530838,1769605556.357831,1769605556.457937,map_start,map,map_start,,,0.000000,0.000000,1209,0,7288,22164,319,637,4,307,307,8,0,0,0.000000,inf,inf,66,0.510502,0,1.493009,inf,0,0.007326,0.001473,0.008810,0.361975
226.875585,1786670505.933769,1769605556.757942,1769605556.757942,map_start,map,map_start,,,0.000000,0.000000,1236,0,7307,22214,315,616,4,303,303,6,0,0,0.000000,inf,inf,54,0.491655,0,1.612324,inf,0,0.005877,0.001456,0.007343,0.358336
227.663342,1786670506.327782,1769605557.057694,1769605557.157700,map_start,map,map_start,,,0.000000,0.000000,1308,0,7347,22306,318,629,4,306,306,6,0,0,0.000000,inf,inf,52,0.476388,0,1.803594,inf,0,0.007512,0.001524,0.009044,0.341427
228.488111,1786670506.736382,1769605557.457981,1769605557.457981,map_start,map,map_start,,,0.000000,0.000000,1329,0,7355,22360,328,643,4,316,316,8,0,0,0.000000,inf,inf,62,0.477716,0,1.593226,inf,0,0.008895,0.002229,0.011135,0.341427
229.285822,1786670507.134707,1769605557.757826,1769605557.857882,map_start,map,map_start,,,0.000000,0.000000,1379,0,7395,22432,323,609,5,307,307,8,0,0,0.000000,inf,inf,60,0.464509,0,1.389797,inf,0,0.006001,0.001525,0.007535,0.368172
230.081059,1786670507.533308,1769605558.157766,1769605558.157766,map_start,map,map_start,,,0.000000,0.000000,1380,0,7397,22477,320,590,5,304,304,4,0,0,0.000000,inf,inf,52,0.475362,0,1.329850,inf,0,0.006945,0.001506,0.008461,0.360318
230.855234,1786670507.922692,1769605558.457747,1769605558.557707,map_start,map,map_start,,,0.000000,0.000000,1372,0,7418,22528,321,599,5,305,305,6,0,0,0.000000,inf,inf,52,0.505417,0,1.060732,inf,0,0.006488,0.001486,0.007985,0.358643
231.640754,1786670508.315562,1769605558.857800,1769605558.857800,map_start,map,map_start,,,0.000000,0.000000,1384,0,7433,22588,318,593,5,302,302,5,0,0,0.000000,inf,inf,51,0.484781,0,0.854371,inf,0,0.006514,0.001522,0.008046,0.335305
232.446765,1786670508.718391,1769605559.157754,1769605559.257729,map_start,map,map_start,,,0.000000,0.000000,1419,0,7461,22652,326,621,5,310,310,5,0,0,0.000000,inf,inf,52,0.468023,0,0.759672,inf,0,0.006772,0.001502,0.008285,0.323540
233.232259,1786670509.111910,1769605559.557870,1769605559.557870,map_start,map,map_start,,,0.000000,0.000000,1393,0,7464,22688,324,617,5,308,308,6,0,0,0.000000,inf,inf,51,0.472658,0,0.698444,inf,0,0.008113,0.002190,0.010319,0.322782
234.024747,1786670509.504818,1769605559.857907,1769605559.957802,map_start,map,map_start,,,0.000000,0.000000,1373,0,7467,22724,323,617,5,307,307,6,0,0,0.000000,inf,inf,52,0.479724,0,0.797850,inf,0,0.006235,0.001518,0.007763,0.311785
234.844702,1786670509.917892,1769605560.257812,1769605560.357720,map_start,map,map_start,,,0.000000,0.000000,1385,0,7490,22792,324,604,6,307,1,0,0,0,0.000000,inf,inf,44,0.466834,0,0.953670,inf,0,0.008479,0.002161,0.010655,0.308574
235.625192,1786670510.305605,1769605560.557711,1769605560.657757,map_start,map,map_start,,,0.000000,0.000000,1399,0,7503,22860,320,591,7,301,1,0,0,0,0.000000,inf,inf,45,0.475192,0,0.894003,inf,0,0.006280,0.001568,0.007858,0.307778
236.439148,1786670510.713318,1769605560.957722,1769605561.057725,map_start,map,map_start,,,0.000000,0.000000,1375,0,7537,22888,329,622,7,310,1,0,0,0,0.000000,inf,inf,51,0.486742,0,0.815348,inf,0,0.007015,0.001525,0.008552,0.307778
237.232057,1786670511.111314,1769605561.357711,1769605561.357711,map_start,map,map_start,,,0.000000,0.000000,1367,0,7545,22924,332,634,7,313,1,0,0,0,0.000000,inf,inf,50,0.491607,0,0.761123,inf,0,0.006479,0.001536,0.008026,0.313178
238.024475,1786670511.504268,1769605561.657710,1769605561.757787,map_start,map,map_start,,,0.000000,0.000000,1352,0,7566,22961,328,618,7,309,1,0,0,0,0.000000,inf,inf,47,0.470030,0,0.444081,inf,0,0.007405,0.001553,0.008965,0.313178
238.815311,1786670511.902030,1769605562.057888,1769605562.057888,map_start,map,map_start,,,0.000000,0.000000,1381,0,7597,23045,322,603,7,303,1,0,0,0,0.000000,inf,inf,49,0.458220,0,0.272245,inf,0,0.007734,0.001554,0.009300,0.298895
239.592266,1786670512.290041,1769605562.357969,1769605562.457761,map_start,map,map_start,,,0.000000,0.000000,1340,0,7601,23075,329,612,7,310,1,0,0,0,0.000000,inf,inf,52,0.476186,0,0.504802,inf,0,0.006074,0.001543,0.007626,0.293596
240.411608,1786670512.698160,1769605562.757737,1769605562.757737,map_start,map,map_start,,,0.000000,0.000000,1342,0,7626,23115,331,634,6,313,313,4,0,0,0.000000,inf,inf,57,0.472456,0,0.625326,inf,0,0.006417,0.001567,0.007995,0.274539
241.210133,1786670513.101062,1769605563.057696,1769605563.157693,map_start,map,map_start,,,0.000000,0.000000,1310,0,7636,23163,328,624,6,310,310,1,0,0,0.000000,inf,inf,53,0.492507,0,0.429240,inf,0,0.008637,0.002083,0.010736,0.287740
242.004073,1786670513.498003,1769605563.457752,1769605563.557691,map_start,map,map_start,,,0.000000,0.000000,1288,0,7646,23191,331,619,7,312,1,0,0,0,0.000000,inf,inf,56,0.476186,0,0.575351,inf,0,0.008448,0.001600,0.010061,0.291312
242.813328,1786670513.900476,1769605563.857833,1769605563.857833,map_start,map,map_start,,,0.000000,0.000000,1269,0,7659,23223,343,663,6,325,325,3,0,0,0.000000,inf,inf,64,0.475495,0,0.527399,inf,0,0.006242,0.001604,0.007856,0.295238
243.615896,1786670514.303355,1769605564.157727,1769605564.257736,map_start,map,map_start,,,0.000000,0.000000,1229,0,7672,23231,342,649,6,325,1,0,0,0,0.000000,inf,inf,60,0.476186,0,0.351285,inf,0,0.006460,0.001577,0.008049,0.295238
244.414465,1786670514.701146,1769605564.557729,1769605564.557729,map_start,map,map_start,,,0.000000,0.000000,1198,0,7679,23259,342,655,5,326,326,1,0,0,0.000000,inf,inf,58,0.476186,0,0.408506,inf,0,0.008624,0.002215,0.010856,0.292897
245.223750,1786670515.104360,1769605564.757817,1769605564.957720,map_start,map,map_start,,,0.000000,0.000000,1194,0,7719,23320,345,653,5,329,329,6,0,0,0.000000,inf,inf,58,0.477347,0,0.447975,inf,0,0.007960,0.001535,0.009507,0.295173
246.001410,1786670515.496921,1769605565.257855,1769605565.257855,map_start,map,map_start,,,0.000000,0.000000,1154,0,7736,23356,333,617,5,317,317,1,0,0,0.000000,inf,inf,47,0.476186,0,0.344098,inf,0,0.006618,0.001570,0.008200,0.298434
246.780360,1786670515.885013,1769605565.558076,1769605565.657772,map_start,map,map_start,,,0.000000,0.000000,1128,0,7776,23395,337,637,5,321,321,1,0,0,0.000000,inf,inf,54,0.473037,0,0.345922,inf,0,0.006337,0.001541,0.007889,0.280778
247.605766,1786670516.298839,1769605565.957869,1769605566.057730,map_start,map,map_start,,,0.000000,0.000000,1073,0,7798,23424,341,667,5,325,325,1,0,0,0.000000,inf,inf,57,0.488453,0,0.370827,inf,0,0.007133,0.001570,0.008714,0.263261
248.395806,1786670516.691201,1769605566.357689,1769605566.357689,map_start,map,map_start,,,0.000000,0.000000,1066,0,7813,23440,339,663,5,323,323,1,0,0,0.000000,inf,inf,52,0.511969,0,0.345112,inf,0,0.007043,0.001576,0.008626,0.281260
249.185882,1786670517.089193,1769605566.657753,1769605566.757849,map_start,map,map_start,,,0.000000,0.000000,1060,0,7842,23448,337,647,6,320,1,0,0,0,0.000000,inf,inf,49,0.468597,0,0.251292,inf,0,0.006878,0.001647,0.008535,0.275004
249.969049,1786670517.477490,1769605566.857762,1769605567.057916,map_start,map,map_start,,,0.000000,0.000000,1057,0,7867,23465,339,650,6,322,1,0,0,0,0.000000,inf,inf,55,0.468597,0,0.179726,inf,0,0.006849,0.001565,0.008424,0.260063
250.766140,1786670517.875687,1769605567.357764,1769605567.457721,map_start,map,map_start,,,0.000000,0.000000,1053,0,7880,23485,345,659,6,328,1,0,0,0,0.000000,inf,inf,52,0.488204,0,0.280817,inf,0,0.007784,0.001564,0.009359,0.248015
251.572946,1786670518.279987,1769605567.657737,1769605567.757715,map_start,map,map_start,,,0.000000,0.000000,1076,0,7895,23525,341,642,5,325,325,2,0,0,0.000000,inf,inf,51,0.481349,0,0.471847,inf,0,0.008011,0.001650,0.009672,0.247885
252.379205,1786670518.683568,1769605568.057829,1769605568.158328,map_start,map,map_start,,,0.000000,0.000000,1071,0,7950,23541,350,675,5,334,334,15,0,0,0.000000,inf,inf,65,0.467083,0,0.789196,inf,0,0.007560,0.001543,0.009114,0.255440
253.194438,1786670519.092010,1769605568.457700,1769605568.557898,map_start,map,map_start,,,0.000000,0.000000,1080,0,7990,23577,354,686,5,338,338,13,0,0,0.000000,inf,inf,67,0.471758,0,0.836196,inf,0,0.009572,0.001604,0.011185,0.255323
253.982942,1786670519.485353,1769605568.757726,1769605568.857797,map_start,map,map_start,,,0.000000,0.000000,1057,0,7992,23599,351,677,5,335,335,17,0,0,0.000000,inf,inf,71,0.477416,0,0.753158,inf,0,0.010096,0.001973,0.012082,0.272684
254.793678,1786670519.893056,1769605569.157693,1769605569.257814,map_start,map,map_start,,,0.000000,0.000000,1166,0,8053,24765,357,698,5,341,341,19,0,0,0.000000,inf,inf,73,0.476235,0,0.831857,inf,0,0.010127,0.002368,0.012509,0.264576
255.590764,1786670520.290709,1769605569.557795,1769605569.557795,map_start,map,map_start,,,0.000000,0.000000,1119,0,8093,24914,353,686,5,337,337,16,0,0,0.000000,inf,inf,63,0.478333,0,0.798866,inf,0,0.008599,0.001635,0.010245,0.269347
256.410740,1786670520.698894,1769605569.857753,1769605569.957718,map_start,map,map_start,,,0.000000,0.000000,1162,0,8121,25024,352,656,6,333,333,14,0,0,0.000000,inf,inf,60,0.472914,0,0.695500,inf,0,0.007241,0.001645,0.008897,0.271365
257.213749,1786670521.101931,1769605570.257807,1769605570.257807,map_start,map,map_start,,,0.000000,0.000000,1173,0,8184,25114,357,693,6,338,338,19,0,0,0.000000,inf,inf,61,0.475332,0,0.614827,inf,0,0.007339,0.001673,0.009021,0.285862
257.991872,1786670521.490076,1769605570.557859,1769605570.657718,map_start,map,map_start,,,0.000000,0.000000,1248,0,8207,25416,350,651,6,331,331,14,0,0,0.000000,inf,inf,52,0.475465,0,0.603329,inf,0,0.007335,0.001806,0.009153,0.292924
258.799171,1786670521.892915,1769605570.957774,1769605571.057793,map_start,map,map_start,,,0.000000,0.000000,1257,0,8236,25456,353,659,6,334,334,11,0,0,0.000000,inf,inf,49,0.475210,0,0.703514,inf,0,0.008401,0.001698,0.010108,0.274193
259.589733,1786670522.290902,1769605571.257715,1769605571.357816,map_start,map,map_start,,,0.000000,0.000000,1204,0,8272,25596,346,641,6,327,327,11,0,0,0.000000,inf,inf,46,0.472420,0,0.910730,inf,0,0.009099,0.001709,0.010817,0.269200
260.384580,1786670522.688670,1769605571.657768,1769605571.757888,map_start,map,map_start,,,0.000000,0.000000,1258,0,8303,25688,344,622,6,326,326,7,0,0,0.000000,inf,inf,36,0.477026,0,1.038630,inf,0,0.010383,0.002404,0.012798,0.269200
261.163881,1786670523.076136,1769605571.957892,1769605572.057691,map_start,map,map_start,,,0.000000,0.000000,1293,0,8342,25772,345,622,6,327,327,6,0,0,0.000000,inf,inf,33,0.462319,0,1.033855,inf,0,0.008472,0.001736,0.010221,0.259915
261.984478,1786670523.484524,1769605572.257756,1769605572.457664,map_start,map,map_start,,,0.000000,0.000000,1271,0,8354,25809,345,624,6,243,243,6,0,0,0.000000,inf,inf,35,0.483213,0,1.062663,inf,0,0.008574,0.001714,0.010306,0.243814
262.777384,1786670523.884714,1769605572.757801,1769605572.757801,map_start,map,map_start,,,0.000000,0.000000,1212,0,8377,25849,348,642,5,332,332,8,0,0,0.000000,inf,inf,37,0.468693,0,1.207976,inf,0,0.008117,0.001721,0.009847,0.257579
263.593899,1786670524.292994,1769605573.057756,1769605573.159982,map_start,map,map_start,,,0.000000,0.000000,1178,0,8384,25880,350,639,5,334,334,10,0,0,0.000000,inf,inf,41,0.467733,0,1.146129,inf,0,0.010599,0.002581,0.013194,0.252259
264.394850,1786670524.690604,1769605573.457775,1769605573.457775,map_start,map,map_start,,,0.000000,0.000000,1143,0,8411,25920,354,674,5,338,338,13,0,0,0.000000,inf,inf,43,0.474315,0,1.444633,inf,0,0.011176,0.002647,0.013836,0.274838
265.208369,1786670525.098117,1769605573.757834,1769605573.857661,map_start,map,map_start,,,0.000000,0.000000,1074,0,8417,25932,355,693,5,339,339,15,0,0,0.000000,inf,inf,45,0.489100,0,1.465850,inf,0,0.007772,0.001743,0.009528,0.274838
266.004997,1786670525.495918,1769605574.157777,1769605574.257726,map_start,map,map_start,,,0.000000,0.000000,1057,0,8442,26001,357,680,5,341,341,13,0,0,0.000000,inf,inf,47,0.482103,0,1.498682,inf,0,0.008543,0.001674,0.010228,0.283615
266.817352,1786670525.903991,1769605574.557647,1769605574.557647,map_start,map,map_start,,,0.000000,0.000000,996,0,8458,26049,357,683,5,341,341,14,0,0,0.000000,inf,inf,46,0.470904,0,1.207030,inf,0,0.009355,0.001708,0.011072,0.285961
267.615497,1786670526.301627,1769605574.857782,1769605574.957754,map_start,map,map_start,,,0.000000,0.000000,972,0,8477,26059,361,699,5,345,345,14,0,0,0.000000,inf,inf,54,0.478865,0,1.047306,inf,0,0.010318,0.001759,0.012088,0.291329
268.427992,1786670526.709908,1769605575.257709,1769605575.357845,map_start,map,map_start,,,0.000000,0.000000,969,0,8490,26099,368,725,5,352,352,19,0,0,0.000000,inf,inf,62,0.471817,0,0.784608,inf,0,0.009553,0.001730,0.011293,0.293719
269.243098,1786670527.117621,1769605575.557738,1769605575.657732,map_start,map,map_start,,,0.000000,0.000000,997,0,8528,26124,368,706,5,352,352,18,0,0,0.000000,inf,inf,54,0.462366,0,0.598746,inf,0,0.008095,0.001774,0.009877,0.302479
270.064734,1786670527.525365,1769605575.957628,1769605576.057719,map_start,map,map_start,,,0.000000,0.000000,981,0,8564,26508,378,743,5,362,362,7,0,0,0.000000,inf,inf,70,0.454534,0,0.809250,inf,0,0.008061,0.001713,0.009796,0.320214
270.896719,1786670527.944366,1769605576.357787,1769605576.457716,map_start,map,map_start,,,0.000000,0.000000,1069,0,8587,26633,379,742,5,363,363,27,0,0,0.000000,inf,inf,67,0.464967,0,0.905582,inf,0,0.008718,0.001786,0.010513,0.346293
271.675433,1786670528.333139,1769605576.657838,1769605576.757728,map_start,map,map_start,,,0.000000,0.000000,1088,0,8614,26674,376,727,5,360,360,17,0,0,0.000000,inf,inf,56,0.470236,0,0.650976,inf,0,0.008265,0.001755,0.010029,0.370804
272.490131,1786670528.737160,1769605577.057776,1769605577.157748,map_start,map,map_start,,,0.000000,0.000000,1121,0,8649,26730,373,714,5,357,357,16,0,0,0.000000,inf,inf,51,0.466973,0,0.857252,inf,0,0.008151,0.001767,0.009928,0.353978
273.293649,1786670529.139689,1769605577.457701,1769605577.457701,map_start,map,map_start,,,0.000000,0.000000,1109,0,8661,26782,371,710,5,355,355,16,0,0,0.000000,inf,inf,56,0.484552,0,0.820023,inf,0,0.009570,0.001831,0.011410,0.369690
274.102705,1786670529.547346,1769605577.757780,1769605577.857948,map_start,map,map_start,,,0.000000,0.000000,1137,0,8686,26814,383,748,5,367,367,15,0,0,0.000000,inf,inf,60,0.474025,0,0.904755,inf,0,0.011219,0.001787,0.013016,0.367785
274.900207,1786670529.944729,1769605578.157767,1769605578.157767,map_start,map,map_start,,,0.000000,0.000000,1113,0,8697,26838,383,736,5,367,367,17,0,0,0.000000,inf,inf,65,0.467828,0,0.916201,inf,0,0.009666,0.001817,0.011490,0.381401
275.711216,1786670530.347215,1769605578.457785,1769605578.557742,map_start,map,map_start,,,0.000000,0.000000,1135,0,8712,26906,389,769,5,373,373,22,0,0,0.000000,inf,inf,77,0.475119,0,0.923387,inf,0,0.008434,0.001786,0.010229,0.389742
276.524897,1786670530.755013,1769605578.857732,1769605578.957785,map_start,map,map_start,,,0.000000,0.000000,1161,0,8747,26950,386,743,5,370,370,15,0,0,0.000000,inf,inf,64,0.456709,0,0.934209,inf,0,0.009580,0.001820,0.011410,0.389742
277.316474,1786670531.152791,1769605579.157708,1769605579.257814,map_start,map,map_start,,,0.000000,0.000000,1193,0,8781,27022,375,691,6,357,357,11,0,0,0.000000,inf,inf,51,0.483543,0,0.689728,inf,0,0.008313,0.001761,0.010086,0.397380
278.094984,1786670531.540639,1769605579.557692,1769605579.657809,map_start,map,map_start,,,0.000000,0.000000,1192,0,8789,27090,377,700,5,361,361,11,0,0,0.000000,inf,inf,55,0.472973,0,0.656598,inf,0,0.008253,0.001826,0.010090,0.393467
278.894491,1786670531.939584,1769605579.957690,1769605579.957690,map_start,map,map_start,,,0.000000,0.000000,1272,0,8834,27187,378,705,5,362,362,13,0,0,0.000000,inf,inf,60,0.482231,0,0.640413,inf,0,0.008719,0.001849,0.010580,0.377517
279.716182,1786670532.352989,1769605580.257743,1769605580.357871,map_start,map,map_start,,,0.000000,0.000000,1285,0,8854,27239,384,718,6,366,366,14,0,0,0.000000,inf,inf,62,0.476051,0,0.649387,inf,0,0.011019,0.001847,0.012874,0.369496
280.531905,1786670532.761299,1769605580.657730,1769605580.657730,map_start,map,map_start,,,0.000000,0.000000,1270,0,8877,27283,393,758,5,377,377,19,0,0,0.000000,inf,inf,70,0.471775,0,0.623407,inf,0,0.008496,0.001830,0.010337,0.393374
281.316865,1786670533.150860,1769605580.957731,1769605581.057742,map_start,map,map_start,,,0.000000,0.000000,1235,0,8869,27885,389,751,5,373,373,17,0,0,0.000000,inf,inf,63,0.462763,0,0.830084,inf,0,0.008492,0.001825,0.010325,0.411902
282.121937,1786670533.554186,1769605581.357779,1769605581.457622,map_start,map,map_start,,,0.000000,0.000000,1250,0,8887,27965,386,737,5,370,370,15,0,0,0.000000,inf,inf,61,0.485264,0,0.629786,inf,0,0.009319,0.001853,0.011181,0.399849
282.928579,1786670533.958508,1769605581.657805,1769605581.757757,map_start,map,map_start,,,0.000000,0.000000,1296,0,8912,28029,390,749,5,374,374,16,0,0,0.000000,inf,inf,63,0.482636,0,0.610649,inf,0,0.011218,0.001820,0.013047,0.398852
283.700467,1786670534.345891,1769605582.057760,1769605582.057760,map_start,map,map_start,,,0.000000,0.000000,1270,0,8943,28201,387,757,5,371,371,15,0,0,0.000000,inf,inf,62,0.459028,0,0.537624,inf,0,0.008689,0.001855,0.010553,0.404853
284.509961,1786670534.749505,1769605582.357894,1769605582.457785,map_start,map,map_start,,,0.000000,0.000000,1314,0,8963,28305,385,737,5,369,369,15,0,0,0.000000,inf,inf,62,0.471154,0,0.512355,inf,0,0.008635,0.001854,0.010501,0.381037
285.308484,1786670535.148539,1769605582.757792,1769605582.857696,map_start,map,map_start,,,0.000000,0.000000,1312,0,8997,28365,388,742,5,372,372,13,0,0,0.000000,inf,inf,52,0.484053,0,0.738907,inf,0,0.008523,0.001891,0.010423,0.385111
286.129109,1786670535.556667,1769605583.157807,1769605583.157807,map_start,map,map_start,,,0.000000,0.000000,1390,0,9080,28613,395,765,5,379,379,16,0,0,0.000000,inf,inf,61,0.463357,0,0.770959,inf,0,0.011354,0.001871,0.013235,0.386756
286.927295,1786670535.956211,1769605583.457722,1769605583.557711,map_start,map,map_start,,,0.000000,0.000000,1374,0,9103,28665,396,770,5,380,380,14,0,0,0.000000,inf,inf,60,0.489024,0,0.730814,inf,0,0.008706,0.001906,0.010622,0.409165
287.702850,1786670536.345057,1769605583.857810,1769605583.957678,map_start,map,map_start,,,0.000000,0.000000,1377,0,9116,28709,389,755,5,373,373,13,0,0,0.000000,inf,inf,55,0.484103,0,0.757279,inf,0,0.008357,0.001850,0.010218,0.411012
288.505454,1786670536.748369,1769605584.157673,1769605584.257704,map_start,map,map_start,,,0.000000,0.000000,1369,0,9147,28745,393,782,5,377,377,12,0,0,0.000000,inf,inf,55,0.484103,0,0.560565,inf,0,0.011553,0.002713,0.014278,0.376483
289.291556,1786670537.140842,1769605584.557782,1769605584.657942,map_start,map,map_start,,,0.000000,0.000000,1314,0,9152,28989,390,764,5,374,374,11,0,0,0.000000,inf,inf,47,0.469684,0,0.544727,inf,0,0.008381,0.001880,0.010270,0.382902
290.092178,1786670537.538587,1769605584.957695,1769605584.957695,map_start,map,map_start,,,0.000000,0.000000,1331,0,9160,29049,389,759,5,373,373,10,0,0,0.000000,inf,inf,46,0.472906,0,0.533157,inf,0,0.008282,0.001930,0.010219,0.372874
290.880175,1786670537.936018,1769605585.257665,1769605585.357712,map_start,map,map_start,,,0.000000,0.000000,1331,0,9170,29081,392,764,5,376,376,7,0,0,0.000000,inf,inf,44,0.470840,0,0.564360,inf,0,0.009320,0.001873,0.011201,0.360932
291.684419,1786670538.338620,1769605585.657787,1769605585.657787,map_start,map,map_start,,,0.000000,0.000000,1366,0,9193,29125,392,761,5,376,376,7,0,0,0.000000,inf,inf,42,0.483918,0,0.641710,inf,0,0.011071,0.001867,0.012946,0.360932
292.475305,1786670538.730966,1769605585.957703,1769605586.057703,map_start,map,map_start,,,0.000000,0.000000,1377,0,9222,29193,399,773,5,383,383,6,0,0,0.000000,inf,inf,49,0.472930,0,0.604308,inf,0,0.008582,0.001912,0.010505,0.361017
293.287320,1786670539.140086,1769605586.357753,1769605586.457676,map_start,map,map_start,,,0.000000,0.000000,1342,0,9235,29225,398,769,5,382,382,6,0,0,0.000000,inf,inf,45,0.484173,0,0.627307,inf,0,0.008490,0.001864,0.010363,0.362253
294.105951,1786670539.549042,1769605586.757699,1769605586.757699,map_start,map,map_start,,,0.000000,0.000000,1317,0,9257,29253,402,797,5,386,386,9,0,0,0.000000,inf,inf,51,0.475830,0,0.600411,inf,0,0.008238,0.001923,0.010170,0.362253
294.899758,1786670539.942806,1769605587.057800,1769605587.157866,map_start,map,map_start,,,0.000000,0.000000,1335,0,9281,29301,405,810,5,389,389,14,0,0,0.000000,inf,inf,57,0.486243,0,0.605367,inf,0,0.008093,0.001887,0.009989,0.382257
295.693884,1786670540.340206,1769605587.457792,1769605587.457792,map_start,map,map_start,,,0.000000,0.000000,1383,0,9320,29354,407,817,5,391,391,16,0,0,0.000000,inf,inf,60,0.481476,0,0.763190,inf,0,0.008300,0.001902,0.010212,0.378212
296.497197,1786670540.742587,1769605587.757716,1769605587.857592,map_start,map,map_start,,,0.000000,0.000000,1364,0,9313,29377,403,793,6,375,375,14,0,0,0.000000,inf,inf,51,0.485973,0,0.946525,inf,0,0.010447,0.001953,0.012409,0.376985
297.304945,1786670541.146353,1769605588.157675,1769605588.157675,map_start,map,map_start,,,0.000000,0.000000,1366,0,9353,29410,400,796,6,372,372,13,0,0,0.000000,inf,inf,48,0.492777,0,1.140971,inf,0,0.010018,0.001914,0.011941,0.375112
298.110291,1786670541.551232,1769605588.457821,1769605588.557760,map_start,map,map_start,,,0.000000,0.000000,1357,0,9384,29436,411,828,6,383,383,12,0,0,0.000000,inf,inf,54,0.486098,0,1.235771,inf,0,0.008353,0.001937,0.010300,0.386771
298.903362,1786670541.944324,1769605588.857796,1769605588.957770,map_start,map,map_start,,,0.000000,0.000000,1376,0,9394,29470,413,832,7,382,382,12,0,0,0.000000,inf,inf,54,0.465804,0,1.217476,inf,0,0.008377,0.001924,0.010313,0.383763
299.721319,1786670542.353579,1769605589.057736,1769605589.257740,map_start,map,map_start,,,0.000000,0.000000,1375,0,9426,29516,421,852,8,388,388,13,0,0,0.000000,inf,inf,61,0.474351,0,1.248884,inf,0,0.008337,0.001930,0.010277,0.378246
300.512661,1786670542.747980,1769605589.557742,1769605589.657729,map_start,map,map_start,,,0.000000,0.000000,1365,0,9486,29548,415,838,7,384,384,11,0,0,0.000000,inf,inf,51,0.472720,0,1.194295,inf,0,0.008590,0.001960,0.010559,0.397473
301.320580,1786670543.155556,1769605589.957817,1769605589.957817,map_start,map,map_start,,,0.000000,0.000000,1420,0,9542,29611,420,865,7,389,389,10,0,0,0.000000,inf,inf,53,0.470939,0,0.925039,inf,0,0.008427,0.002014,0.010450,0.391476
302.125382,1786670543.558489,1769605590.257746,1769605590.357854,map_start,map,map_start,,,0.000000,0.000000,1461,0,9585,29697,416,870,6,388,388,13,0,0,0.000000,inf,inf,56,0.474108,0,0.818048,inf,0,0.008512,0.001979,0.010501,0.401942
302.901687,1786670543.942894,1769605590.557717,1769605590.657762,map_start,map,map_start,,,0.000000,0.000000,1439,0,9611,29757,418,869,6,390,390,15,0,0,0.000000,inf,inf,59,0.504020,0,0.704271,inf,0,0.008429,0.001987,0.010427,0.402154
303.711899,1786670544.350654,1769605590.957735,1769605591.057769,map_start,map,map_start,,,0.000000,0.000000,1422,0,9628,29797,412,856,6,384,384,17,0,0,0.000000,inf,inf,61,0.471805,0,0.731432,inf,0,0.008617,0.002023,0.010650,0.390626
304.516705,1786670544.754004,1769605591.357717,1769605591.457699,map_start,map,map_start,,,0.000000,0.000000,1471,0,9666,29883,417,873,6,389,389,17,0,0,0.000000,inf,inf,60,0.483560,0,0.807437,inf,0,0.009232,0.002010,0.011254,0.390626
305.326982,1786670545.157783,1769605591.657715,1769605591.757840,map_start,map,map_start,,,0.000000,0.000000,1484,0,9698,29939,413,863,6,385,385,26,0,0,0.000000,inf,inf,67,0.469162,0,0.904809,inf,0,0.008691,0.002049,0.010750,0.392891
306.144797,1786670545.565681,1769605592.057910,1769605592.157745,map_start,map,map_start,,,0.000000,0.000000,1392,0,9709,29949,419,890,6,391,391,26,0,0,0.000000,inf,inf,78,0.474946,0,0.752124,inf,0,0.008798,0.002004,0.010810,0.404279
306.948198,1786670545.969115,1769605592.457696,1769605592.557760,map_start,map,map_start,,,0.000000,0.000000,1408,0,9734,29984,418,878,6,390,390,22,0,0,0.000000,inf,inf,72,0.469994,0,0.828638,inf,0,0.008807,0.002010,0.010828,0.426191
307.733321,1786670546.362285,1769605592.758149,1769605592.857887,map_start,map,map_start,,,0.000000,0.000000,1363,0,9770,30043,427,905,6,399,399,19,0,0,0.000000,inf,inf,80,0.477777,0,0.877470,inf,0,0.008933,0.002009,0.010950,0.423152
308.546920,1786670546.765487,1769605593.157719,1769605593.257715,map_start,map,map_start,,,0.000000,0.000000,1433,0,9842,30168,432,911,6,404,404,17,0,0,0.000000,inf,inf,80,0.476593,0,0.880267,inf,0,0.011547,0.002921,0.014481,0.410812
309.329823,1786670547.158954,1769605593.557641,1769605593.557641,map_start,map,map_start,,,0.000000,0.000000,1485,0,9895,30228,431,886,6,403,403,15,0,0,0.000000,inf,inf,76,0.469928,0,0.663271,inf,0,0.011823,0.002012,0.013844,0.419921
310.135296,1786670547.561699,1769605593.857726,1769605593.957774,map_start,map,map_start,,,0.000000,0.000000,1503,0,9922,30268,430,864,6,402,402,17,0,0,0.000000,inf,inf,72,0.464260,0,0.664081,inf,0,0.010641,0.002047,0.012698,0.406757
310.936078,1786670547.960044,1769605594.257727,1769605594.257727,map_start,map,map_start,,,0.000000,0.000000,1523,0,9942,30328,434,879,6,406,406,14,0,0,0.000000,inf,inf,68,0.485558,0,0.683613,inf,0,0.009342,0.002114,0.011465,0.410369
311.735251,1786670548.360334,1769605594.557922,1769605594.657861,map_start,map,map_start,,,0.000000,0.000000,1465,0,9951,30356,436,870,6,408,408,11,0,0,0.000000,inf,inf,69,0.475021,0,0.373274,inf,0,0.009283,0.002059,0.011351,0.410369
312.554543,1786670548.773497,1769605594.957733,1769605595.057710,map_start,map,map_start,,,0.000000,0.000000,1459,0,9966,30391,431,842,6,403,403,3,0,0,0.000000,inf,inf,55,0.472127,0,0.348971,inf,0,0.011826,0.002044,0.013879,0.409970
313.344281,1786670549.166509,1769605595.357837,1769605595.357837,map_start,map,map_start,,,0.000000,0.000000,1523,0,10013,30460,439,867,6,411,411,1,0,0,0.000000,inf,inf,59,0.488215,0,0.341324,inf,0,0.009785,0.002087,0.011880,0.432190
314.152846,1786670549.570211,1769605595.657705,1769605595.757875,map_start,map,map_start,,,0.000000,0.000000,1543,0,10030,30515,434,821,6,406,406,1,0,0,0.000000,inf,inf,58,0.486313,0,0.291822,inf,0,0.012757,0.002065,0.014831,0.424891
314.970344,1786670549.979061,1769605596.057781,1769605596.057781,map_start,map,map_start,,,0.000000,0.000000,1638,0,10066,30595,440,817,6,412,412,2,0,0,0.000000,inf,inf,65,0.484023,0,0.288017,inf,0,0.009881,0.002134,0.012026,0.428391
315.770029,1786670550.377826,1769605596.358131,1769605596.457730,map_start,map,map_start,,,0.000000,0.000000,1677,0,10081,30664,442,812,7,411,411,1,0,0,0.000000,inf,inf,57,0.483147,0,0.250490,inf,0,0.009667,0.002126,0.011802,0.445587
316.573063,1786670550.780619,1769605596.757730,1769605596.757730,map_start,map,map_start,,,0.000000,0.000000,1747,0,10102,30740,442,813,7,411,411,1,0,0,0.000000,inf,inf,53,0.487047,0,0.327270,inf,0,0.012202,0.002109,0.014321,0.449879
317.437604,1786670551.214419,1769605597.157758,1769605597.157758,map_start,map,map_start,,,0.000000,0.000000,1856,0,10137,32188,457,818,7,426,426,13,0,0,0.000000,inf,inf,68,0.474974,0,0.474563,inf,0,0.009817,0.002134,0.011960,0.455759
318.235007,1786670551.611854,1769605597.457772,1769605597.557744,map_start,map,map_start,,,0.000000,0.000000,1929,0,10169,32303,456,794,8,422,422,4,0,0,0.000000,inf,inf,56,0.482898,0,0.411821,inf,0,0.010126,0.002214,0.012349,0.514521
319.036563,1786670552.009870,1769605597.857699,1769605597.957742,map_start,map,map_start,,,0.000000,0.000000,1980,0,10196,32417,445,746,9,409,409,2,0,0,0.000000,inf,inf,56,0.469793,0,0.377178,inf,0,0.009857,0.002168,0.012034,0.515211
319.835711,1786670552.412505,1769605598.157797,1769605598.257716,map_start,map,map_start,,,0.000000,0.000000,2026,0,10226,32523,459,789,8,426,426,2,0,0,0.000000,inf,inf,68,0.469793,0,0.370309,inf,0,0.009934,0.002171,0.012114,0.511668
320.671992,1786670552.830254,1769605598.557688,1769605598.657699,map_start,map,map_start,,,0.000000,0.000000,2079,0,10242,32881,457,782,9,421,421,2,0,0,0.000000,inf,inf,63,0.469793,0,0.350225,inf,0,0.011176,0.002116,0.013301,0.513189
321.451754,1786670553.218401,1769605598.957703,1769605599.057778,map_start,map,map_start,,,0.000000,0.000000,2116,0,10262,32933,447,756,10,409,409,1,0,0,0.000000,inf,inf,56,0.456072,0,0.340647,inf,0,0.010738,0.002197,0.012942,0.546156
322.236147,1786670553.612882,1769605599.257756,1769605599.357900,map_start,map,map_start,,,0.000000,0.000000,2124,0,10281,32985,445,755,9,409,409,3,0,0,0.000000,inf,inf,57,0.469793,0,0.339124,inf,0,0.010413,0.002214,0.012636,0.530674
323.068923,1786670554.026261,1769605599.657781,1769605599.757866,map_start,map,map_start,,,0.000000,0.000000,2174,0,10316,33063,449,757,10,408,408,3,0,0,0.000000,inf,inf,58,0.462460,0,0.337627,inf,0,0.010831,0.002316,0.013156,0.515357
323.899465,1786670554.444439,1769605600.057757,1769605600.057757,map_start,map,map_start,,,0.000000,0.000000,2199,0,10332,33115,450,756,9,414,414,4,0,0,0.000000,inf,inf,60,0.477893,0,0.343506,inf,0,0.010310,0.002281,0.012600,0.552151
324.689114,1786670554.838178,1769605600.357723,1769605600.457728,map_start,map,map_start,,,0.000000,0.000000,2255,0,10353,33179,456,771,8,424,424,4,0,0,0.000000,inf,inf,61,0.477893,0,0.527393,inf,0,0.010579,0.002237,0.012824,0.574402
325.480558,1786670555.235734,1769605600.757761,1769605600.857717,map_start,map,map_start,,,0.000000,0.000000,2294,0,10379,33233,450,759,8,418,418,4,0,0,0.000000,inf,inf,47,0.481119,0,0.358920,inf,0,0.010709,0.002353,0.013072,0.568642
326.303036,1786670555.644369,1769605601.157775,1769605601.157775,map_start,map,map_start,,,0.000000,0.000000,2312,0,10387,33287,449,759,9,415,415,1,0,0,0.000000,inf,inf,42,0.480762,0,0.481551,inf,0,0.010433,0.002311,0.012753,0.561623
327.093663,1786670556.042142,1769605601.457807,1769605601.557799,map_start,map,map_start,,,0.000000,0.000000,2373,0,10405,33318,448,746,9,415,1,0,0,0,0.000000,inf,inf,44,0.480444,0,0.221685,inf,0,0.011048,0.002319,0.013375,0.580594
327.931328,1786670556.461753,1769605601.857887,1769605601.857887,map_start,map,map_start,,,0.000000,0.000000,2456,0,10421,33378,447,750,9,414,1,0,0,0,0.000000,inf,inf,48,0.482811,0,0.223216,inf,0,0.012656,0.002336,0.015005,0.605145
328.713951,1786670556.850794,1769605602.157790,1769605602.257776,map_start,map,map_start,,,0.000000,0.000000,2521,0,10432,33418,453,764,9,421,1,0,0,0,0.000000,inf,inf,50,0.486849,0,0.223908,inf,0,0.010542,0.002408,0.012959,0.605145
329.516104,1786670557.254222,1769605602.557771,1769605602.657777,map_start,map,map_start,,,0.000000,0.000000,2577,0,10464,33448,454,761,10,419,1,0,0,0,0.000000,inf,inf,48,0.491453,0,0.225302,inf,0,0.010283,0.002404,0.012694,0.589714
330.367352,1786670557.677039,1769605602.957683,1769605602.957683,map_start,map,map_start,,,0.000000,0.000000,2673,0,10484,33476,453,755,11,415,1,0,0,0,0.000000,inf,inf,47,0.477047,0,0.223106,inf,0,0.010746,0.002456,0.013211,0.593298
331.165370,1786670558.074424,1769605603.257856,1769605603.357682,map_start,map,map_start,,,0.000000,0.000000,2786,0,10504,33492,452,746,11,413,1,0,0,0,0.000000,inf,inf,51,0.483506,0,0.226301,inf,0,0.010031,0.002485,0.012525,0.640681
331.964686,1786670558.476810,1769605603.657788,1769605603.757722,map_start,map,map_start,,,0.000000,0.000000,2844,0,10512,33516,447,746,9,416,1,0,0,0,0.000000,inf,inf,50,0.483506,0,0.541696,inf,0,0.010209,0.002400,0.012617,0.645561
332.751994,1786670558.869708,1769605603.957668,1769605604.057723,map_start,map,map_start,,,0.000000,0.000000,2912,0,10510,33524,442,758,7,414,414,2,0,0,0.000000,inf,inf,64,0.480937,0,0.660721,inf,0,0.010525,0.002464,0.012998,0.645561
333.545803,1786670559.267230,1769605604.357741,1769605604.457745,map_start,map,map_start,,,0.000000,0.000000,3012,0,10532,33540,441,755,7,413,413,16,0,0,0.000000,inf,inf,62,0.483506,0,0.475187,inf,0,0.010227,0.002440,0.012678,0.627112
334.321003,1786670559.656209,1769605604.657696,1769605604.757854,map_start,map,map_start,,,0.000000,0.000000,3037,0,10520,33558,440,751,7,412,412,9,0,0,0.000000,inf,inf,58,0.474614,0,0.324407,inf,0,0.010281,0.002458,0.012747,0.625529
335.133047,1786670560.058936,1769605605.057757,1769605605.157701,map_start,map,map_start,,,0.000000,0.000000,3084,0,10529,33560,436,734,8,407,1,0,0,0,0.000000,inf,inf,47,0.478320,0,0.252311,inf,0,0.011264,0.002555,0.013828,0.595365
335.936455,1786670560.462556,1769605605.457839,1769605605.457839,map_start,map,map_start,,,0.000000,0.000000,3081,0,10535,33562,435,731,9,401,1,0,0,0,0.000000,inf,inf,48,0.477636,0,0.250446,inf,0,0.010152,0.002454,0.012617,0.609945
336.729643,1786670560.860745,1769605605.757687,1769605605.857714,map_start,map,map_start,,,0.000000,0.000000,3099,0,10523,33563,433,727,9,399,1,0,0,0,0.000000,inf,inf,45,0.472151,0,0.513981,inf,0,0.011007,0.002477,0.013492,0.617597
337.545955,1786670561.269484,1769605606.157831,1769605606.157831,map_start,map,map_start,,,0.000000,0.000000,3149,0,10523,33563,435,739,9,400,400,1,0,0,0.000000,inf,inf,59,0.463593,0,0.646442,inf,0,0.010439,0.002456,0.012904,0.602873
338.317871,1786670561.652372,1769605606.457833,1769605606.557822,map_start,map,map_start,,,0.000000,0.000000,3177,0,10535,33571,438,745,9,402,402,15,0,0,0.000000,inf,inf,57,0.471126,0,0.645459,inf,0,0.010935,0.002483,0.013428,0.622285
339.127999,1786670562.059819,1769605606.857803,1769605606.957767,map_start,map,map_start,,,0.000000,0.000000,3202,0,10520,33572,441,750,8,411,411,17,0,0,0.000000,inf,inf,59,0.472605,0,0.646781,inf,0,0.010263,0.002435,0.012707,0.597071
339.984551,1786670562.487136,1769605607.257840,1769605607.257840,map_start,map,map_start,,,0.000000,0.000000,3244,0,10549,33573,444,757,7,416,416,17,0,0,0.000000,inf,inf,55,0.461213,0,0.624457,inf,0,0.010507,0.002446,0.012961,0.664087
340.786597,1786670562.885139,1769605607.557878,1769605607.657684,map_start,map,map_start,,,0.000000,0.000000,3303,0,10547,33581,455,774,6,429,429,17,0,0,0.000000,inf,inf,68,0.474638,0,0.615293,inf,0,0.010489,0.002484,0.012983,0.664087
341.546167,1786670563.268463,1769605607.857772,1769605607.957710,map_start,map,map_start,,,0.000000,0.000000,3310,0,10568,33589,454,765,7,426,426,17,0,0,0.000000,inf,inf,66,0.466154,0,0.629189,inf,0,0.010566,0.002465,0.013040,0.661567
342.368613,1786670563.677159,1769605608.257905,1769605608.357856,map_start,map,map_start,,,0.000000,0.000000,2584,0,10577,36173,451,754,7,423,423,13,0,0,0.000000,inf,inf,54,0.459119,0,0.624372,inf,0,0.010456,0.002489,0.012952,0.623795
343.133977,1786670564.059923,1769605608.657710,1769605608.657710,map_start,map,map_start,,,0.000000,0.000000,3255,0,10593,38473,450,753,7,422,422,12,0,0,0.000000,inf,inf,52,0.472863,0,0.621644,inf,0,0.010418,0.002541,0.012967,0.650020
343.916672,1786670564.452686,1769605608.957715,1769605609.057821,map_start,map,map_start,,,0.000000,0.000000,3284,0,10621,38562,451,757,7,423,423,10,0,0,0.000000,inf,inf,52,0.474983,0,0.450000,inf,0,0.010897,0.002437,0.013342,0.609153
344.754486,1786670564.870720,1769605609.257717,1769605609.357964,map_start,map,map_start,,,0.000000,0.000000,3309,0,10627,38585,453,761,8,424,1,0,0,0,0.000000,inf,inf,45,0.479169,0,0.224965,inf,0,0.010507,0.002504,0.013019,0.595242
345.566053,1786670565.274733,1769605609.657781,1769605609.757903,map_start,map,map_start,,,0.000000,0.000000,3301,0,10641,38589,450,741,9,419,1,0,0,0,0.000000,inf,inf,39,0.502608,0,0.428947,inf,0,0.011813,0.002508,0.014332,0.627764
346.342756,1786670565.666004,1769605610.057779,1769605610.157714,map_start,map,map_start,,,0.000000,0.000000,3272,0,10629,38597,452,754,8,422,422,1,0,0,0.000000,inf,inf,43,0.464860,0,0.436029,inf,0,0.011216,0.002566,0.013792,0.644633
347.122842,1786670566.055330,1769605610.357871,1769605610.457870,map_start,map,map_start,,,0.000000,0.000000,3297,0,10652,38633,451,742,8,421,421,2,0,0,0.000000,inf,inf,42,0.475727,0,0.406565,inf,0,0.011086,0.002545,0.013660,0.622288
347.968654,1786670566.478325,1769605610.757719,1769605610.857862,map_start,map,map_start,,,0.000000,0.000000,3297,0,10657,38633,467,767,8,437,437,2,0,0,0.000000,inf,inf,42,0.481767,0,0.395760,inf,0,0.010982,0.002721,0.013712,0.600413
348.763736,1786670566.876887,1769605611.157694,1769605611.157694,map_start,map,map_start,,,0.000000,0.000000,3245,0,10702,38641,465,764,9,425,1,0,0,0,0.000000,inf,inf,43,0.495014,0,0.214859,inf,0,0.011136,0.002531,0.013676,0.646861
349.559956,1786670567.275708,1769605611.457837,1769605611.557917,map_start,map,map_start,,,0.000000,0.000000,3318,0,10728,38645,463,759,10,418,1,0,0,0,0.000000,inf,inf,44,0.495014,0,0.262519,inf,0,0.011264,0.002517,0.013791,0.647242
350.388255,1786670567.689118,1769605611.857691,1769605611.957895,map_start,map,map_start,,,0.000000,0.000000,3289,0,10794,38645,473,763,9,434,1,0,0,0,0.000000,inf,inf,43,0.494232,0,0.286328,inf,0,0.011194,0.002613,0.013818,0.635159
351.200482,1786670568.093906,1769605612.257859,1769605612.257859,map_start,map,map_start,,,0.000000,0.000000,3286,0,10893,38661,476,767,9,437,1,0,0,0,0.000000,inf,inf,47,0.479898,0,0.259125,inf,0,0.011642,0.002717,0.014367,0.665266
352.002116,1786670568.497616,1769605612.557770,1769605612.657787,map_start,map,map_start,,,0.000000,0.000000,3273,0,10887,38665,463,744,9,424,1,0,0,0,0.000000,inf,inf,37,0.472360,0,0.255864,inf,0,0.011326,0.002546,0.013880,0.680519
352.763618,1786670568.875246,1769605612.957879,1769605612.957879,map_start,map,map_start,,,0.000000,0.000000,3305,0,10880,38689,462,734,10,421,1,0,0,0,0.000000,inf,inf,35,0.465560,0,0.257958,inf,0,0.011458,0.002612,0.014077,0.684391
353.559702,1786670569.272735,1769605613.257645,1769605613.357855,map_start,map,map_start,,,0.000000,0.000000,3312,0,10875,38704,459,731,10,418,1,0,0,0,0.000000,inf,inf,36,0.473143,0,0.260437,inf,0,0.011497,0.002551,0.014055,0.638075
354.363497,1786670569.675917,1769605613.657675,1769605613.657675,map_start,map,map_start,,,0.000000,0.000000,3322,0,10868,38722,458,729,10,417,1,0,0,0,0.000000,inf,inf,34,0.485868,0,0.261956,inf,0,0.012143,0.002533,0.014685,0.636524
355.155219,1786670570.069351,1769605613.957702,1769605614.057902,map_start,map,map_start,,,0.000000,0.000000,3331,0,10858,38731,457,728,8,428,1,0,0,0,0.000000,inf,inf,32,0.480317,0,0.262758,inf,0,0.011504,0.002587,0.014099,0.636524
355.971569,1786670570.478153,1769605614.357893,1769605614.457723,map_start,map,map_start,,,0.000000,0.000000,3342,0,10859,38731,457,727,8,428,1,0,0,0,0.000000,inf,inf,32,0.474124,0,0.264413,inf,0,0.011208,0.002455,0.013673,0.631060
356.747554,1786670570.865814,1769605614.657983,1769605614.757733,map_start,map,map_start,,,0.000000,0.000000,3328,0,10847,38735,457,725,8,428,1,0,0,0,0.000000,inf,inf,32,0.474490,0,0.262724,inf,0,0.012722,0.002538,0.015268,0.652018
357.591369,1786670571.289597,1769605615.057758,1769605615.157707,map_start,map,map_start,,,0.000000,0.000000,3322,0,10849,38735,457,724,8,428,1,0,0,0,0.000000,inf,inf,29,0.489526,0,0.266646,inf,0,0.011670,0.002584,0.014262,0.629836
358.367706,1786670571.677714,1769605615.457837,1769605615.457837,map_start,map,map_start,,,0.000000,0.000000,3276,0,10834,38743,454,717,9,421,1,0,0,0,0.000000,inf,inf,28,0.483158,0,0.269193,inf,0,0.011404,0.002533,0.013946,0.668257
359.182459,1786670572.085601,1769605615.757832,1769605615.857786,map_start,map,map_start,,,0.000000,0.000000,3272,0,10829,38743,456,718,9,423,1,0,0,0,0.000000,inf,inf,29,0.488271,0,0.267309,inf,0,0.011501,0.002628,0.014137,0.647446
359.987212,1786670572.488093,1769605616.157734,1769605616.157734,map_start,map,map_start,,,0.000000,0.000000,3235,0,10814,38743,454,725,9,421,1,0,0,0,0.000000,inf,inf,29,0.488271,0,0.269329,inf,0,0.010876,0.002485,0.013370,0.656071
360.798302,1786670572.891378,1769605616.457868,1769605616.557812,map_start,map,map_start,,,0.000000,0.000000,3222,0,10811,38743,455,725,9,421,1,0,0,0,0.000000,inf,inf,29,0.488271,0,0.272467,inf,0,0.011551,0.002609,0.014169,0.665511
361.593296,1786670573.290551,1769605616.857725,1769605616.958091,map_start,map,map_start,,,0.000000,0.000000,3189,0,10797,38752,451,722,8,419,1,0,0,0,0.000000,inf,inf,28,0.490578,0,0.271549,inf,0,0.011484,0.002526,0.014024,0.672425
362.368646,1786670573.678705,1769605617.157911,1769605617.257720,map_start,map,map_start,,,0.000000,0.000000,3141,0,10776,38752,450,726,8,419,1,0,0,0,0.000000,inf,inf,27,0.486827,0,0.266996,inf,0,0.010965,0.002487,0.013460,0.670335
363.151126,1786670574.071193,1769605617.557662,1769605617.657737,map_start,map,map_start,,,0.000000,0.000000,3144,0,10769,38752,450,726,7,423,1,0,0,0,0.000000,inf,inf,27,0.487052,0,0.267692,inf,0,0.012764,0.002485,0.015258,0.646640
363.971589,1786670574.479770,1769605617.957795,1769605617.957795,map_start,map,map_start,,,0.000000,0.000000,3124,0,10764,38752,450,725,7,423,1,0,0,0,0.000000,inf,inf,27,0.490912,0,0.269044,inf,0,0.011281,0.002487,0.013777,0.633339
364.750718,1786670574.868369,1769605618.257762,1769605618.357757,map_start,map,map_start,,,0.000000,0.000000,3124,0,10770,38752,450,726,7,423,1,0,0,0,0.000000,inf,inf,27,0.493109,0,0.271293,inf,0,0.011149,0.002502,0.013661,0.648446
365.563981,1786670575.276780,1769605618.557863,1769605618.657851,map_start,map,map_start,,,0.000000,0.000000,3104,0,10759,38752,452,728,7,425,1,0,0,0,0.000000,inf,inf,29,0.492202,0,0.271724,inf,0,0.011444,0.002508,0.013962,0.631256
366.389519,1786670575.690144,1769605618.957717,1769605619.057728,map_start,map,map_start,,,0.000000,0.000000,3093,0,10762,38752,456,733,7,429,1,0,0,0,0.000000,inf,inf,32,0.484150,0,0.269398,inf,0,0.011458,0.002509,0.013976,0.645886
367.164441,1786670576.078672,1769605619.357685,1769605619.357685,map_start,map,map_start,,,0.000000,0.000000,3098,0,10764,38752,456,732,7,429,1,0,0,0,0.000000,inf,inf,32,0.486709,0,0.266352,inf,0,0.011228,0.002487,0.013726,0.665407
367.967323,1786670576.476598,1769605619.657711,1769605619.757711,map_start,map,map_start,,,0.000000,0.000000,3068,0,10752,38752,456,733,7,429,1,0,0,0,0.000000,inf,inf,32,0.487497,0,0.265816,inf,0,0.011162,0.002466,0.013636,0.642779
368.779271,1786670576.808745,1769605620.057702,1769605620.057702,map_start,map,map_start,,,0.000000,0.000000,3070,0,10752,38752,456,732,7,429,1,0,0,0,0.000000,inf,inf,32,0.493819,0,0.267417,inf,0,0.011278,0.002576,0.013864,0.649925
